<?xml version="1.0" encoding="UTF-8"?>

<!-- generated on 2023-07-11 13:17:57 by Eclipse SUMO netconvert Version 1.17.0
<configuration xmlns:xsi="http://www.w3.org/2001/XMLSchema-instance" xsi:noNamespaceSchemaLocation="http://sumo.dlr.de/xsd/netconvertConfiguration.xsd">

    <input>
        <sumo-net-file value="osm.net.xml.gz"/>
    </input>

    <output>
        <output-file value="osm.net.xml"/>
        <output.street-names value="true"/>
    </output>

    <processing>
        <geometry.min-radius.fix.railways value="false"/>
        <geometry.max-grade.fix value="false"/>
        <offset.disable-normalization value="true"/>
        <lefthand value="0"/>
    </processing>

    <junctions>
        <no-turnarounds value="true"/>
        <junctions.corner-detail value="5"/>
        <junctions.limit-turn-speed value="5.50"/>
        <rectangular-lane-cut value="0"/>
    </junctions>

    <pedestrian>
        <walkingareas value="0"/>
    </pedestrian>

</configuration>
-->

<net version="1.16" junctionCornerDetail="5" limitTurnSpeed="5.50" xmlns:xsi="http://www.w3.org/2001/XMLSchema-instance" xsi:noNamespaceSchemaLocation="http://sumo.dlr.de/xsd/net_file.xsd">

    <location netOffset="-352127.36,-147017.19" convBoundary="0.00,0.00,710.82,532.00" origBoundary="103.670870,1.329748,103.677258,1.334563" projParameter="+proj=utm +zone=48 +ellps=WGS84 +datum=WGS84 +units=m +no_defs"/>

    <type id="highway.bridleway" priority="1" numLanes="1" speed="2.78" allow="pedestrian" oneway="1" width="2.00"/>
    <type id="highway.bus_guideway" priority="1" numLanes="1" speed="27.78" allow="bus" oneway="1"/>
    <type id="highway.cycleway" priority="1" numLanes="1" speed="5.56" allow="bicycle" oneway="0" width="1.00"/>
    <type id="highway.footway" priority="1" numLanes="1" speed="2.78" allow="pedestrian" oneway="1" width="2.00"/>
    <type id="highway.ford" priority="1" numLanes="1" speed="2.78" allow="army" oneway="0"/>
    <type id="highway.living_street" priority="2" numLanes="1" speed="2.78" disallow="tram rail_urban rail rail_electric rail_fast ship" oneway="0"/>
    <type id="highway.motorway" priority="14" numLanes="2" speed="39.44" allow="private emergency authority army vip passenger hov taxi bus coach delivery truck trailer motorcycle evehicle custom1 custom2" oneway="1"/>
    <type id="highway.motorway_link" priority="9" numLanes="1" speed="22.22" allow="private emergency authority army vip passenger hov taxi bus coach delivery truck trailer motorcycle evehicle custom1 custom2" oneway="1"/>
    <type id="highway.path" priority="1" numLanes="1" speed="5.56" allow="pedestrian bicycle" oneway="0" width="2.00"/>
    <type id="highway.pedestrian" priority="1" numLanes="1" speed="2.78" allow="pedestrian" oneway="1" width="2.00"/>
    <type id="highway.primary" priority="12" numLanes="2" speed="27.78" disallow="tram rail_urban rail rail_electric rail_fast ship" oneway="0"/>
    <type id="highway.primary_link" priority="7" numLanes="1" speed="22.22" disallow="tram rail_urban rail rail_electric rail_fast ship" oneway="0"/>
    <type id="highway.raceway" priority="15" numLanes="2" speed="83.33" allow="vip" oneway="0"/>
    <type id="highway.residential" priority="3" numLanes="1" speed="13.89" disallow="tram rail_urban rail rail_electric rail_fast ship" oneway="0"/>
    <type id="highway.secondary" priority="11" numLanes="1" speed="27.78" disallow="tram rail_urban rail rail_electric rail_fast ship" oneway="0"/>
    <type id="highway.secondary_link" priority="6" numLanes="1" speed="22.22" disallow="tram rail_urban rail rail_electric rail_fast ship" oneway="0"/>
    <type id="highway.service" priority="1" numLanes="1" speed="5.56" allow="pedestrian delivery bicycle" oneway="0"/>
    <type id="highway.stairs" priority="1" numLanes="1" speed="1.39" allow="pedestrian" oneway="1" width="2.00"/>
    <type id="highway.step" priority="1" numLanes="1" speed="1.39" allow="pedestrian" oneway="1" width="2.00"/>
    <type id="highway.steps" priority="1" numLanes="1" speed="1.39" allow="pedestrian" oneway="1" width="2.00"/>
    <type id="highway.tertiary" priority="10" numLanes="1" speed="22.22" disallow="tram rail_urban rail rail_electric rail_fast ship" oneway="0"/>
    <type id="highway.tertiary_link" priority="5" numLanes="1" speed="22.22" disallow="tram rail_urban rail rail_electric rail_fast ship" oneway="0"/>
    <type id="highway.track" priority="1" numLanes="1" speed="5.56" allow="pedestrian motorcycle moped bicycle" oneway="0"/>
    <type id="highway.trunk" priority="13" numLanes="2" speed="27.78" disallow="pedestrian bicycle tram rail_urban rail rail_electric rail_fast ship" oneway="0"/>
    <type id="highway.trunk_link" priority="8" numLanes="1" speed="22.22" disallow="pedestrian bicycle tram rail_urban rail rail_electric rail_fast ship" oneway="0"/>
    <type id="highway.unclassified" priority="4" numLanes="1" speed="13.89" disallow="tram rail_urban rail rail_electric rail_fast ship" oneway="0"/>
    <type id="highway.unsurfaced" priority="1" numLanes="1" speed="8.33" disallow="tram rail_urban rail rail_electric rail_fast ship" oneway="0"/>
    <type id="railway.highspeed" priority="21" numLanes="1" speed="69.44" allow="rail_fast" oneway="1"/>
    <type id="railway.light_rail" priority="19" numLanes="1" speed="27.78" allow="rail_urban" oneway="1"/>
    <type id="railway.preserved" priority="16" numLanes="1" speed="27.78" allow="rail" oneway="1"/>
    <type id="railway.rail" priority="20" numLanes="1" speed="44.44" allow="rail" oneway="1"/>
    <type id="railway.subway" priority="18" numLanes="1" speed="27.78" allow="rail_urban" oneway="1"/>
    <type id="railway.tram" priority="17" numLanes="1" speed="13.89" allow="tram" oneway="1"/>

    <edge id=":1305793612_0" function="internal">
        <lane id=":1305793612_0_0" index="0" disallow="tram rail_urban rail rail_electric rail_fast ship" speed="13.89" length="7.14" shape="510.58,95.70 508.94,96.61 508.04,97.60 507.18,98.67 505.66,99.83"/>
        <lane id=":1305793612_0_1" index="1" disallow="tram rail_urban rail rail_electric rail_fast ship" speed="13.89" length="7.14" shape="509.42,92.72 507.65,93.68 506.66,94.71 505.71,95.83 504.06,97.06"/>
        <lane id=":1305793612_0_2" index="2" disallow="tram rail_urban rail rail_electric rail_fast ship" speed="13.89" length="7.14" shape="508.26,89.74 506.36,90.75 505.27,91.82 504.23,92.99 502.47,94.28"/>
        <lane id=":1305793612_0_3" index="3" disallow="tram rail_urban rail rail_electric rail_fast ship" speed="13.89" length="7.14" shape="508.26,89.74 506.07,90.33 504.47,90.43 502.91,90.63 500.87,91.51"/>
    </edge>
    <edge id=":1305819196_0" function="internal">
        <lane id=":1305819196_0_0" index="0" allow="private emergency authority army vip passenger hov taxi bus coach delivery truck trailer motorcycle evehicle custom1 custom2" speed="13.89" length="42.53" shape="373.06,141.33 380.94,145.12 390.80,148.95 401.80,152.06 413.14,153.71"/>
        <lane id=":1305819196_0_1" index="1" allow="private emergency authority army vip passenger hov taxi bus coach delivery truck trailer motorcycle evehicle custom1 custom2" speed="13.89" length="42.53" shape="371.56,144.16 379.50,147.99 389.48,151.93 400.61,155.15 412.01,156.85"/>
        <lane id=":1305819196_0_2" index="2" allow="private emergency authority army vip passenger hov taxi bus coach delivery truck trailer motorcycle evehicle custom1 custom2" speed="13.89" length="42.53" shape="371.56,144.16 379.32,148.48 388.92,153.50 399.66,157.80 410.88,159.99"/>
    </edge>
    <edge id=":1305819196_3" function="internal">
        <lane id=":1305819196_3_0" index="0" allow="private emergency authority army vip passenger hov taxi bus coach delivery truck trailer motorcycle evehicle custom1 custom2" speed="13.89" length="42.59" shape="371.56,144.16 380.53,148.96 391.96,155.18 402.46,161.11 408.67,165.03"/>
    </edge>
    <edge id=":1305819200_0" function="internal">
        <lane id=":1305819200_0_0" index="0" allow="private emergency authority army vip passenger hov taxi bus coach delivery truck trailer motorcycle evehicle custom1 custom2" speed="13.89" length="9.28" shape="409.61,71.35 407.23,69.93 405.62,68.90 403.92,68.10 401.28,67.42"/>
    </edge>
    <edge id=":1305819200_1" function="internal">
        <lane id=":1305819200_1_0" index="0" allow="private emergency authority army vip passenger hov taxi bus coach delivery truck trailer motorcycle evehicle custom1 custom2" speed="13.89" length="9.75" shape="410.86,67.99 408.14,67.10 406.39,66.09 404.65,65.11 401.91,64.28"/>
    </edge>
    <edge id=":246182072_0" function="internal">
        <lane id=":246182072_0_0" index="0" disallow="tram rail_urban rail rail_electric rail_fast ship" speed="16.66" length="23.22" shape="556.38,78.94 549.86,80.12 545.55,81.57 541.36,83.50 535.21,86.12"/>
        <lane id=":246182072_0_1" index="1" disallow="tram rail_urban rail rail_electric rail_fast ship" speed="16.66" length="23.22" shape="555.95,75.77 549.21,76.98 544.74,78.46 540.41,80.44 534.05,83.14"/>
        <lane id=":246182072_0_2" index="2" disallow="tram rail_urban rail rail_electric rail_fast ship" speed="16.66" length="23.22" shape="555.52,72.60 548.56,73.84 543.94,75.35 539.45,77.37 532.89,80.15"/>
    </edge>
    <edge id=":246182072_3" function="internal">
        <lane id=":246182072_3_0" index="0" allow="private emergency authority army vip passenger hov taxi bus coach delivery truck trailer motorcycle evehicle custom1 custom2" speed="16.66" length="25.82" shape="555.52,72.60 546.82,73.78 539.77,74.69 534.18,75.23 529.87,75.30"/>
    </edge>
    <edge id=":5220541410_0" function="internal">
        <lane id=":5220541410_0_0" index="0" allow="private emergency authority army vip passenger hov taxi bus coach delivery truck trailer motorcycle evehicle custom1 custom2" speed="13.89" length="8.13" shape="383.83,135.69 381.73,134.58 380.10,134.17 378.46,133.80 376.30,132.79"/>
    </edge>
    <edge id=":5256361050_0" function="internal">
        <lane id=":5256361050_0_0" index="0" allow="pedestrian delivery bicycle" speed="5.56" length="9.71" shape="378.34,190.25 370.24,195.61"/>
    </edge>
    <edge id=":5256361050_1" function="internal">
        <lane id=":5256361050_1_0" index="0" allow="pedestrian delivery bicycle" speed="5.56" length="10.33" shape="378.34,190.25 375.81,191.55 373.49,191.71 371.39,190.72 369.51,188.59"/>
    </edge>
    <edge id=":5256361050_2" function="internal">
        <lane id=":5256361050_2_0" index="0" allow="pedestrian delivery bicycle" speed="5.00" length="5.04" shape="372.18,186.83 373.10,187.87 374.13,188.35 375.26,188.28 376.49,187.64"/>
    </edge>
    <edge id=":5256361050_3" function="internal">
        <lane id=":5256361050_3_0" index="0" allow="pedestrian delivery bicycle" speed="5.56" length="10.32" shape="372.18,186.83 373.39,189.40 373.47,191.72 372.42,193.79 370.24,195.61"/>
    </edge>
    <edge id=":5256361050_4" function="internal">
        <lane id=":5256361050_4_0" index="0" allow="pedestrian delivery bicycle" speed="5.01" length="5.05" shape="368.56,192.88 369.63,192.00 370.14,190.99 370.10,189.85 369.51,188.59"/>
    </edge>
    <edge id=":5256361050_5" function="internal">
        <lane id=":5256361050_5_0" index="0" allow="pedestrian delivery bicycle" speed="5.56" length="9.50" shape="368.56,192.88 376.49,187.64"/>
    </edge>
    <edge id=":5256361050_6" function="internal">
        <lane id=":5256361050_6_0" index="0" allow="pedestrian delivery bicycle" speed="3.65" length="4.67" shape="368.56,192.88 370.01,192.94 370.77,193.41 370.84,194.30 370.24,195.61"/>
    </edge>
    <edge id=":5256361053_0" function="internal">
        <lane id=":5256361053_0_0" index="0" allow="pedestrian delivery bicycle" speed="5.56" length="7.85" shape="349.79,163.82 349.59,161.09 349.15,158.97 348.45,157.47 347.50,156.59"/>
    </edge>
    <edge id=":5256361053_1" function="internal">
        <lane id=":5256361053_1_0" index="0" allow="pedestrian delivery bicycle" speed="5.56" length="13.35" shape="349.79,163.82 350.22,159.84 351.76,157.65 354.40,157.27 358.15,158.68"/>
    </edge>
    <edge id=":5256361053_2" function="internal">
        <lane id=":5256361053_2_0" index="0" allow="pedestrian delivery bicycle" speed="4.68" length="5.82" shape="356.63,161.50 355.00,160.88 353.85,161.05 353.18,162.00 352.99,163.74"/>
    </edge>
    <edge id=":5256361053_3" function="internal">
        <lane id=":5256361053_3_0" index="0" allow="pedestrian delivery bicycle" speed="5.56" length="10.37" shape="356.63,161.50 347.50,156.59"/>
    </edge>
    <edge id=":5256361053_4" function="internal">
        <lane id=":5256361053_4_0" index="0" allow="pedestrian delivery bicycle" speed="5.56" length="10.37" shape="349.02,153.77 358.15,158.68"/>
    </edge>
    <edge id=":5256361053_5" function="internal">
        <lane id=":5256361053_5_0" index="0" allow="pedestrian delivery bicycle" speed="5.56" length="11.19" shape="349.02,153.77 350.68,155.15 351.90,157.28 352.67,160.14 352.99,163.74"/>
    </edge>
    <edge id=":5256361054_0" function="internal">
        <lane id=":5256361054_0_0" index="0" allow="pedestrian delivery bicycle" speed="5.56" length="6.59" shape="391.01,184.34 389.83,183.84 388.42,183.87 386.79,184.45 384.94,185.57"/>
    </edge>
    <edge id=":5256361054_1" function="internal">
        <lane id=":5256361054_1_0" index="0" allow="pedestrian delivery bicycle" speed="5.56" length="9.76" shape="391.01,184.34 383.11,178.62"/>
    </edge>
    <edge id=":5256361054_2" function="internal">
        <lane id=":5256361054_2_0" index="0" allow="pedestrian delivery bicycle" speed="5.56" length="9.76" shape="384.99,176.02 392.89,181.75"/>
    </edge>
    <edge id=":5256361054_3" function="internal">
        <lane id=":5256361054_3_0" index="0" allow="pedestrian delivery bicycle" speed="5.56" length="11.97" shape="384.99,176.02 387.48,178.43 388.30,180.82 387.45,183.20 384.94,185.57"/>
    </edge>
    <edge id=":5256361054_4" function="internal">
        <lane id=":5256361054_4_0" index="0" allow="pedestrian delivery bicycle" speed="4.77" length="5.45" shape="383.09,182.96 384.23,181.88 384.62,180.80 384.24,179.71 383.11,178.62"/>
    </edge>
    <edge id=":5256361054_5" function="internal">
        <lane id=":5256361054_5_0" index="0" allow="pedestrian delivery bicycle" speed="5.56" length="10.58" shape="383.09,182.96 385.88,181.35 388.44,180.60 390.78,180.74 392.89,181.75"/>
    </edge>
    <edge id=":5256361055_0" function="internal">
        <lane id=":5256361055_0_0" index="0" allow="pedestrian delivery bicycle" speed="3.65" length="4.67" shape="348.26,209.14 346.82,209.09 346.06,208.62 345.98,207.73 346.58,206.42"/>
    </edge>
    <edge id=":567854412_0" function="internal">
        <lane id=":567854412_0_0" index="0" allow="private emergency authority army vip passenger hov taxi bus coach delivery truck trailer motorcycle evehicle custom1 custom2" speed="13.89" length="12.26" shape="531.72,180.36 530.41,177.08 528.87,175.16 526.88,173.49 524.24,170.96"/>
        <lane id=":567854412_0_1" index="1" allow="private emergency authority army vip passenger hov taxi bus coach delivery truck trailer motorcycle evehicle custom1 custom2" speed="13.89" length="12.87" shape="531.72,180.36 530.77,176.65 530.10,174.05 528.95,171.72 526.60,168.80"/>
    </edge>
    <edge id=":567854412_2" function="internal">
        <lane id=":567854412_2_0" index="0" allow="private emergency authority army vip passenger hov taxi bus coach delivery truck trailer motorcycle evehicle custom1 custom2" speed="13.89" length="12.94" shape="531.72,180.36 530.78,176.56 530.48,173.88 530.44,171.16 530.28,167.22"/>
        <lane id=":567854412_2_1" index="1" allow="private emergency authority army vip passenger hov taxi bus coach delivery truck trailer motorcycle evehicle custom1 custom2" speed="13.89" length="12.94" shape="534.79,179.47 533.91,175.86 533.64,173.32 533.62,170.73 533.47,166.99"/>
    </edge>
    <edge id=":567854429_0" function="internal">
        <lane id=":567854429_0_0" index="0" allow="private emergency authority army vip passenger hov taxi bus coach delivery truck trailer motorcycle evehicle custom1 custom2" speed="13.89" length="8.21" shape="364.47,56.82 362.07,56.60 360.39,56.83 358.71,57.05 356.31,56.83"/>
    </edge>
    <edge id=":567854604_0" function="internal">
        <lane id=":567854604_0_0" index="0" allow="private emergency authority army vip passenger hov taxi bus coach delivery truck trailer motorcycle evehicle custom1 custom2" speed="13.89" length="20.01" shape="440.99,183.29 442.59,189.74 443.99,194.83 445.52,198.84 447.51,202.07"/>
    </edge>
    <edge id=":567854604_1" function="internal">
        <lane id=":567854604_1_0" index="0" allow="private emergency authority army vip passenger hov taxi bus coach delivery truck trailer motorcycle evehicle custom1 custom2" speed="13.89" length="20.95" shape="433.33,186.66 436.61,190.00 440.59,194.21 444.49,198.50 447.51,202.07"/>
    </edge>
    <edge id=":cluster_567854502_567854634_6103630915_0" function="internal">
        <lane id=":cluster_567854502_567854634_6103630915_0_0" index="0" allow="private emergency authority army vip passenger hov taxi bus coach delivery truck trailer motorcycle evehicle custom1 custom2" speed="13.89" length="61.60" shape="481.65,134.06 467.31,129.72 455.39,133.01 445.90,143.90 438.84,162.41"/>
    </edge>
    <edge id=":cluster_567854502_567854634_6103630915_1" function="internal">
        <lane id=":cluster_567854502_567854634_6103630915_1_0" index="0" allow="private emergency authority army vip passenger hov taxi bus coach delivery truck trailer motorcycle evehicle custom1 custom2" speed="13.89" length="56.59" shape="481.65,134.06 473.66,132.21 461.91,133.07 446.42,136.64 427.16,142.92"/>
        <lane id=":cluster_567854502_567854634_6103630915_1_1" index="1" allow="private emergency authority army vip passenger hov taxi bus coach delivery truck trailer motorcycle evehicle custom1 custom2" speed="13.89" length="56.59" shape="482.24,130.85 470.88,130.26 454.30,132.72 437.69,136.49 426.30,139.83"/>
    </edge>
    <edge id=":cluster_567854502_567854634_6103630915_3" function="internal">
        <lane id=":cluster_567854502_567854634_6103630915_3_0" index="0" allow="private emergency authority army vip passenger hov taxi bus coach delivery truck trailer motorcycle evehicle custom1 custom2" speed="13.89" length="41.86" shape="482.24,130.85 465.20,124.70 452.90,121.17 445.33,120.28 442.50,122.01"/>
    </edge>
    <edge id=":cluster_567854502_567854634_6103630915_4" function="internal">
        <lane id=":cluster_567854502_567854634_6103630915_4_0" index="0" allow="private emergency authority army vip passenger hov taxi bus coach delivery truck trailer motorcycle evehicle custom1 custom2" speed="13.89" length="61.14" shape="475.56,117.19 460.62,127.14 449.01,137.86 440.72,149.35 435.75,161.60"/>
    </edge>
    <edge id=":cluster_567854502_567854634_6103630915_5" function="internal">
        <lane id=":cluster_567854502_567854634_6103630915_5_0" index="0" allow="private emergency authority army vip passenger hov taxi bus coach delivery truck trailer motorcycle evehicle custom1 custom2" speed="13.89" length="53.84" shape="473.61,114.62 460.37,122.78 447.42,131.24 435.95,138.47 427.16,142.92"/>
        <lane id=":cluster_567854502_567854634_6103630915_5_1" index="1" allow="private emergency authority army vip passenger hov taxi bus coach delivery truck trailer motorcycle evehicle custom1 custom2" speed="13.89" length="53.84" shape="471.66,112.05 458.59,120.12 446.01,128.41 434.92,135.46 426.30,139.83"/>
    </edge>
    <edge id=":cluster_567854502_567854634_6103630915_7" function="internal">
        <lane id=":cluster_567854502_567854634_6103630915_7_0" index="0" disallow="tram rail_urban rail rail_electric rail_fast ship" speed="7.62" length="13.98" shape="469.72,109.47 478.33,108.95 483.13,111.32"/>
    </edge>
    <edge id=":cluster_567854502_567854634_6103630915_12" function="internal">
        <lane id=":cluster_567854502_567854634_6103630915_12_0" index="0" disallow="tram rail_urban rail rail_electric rail_fast ship" speed="7.62" length="13.98" shape="483.13,111.32 484.11,116.58 481.28,124.74"/>
    </edge>
    <edge id=":cluster_567854502_567854634_6103630915_8" function="internal">
        <lane id=":cluster_567854502_567854634_6103630915_8_0" index="0" allow="private emergency authority army vip passenger hov taxi bus coach delivery truck trailer motorcycle evehicle custom1 custom2" speed="13.89" length="32.93" shape="429.41,150.92 433.64,148.15 437.23,142.41 440.19,133.70 442.50,122.01"/>
    </edge>
    <edge id=":cluster_567854502_567854634_6103630915_9" function="internal">
        <lane id=":cluster_567854502_567854634_6103630915_9_0" index="0" allow="private emergency authority army vip passenger hov taxi bus coach delivery truck trailer motorcycle evehicle custom1 custom2" speed="13.89" length="58.33" shape="429.41,150.92 442.10,145.43 456.57,136.94 469.95,128.26 479.34,122.17"/>
        <lane id=":cluster_567854502_567854634_6103630915_9_1" index="1" allow="private emergency authority army vip passenger hov taxi bus coach delivery truck trailer motorcycle evehicle custom1 custom2" speed="13.89" length="58.33" shape="430.28,154.00 443.13,148.43 457.98,139.77 471.72,130.91 481.28,124.74"/>
    </edge>
    <edge id=":cluster_567854502_567854634_6103630915_11" function="internal">
        <lane id=":cluster_567854502_567854634_6103630915_11_0" index="0" allow="private emergency authority army vip passenger hov taxi bus coach delivery truck trailer motorcycle evehicle custom1 custom2" speed="7.46" length="13.08" shape="431.15,157.08 423.46,154.59 420.10,150.88"/>
    </edge>
    <edge id=":cluster_567854502_567854634_6103630915_13" function="internal">
        <lane id=":cluster_567854502_567854634_6103630915_13_0" index="0" allow="private emergency authority army vip passenger hov taxi bus coach delivery truck trailer motorcycle evehicle custom1 custom2" speed="7.46" length="13.08" shape="420.10,150.88 421.04,145.96 426.30,139.83"/>
    </edge>

    <edge id="-465528368" from="5256361054" to="4604862949" priority="1" type="highway.service" shape="388.88,180.82 411.75,197.41 444.69,229.15">
        <lane id="-465528368_0" index="0" allow="pedestrian delivery bicycle" speed="5.56" length="70.43" shape="392.89,181.75 412.78,196.18 445.80,228.00">
            <param key="origId" value="465528368"/>
        </lane>
    </edge>
    <edge id="-543749307" from="5256361050" to="5256361053" priority="1" type="highway.service" shape="373.49,191.73 360.52,172.04 351.49,167.77 351.22,156.77">
        <lane id="-543749307_0" index="0" allow="pedestrian delivery bicycle" speed="5.56" length="33.82" shape="369.51,188.59 359.43,173.29 349.91,168.79 349.79,163.82">
            <param key="origId" value="543749307"/>
        </lane>
    </edge>
    <edge id="-543749309" from="5256361050" to="5256361055" priority="1" type="highway.service">
        <lane id="-543749309_0" index="0" allow="pedestrian delivery bicycle" speed="5.56" length="25.81" shape="370.24,195.61 348.26,209.14">
            <param key="origId" value="543749309"/>
        </lane>
    </edge>
    <edge id="-646309070" from="4604862935" to="5256361053" priority="1" type="highway.service">
        <lane id="-646309070_0" index="0" allow="pedestrian delivery bicycle" speed="5.56" length="41.08" shape="312.85,134.30 349.02,153.77">
            <param key="origId" value="646309070"/>
        </lane>
    </edge>
    <edge id="-646310572" from="5256361053" to="5256361054" priority="1" type="highway.service" shape="351.22,156.77 368.61,166.13 388.88,180.82">
        <lane id="-646310572_0" index="0" allow="pedestrian delivery bicycle" speed="5.56" length="32.02" shape="358.15,158.68 369.46,164.77 384.99,176.02">
            <param key="origId" value="646310572"/>
        </lane>
    </edge>
    <edge id="-646683973" from="5256361054" to="5256361050" priority="1" type="highway.service">
        <lane id="-646683973_0" index="0" allow="pedestrian delivery bicycle" speed="5.56" length="8.09" shape="384.94,185.57 378.34,190.25">
            <param key="origId" value="646683973"/>
        </lane>
    </edge>
    <edge id="115626265#0" from="1305819196" to="cluster_567854502_567854634_6103630915" priority="9" type="highway.motorway_link" spreadType="center" shape="386.40,150.23 402.97,156.31 415.42,157.05 428.79,154.42 440.12,151.22">
        <lane id="115626265#0_0" index="0" allow="private emergency authority army vip passenger hov taxi bus coach delivery truck trailer motorcycle evehicle custom1 custom2" speed="13.89" length="18.59" shape="413.14,153.71 415.20,153.83 428.05,151.31 429.41,150.92">
            <param key="origId" value="115626265"/>
        </lane>
        <lane id="115626265#0_1" index="1" allow="private emergency authority army vip passenger hov taxi bus coach delivery truck trailer motorcycle evehicle custom1 custom2" speed="13.89" length="18.59" shape="412.01,156.85 415.42,157.05 428.79,154.42 430.28,154.00">
            <param key="origId" value="115626265"/>
        </lane>
        <lane id="115626265#0_2" index="2" allow="private emergency authority army vip passenger hov taxi bus coach delivery truck trailer motorcycle evehicle custom1 custom2" speed="13.89" length="18.59" shape="410.88,159.99 415.64,160.27 429.53,157.53 431.15,157.08">
            <param key="origId" value="115626265"/>
        </lane>
        <param key="origTo" value="567854502"/>
    </edge>
    <edge id="115626266" from="567854412" to="cluster_567854502_567854634_6103630915" name="Pan Island Expressway" priority="9" type="highway.motorway_link" spreadType="center" shape="532.63,177.76 520.20,164.18 506.06,148.75 495.10,139.28 482.38,132.62 476.43,130.33 470.59,129.28">
        <lane id="115626266_0" index="0" allow="private emergency authority army vip passenger hov taxi bus coach delivery truck trailer motorcycle evehicle custom1 custom2" speed="13.89" length="57.96" shape="524.24,170.96 519.02,165.26 504.94,149.90 494.19,140.61 481.65,134.06">
            <param key="origId" value="115626266"/>
        </lane>
        <lane id="115626266_1" index="1" allow="private emergency authority army vip passenger hov taxi bus coach delivery truck trailer motorcycle evehicle custom1 custom2" speed="13.89" length="57.96" shape="526.60,168.80 521.38,163.10 507.18,147.60 496.01,137.95 483.04,131.16 482.24,130.85">
            <param key="origId" value="115626266"/>
        </lane>
        <param key="origTo" value="567854634"/>
    </edge>
    <edge id="115626267" from="1305819196" to="567854604" priority="9" type="highway.motorway_link" spreadType="center" shape="386.40,150.23 406.80,163.54 422.89,176.35 442.41,195.63">
        <lane id="115626267_0" index="0" allow="private emergency authority army vip passenger hov taxi bus coach delivery truck trailer motorcycle evehicle custom1 custom2" speed="13.89" length="32.85" shape="408.67,165.03 422.89,176.35 433.33,186.66">
            <param key="origId" value="115626267 539512922"/>
        </lane>
    </edge>
    <edge id="115626268" from="567854604" to="567854537" priority="9" type="highway.motorway_link" spreadType="center" shape="442.41,195.63 478.21,240.83 499.46,277.42 512.15,304.89 523.81,335.82 553.90,430.84 592.99,532.00">
        <lane id="115626268_0" index="0" allow="private emergency authority army vip passenger hov taxi bus coach delivery truck trailer motorcycle evehicle custom1 custom2" speed="13.89" length="269.23" shape="447.51,202.07 478.21,240.83 499.46,277.42 512.15,304.89 523.81,335.82 553.90,430.84 559.12,444.36">
            <param key="origId" value="115626268"/>
        </lane>
    </edge>
    <edge id="44776835" from="567854429" to="567854435" priority="9" type="highway.motorway_link" spreadType="center" shape="360.23,57.61 309.24,47.44 222.70,36.03 146.81,32.80">
        <lane id="44776835_0" index="0" allow="private emergency authority army vip passenger hov taxi bus coach delivery truck trailer motorcycle evehicle custom1 custom2" speed="13.89" length="148.96" shape="356.31,56.83 309.24,47.44 222.70,36.03 209.04,35.45">
            <param key="origId" value="44776835"/>
        </lane>
    </edge>
    <edge id="465528368" from="4604862949" to="5256361054" priority="1" type="highway.service" shape="444.69,229.15 411.75,197.41 388.88,180.82">
        <lane id="465528368_0" index="0" allow="pedestrian delivery bicycle" speed="5.56" length="69.98" shape="443.58,230.30 410.72,198.64 391.01,184.34">
            <param key="origId" value="465528368"/>
        </lane>
    </edge>
    <edge id="465657482" from="567854494" to="1305819196" priority="9" type="highway.motorway_link" spreadType="center" shape="271.18,94.29 289.53,100.97 334.40,122.60 386.40,150.23">
        <lane id="465657482_0" index="0" allow="private emergency authority army vip passenger hov taxi bus coach delivery truck trailer motorcycle evehicle custom1 custom2" speed="13.89" length="112.27" shape="271.73,92.79 290.15,99.49 335.12,121.17 373.06,141.33">
            <param key="origId" value="465657482"/>
        </lane>
        <lane id="465657482_1" index="1" allow="private emergency authority army vip passenger hov taxi bus coach delivery truck trailer motorcycle evehicle custom1 custom2" speed="13.89" length="112.27" shape="270.63,95.79 288.91,102.45 333.68,124.03 371.56,144.16">
            <param key="origId" value="465657482"/>
        </lane>
    </edge>
    <edge id="479568574" from="139686650" to="567854435" name="Pan-Island Expressway" priority="14" type="highway.motorway" spreadType="center" shape="594.11,453.28 553.47,335.34 538.63,282.07 521.15,235.07 505.39,204.90 488.98,180.80 472.27,158.59 448.99,134.74 419.26,110.59 406.19,102.76 371.03,85.29 344.94,74.10 320.35,66.20 294.05,59.04 267.94,54.13 146.81,32.80">
        <lane id="479568574_0" index="0" allow="private emergency authority army vip passenger hov taxi bus coach delivery truck trailer motorcycle evehicle custom1 custom2" speed="22.22" length="616.37" shape="589.57,454.84 548.88,336.77 534.06,283.55 516.76,237.03 501.27,207.37 485.08,183.60 468.62,161.72 445.75,138.29 416.50,114.53 403.89,106.97 369.01,89.65 343.26,78.60 318.98,70.80 292.97,63.72 267.08,58.85 207.00,48.27">
            <param key="origId" value="479568574 44776843 44776840"/>
        </lane>
        <lane id="479568574_1" index="1" allow="private emergency authority army vip passenger hov taxi bus coach delivery truck trailer motorcycle evehicle custom1 custom2" speed="22.22" length="616.37" shape="592.60,453.80 551.94,335.82 537.11,282.56 519.69,235.72 504.02,205.72 487.68,181.73 471.05,159.63 447.91,135.92 418.34,111.90 405.42,104.16 370.36,86.74 344.38,75.60 319.89,67.73 293.69,60.60 267.65,55.70 207.56,45.12">
            <param key="origId" value="479568574 44776843 44776840"/>
        </lane>
        <lane id="479568574_2" index="2" allow="private emergency authority army vip passenger hov taxi bus coach delivery truck trailer motorcycle evehicle custom1 custom2" speed="22.22" length="616.37" shape="595.62,452.76 555.00,334.86 540.15,281.58 522.61,234.42 506.76,204.08 490.28,179.87 473.49,157.55 450.07,133.56 420.18,109.28 406.96,101.36 371.70,83.84 345.50,72.60 320.81,64.67 294.41,57.48 268.23,52.56 208.11,41.97">
            <param key="origId" value="479568574 44776843 44776840"/>
        </lane>
        <lane id="479568574_3" index="3" allow="private emergency authority army vip passenger hov taxi bus coach delivery truck trailer motorcycle evehicle custom1 custom2" speed="22.22" length="616.37" shape="598.65,451.72 558.06,333.91 543.20,280.59 525.54,233.11 509.51,202.43 492.88,178.00 475.92,155.46 452.23,131.19 422.02,106.65 408.49,98.55 373.05,80.93 346.62,69.60 321.72,61.60 295.13,54.36 268.80,49.41 208.67,38.82">
            <param key="origId" value="479568574 44776843 44776840"/>
        </lane>
        <param key="ref" value="PIE"/>
    </edge>
    <edge id="539512918" from="cluster_567854502_567854634_6103630915" to="246182128" name="Upper Jurong Road" priority="12" type="highway.primary" spreadType="center" shape="470.59,129.28 513.06,103.83 539.59,92.87 578.11,83.14">
        <lane id="539512918_0" index="0" disallow="tram rail_urban rail rail_electric rail_fast ship" speed="13.89" length="87.07" shape="479.34,122.17 512.34,102.40 539.09,91.35 558.77,86.38">
            <param key="origId" value="539512918"/>
        </lane>
        <lane id="539512918_1" index="1" disallow="tram rail_urban rail rail_electric rail_fast ship" speed="13.89" length="87.07" shape="481.28,124.74 513.78,105.26 540.09,94.39 559.55,89.48">
            <param key="origId" value="539512918"/>
        </lane>
        <param key="origFrom" value="567854634"/>
    </edge>
    <edge id="539512924" from="246182072" to="1305819200" priority="9" type="highway.motorway_link" spreadType="center" shape="551.42,76.38 497.61,73.69 435.27,71.69 425.41,71.23 398.24,65.18">
        <lane id="539512924_0" index="0" allow="private emergency authority army vip passenger hov taxi bus coach delivery truck trailer motorcycle evehicle custom1 custom2" speed="13.89" length="119.44" shape="529.87,75.30 497.61,73.69 435.27,71.69 425.41,71.23 410.86,67.99">
            <param key="origId" value="539512924"/>
        </lane>
    </edge>
    <edge id="539512925" from="5220541410" to="1305819179" priority="9" type="highway.motorway_link" spreadType="center" shape="379.67,134.82 369.36,128.62 326.41,108.05 297.05,95.81 283.88,91.50 279.44,91.58">
        <lane id="539512925_0" index="0" disallow="moped bicycle tram rail_urban rail rail_electric rail_fast ship" speed="13.89" length="105.82" shape="376.30,132.79 369.36,128.62 326.41,108.05 297.05,95.81 283.88,91.50 279.44,91.58">
            <param key="origId" value="539512925"/>
        </lane>
    </edge>
    <edge id="543749307" from="5256361053" to="5256361050" priority="1" type="highway.service" shape="351.22,156.77 351.49,167.77 360.52,172.04 373.49,191.73">
        <lane id="543749307_0" index="0" allow="pedestrian delivery bicycle" speed="5.56" length="31.67" shape="352.99,163.74 353.07,166.75 361.61,170.79 372.18,186.83">
            <param key="origId" value="543749307"/>
        </lane>
    </edge>
    <edge id="543749309" from="5256361055" to="5256361050" priority="1" type="highway.service">
        <lane id="543749309_0" index="0" allow="pedestrian delivery bicycle" speed="5.56" length="25.81" shape="346.58,206.42 368.56,192.88">
            <param key="origId" value="543749309"/>
        </lane>
    </edge>
    <edge id="633575697" from="5214949230" to="246182072" name="Upper Jurong Road" priority="12" type="highway.primary" spreadType="center" shape="710.82,60.44 618.88,67.24 551.42,76.38">
        <lane id="633575697_0" index="0" disallow="tram rail_urban rail rail_electric rail_fast ship" speed="19.44" length="155.70" shape="711.06,63.63 619.21,70.42 556.38,78.94">
            <param key="origId" value="633575697"/>
        </lane>
        <lane id="633575697_1" index="1" disallow="tram rail_urban rail rail_electric rail_fast ship" speed="19.44" length="155.70" shape="710.82,60.44 618.88,67.24 555.95,75.77">
            <param key="origId" value="633575697"/>
        </lane>
        <lane id="633575697_2" index="2" disallow="tram rail_urban rail rail_electric rail_fast ship" speed="19.44" length="155.70" shape="710.58,57.25 618.55,64.06 555.52,72.60">
            <param key="origId" value="633575697"/>
        </lane>
    </edge>
    <edge id="633575700#0" from="1305793612" to="cluster_567854502_567854634_6103630915" name="Upper Jurong Road" priority="12" type="highway.primary" spreadType="center" shape="506.23,93.96 463.50,118.60 440.31,136.47">
        <lane id="633575700#0_0" index="0" disallow="tram rail_urban rail rail_electric rail_fast ship" speed="13.89" length="35.35" shape="505.66,99.83 475.56,117.19">
            <param key="origId" value="633575700"/>
        </lane>
        <lane id="633575700#0_1" index="1" disallow="tram rail_urban rail rail_electric rail_fast ship" speed="13.89" length="35.35" shape="504.06,97.06 473.61,114.62">
            <param key="origId" value="633575700"/>
        </lane>
        <lane id="633575700#0_2" index="2" disallow="tram rail_urban rail rail_electric rail_fast ship" speed="13.89" length="35.35" shape="502.47,94.28 471.66,112.05">
            <param key="origId" value="633575700"/>
        </lane>
        <lane id="633575700#0_3" index="3" disallow="tram rail_urban rail rail_electric rail_fast ship" speed="13.89" length="35.35" shape="500.87,91.51 469.72,109.47">
            <param key="origId" value="633575700"/>
        </lane>
        <param key="origTo" value="6103630915"/>
    </edge>
    <edge id="633576249" from="246182072" to="1305793612" name="Upper Jurong Road" priority="12" type="highway.primary" spreadType="center">
        <lane id="633576249_0" index="0" disallow="tram rail_urban rail rail_electric rail_fast ship" speed="13.89" length="26.43" shape="535.21,86.12 510.58,95.70">
            <param key="origId" value="633576249"/>
        </lane>
        <lane id="633576249_1" index="1" disallow="tram rail_urban rail rail_electric rail_fast ship" speed="13.89" length="26.43" shape="534.05,83.14 509.42,92.72">
            <param key="origId" value="633576249"/>
        </lane>
        <lane id="633576249_2" index="2" disallow="tram rail_urban rail rail_electric rail_fast ship" speed="13.89" length="26.43" shape="532.89,80.15 508.26,89.74">
            <param key="origId" value="633576249"/>
        </lane>
    </edge>
    <edge id="635394790" from="cluster_567854502_567854634_6103630915" to="567854604" priority="9" type="highway.motorway_link" spreadType="center" shape="440.12,151.22 436.69,164.32 438.09,178.25 442.41,195.63">
        <lane id="635394790_0" index="0" allow="private emergency authority army vip passenger hov taxi bus coach delivery truck trailer motorcycle evehicle custom1 custom2" speed="13.89" length="21.99" shape="438.84,162.41 438.31,164.45 439.67,177.98 440.99,183.29">
            <param key="origId" value="635394790"/>
        </lane>
        <lane id="635394790_1" index="1" allow="private emergency authority army vip passenger hov taxi bus coach delivery truck trailer motorcycle evehicle custom1 custom2" speed="13.89" length="21.99" shape="435.75,161.60 435.07,164.19 436.51,178.52 437.89,184.06">
            <param key="origId" value="635394790"/>
        </lane>
        <param key="origFrom" value="567854502"/>
    </edge>
    <edge id="635671812" from="cluster_567854502_567854634_6103630915" to="1305819200" name="Upper Jurong Road" priority="9" type="highway.motorway_link" spreadType="center" shape="440.31,136.47 443.80,113.42 441.42,104.93 437.62,95.09 430.50,86.30 422.99,78.61 398.24,65.18">
        <lane id="635671812_0" index="0" allow="private emergency authority army vip passenger hov taxi bus coach delivery truck trailer motorcycle evehicle custom1 custom2" speed="13.89" length="65.34" shape="442.50,122.01 443.80,113.42 441.42,104.93 437.62,95.09 430.50,86.30 422.99,78.61 409.61,71.35">
            <param key="origId" value="635671812"/>
        </lane>
        <param key="origFrom" value="6103630915"/>
    </edge>
    <edge id="646309070" from="5256361053" to="4604862935" priority="1" type="highway.service">
        <lane id="646309070_0" index="0" allow="pedestrian delivery bicycle" speed="5.56" length="41.08" shape="347.50,156.59 311.33,137.12">
            <param key="origId" value="646309070"/>
        </lane>
    </edge>
    <edge id="646310572" from="5256361054" to="5256361053" priority="1" type="highway.service" shape="388.88,180.82 368.61,166.13 351.22,156.77">
        <lane id="646310572_0" index="0" allow="pedestrian delivery bicycle" speed="5.56" length="31.60" shape="383.11,178.62 367.76,167.49 356.63,161.50">
            <param key="origId" value="646310572"/>
        </lane>
    </edge>
    <edge id="646683973" from="5256361050" to="5256361054" priority="1" type="highway.service">
        <lane id="646683973_0" index="0" allow="pedestrian delivery bicycle" speed="5.56" length="8.09" shape="376.49,187.64 383.09,182.96">
            <param key="origId" value="646683973"/>
        </lane>
    </edge>
    <edge id="711575058" from="567854399" to="567854412" name="Pan Island Expressway" priority="9" type="highway.motorway_link" spreadType="center" shape="551.23,244.52 547.04,227.15 532.63,177.76">
        <lane id="711575058_0" index="0" allow="private emergency authority army vip passenger hov taxi bus coach delivery truck trailer motorcycle evehicle custom1 custom2" speed="13.89" length="67.07" shape="549.67,244.90 545.49,227.56 531.72,180.36">
            <param key="origId" value="711575058"/>
        </lane>
        <lane id="711575058_1" index="1" allow="private emergency authority army vip passenger hov taxi bus coach delivery truck trailer motorcycle evehicle custom1 custom2" speed="13.89" length="67.07" shape="552.79,244.14 548.59,226.74 534.79,179.47">
            <param key="origId" value="711575058"/>
        </lane>
    </edge>
    <edge id="711575059" from="567854412" to="246182128" priority="9" type="highway.motorway_link" spreadType="center" shape="532.63,177.76 531.07,155.72 533.84,133.73 538.69,120.81 545.82,110.41 548.89,106.93 558.94,96.21 578.11,83.14">
        <lane id="711575059_0" index="0" allow="private emergency authority army vip passenger hov taxi bus coach delivery truck trailer motorcycle evehicle custom1 custom2" speed="13.89" length="82.97" shape="530.28,167.22 529.46,155.68 532.28,133.34 537.26,120.07 544.56,109.42 547.71,105.85 557.89,94.99 561.06,92.83">
            <param key="origId" value="711575059 539512923"/>
        </lane>
        <lane id="711575059_1" index="1" allow="private emergency authority army vip passenger hov taxi bus coach delivery truck trailer motorcycle evehicle custom1 custom2" speed="13.89" length="82.97" shape="533.47,166.99 532.68,155.76 535.40,134.12 540.12,121.55 547.08,111.40 550.07,108.01 559.99,97.43 562.86,95.47">
            <param key="origId" value="711575059 539512923"/>
        </lane>
    </edge>
    <edge id="75435055" from="cluster_567854502_567854634_6103630915" to="5220541410" priority="9" type="highway.motorway_link" spreadType="center" shape="440.31,136.47 413.48,146.16 401.87,146.60 391.26,142.60 379.67,134.82">
        <lane id="75435055_0" index="0" allow="private emergency authority army vip passenger hov taxi bus coach delivery truck trailer motorcycle evehicle custom1 custom2" speed="13.89" length="47.07" shape="427.16,142.92 413.79,147.75 401.61,148.21 390.52,144.03 382.05,138.34">
            <param key="origId" value="75435055"/>
        </lane>
        <lane id="75435055_1" index="1" allow="private emergency authority army vip passenger hov taxi bus coach delivery truck trailer motorcycle evehicle custom1 custom2" speed="13.89" length="47.07" shape="426.30,139.83 413.17,144.57 402.13,144.99 392.00,141.17 383.83,135.69">
            <param key="origId" value="75435055"/>
        </lane>
        <param key="origFrom" value="6103630915"/>
    </edge>
    <edge id="75435065" from="890662110" to="567854537" name="Pan-Island Expressway" priority="14" type="highway.motorway" spreadType="center" shape="0.00,0.00 55.17,26.47 113.79,44.86 170.16,57.34 227.66,65.78 273.11,72.08 310.96,82.10 348.33,94.14 382.72,111.55 408.88,127.67 435.77,149.22 455.94,169.62 477.82,198.81 492.68,223.50 508.46,252.03 523.10,292.60 544.05,363.19 592.99,532.00">
        <lane id="75435065_0" index="0" allow="private emergency authority army vip passenger hov taxi bus coach delivery truck trailer motorcycle evehicle custom1 custom2" speed="22.22" length="791.87" shape="2.08,-4.33 56.94,21.99 115.03,40.22 171.03,52.62 228.34,61.03 274.06,67.37 312.31,77.49 350.16,89.69 385.07,107.36 411.65,123.74 438.99,145.65 459.58,166.48 481.81,196.13 496.84,221.10 512.85,250.04 527.66,291.10 548.66,361.84 571.50,440.62">
            <param key="origId" value="75435065 44776842 44776841"/>
        </lane>
        <lane id="75435065_1" index="1" allow="private emergency authority army vip passenger hov taxi bus coach delivery truck trailer motorcycle evehicle custom1 custom2" speed="22.22" length="791.87" shape="0.69,-1.44 55.76,24.98 114.20,43.31 170.45,55.77 227.89,64.20 273.43,70.51 311.41,80.56 348.94,92.66 383.50,110.15 409.80,126.36 436.84,148.03 457.15,168.57 479.15,197.92 494.07,222.70 509.92,251.37 524.62,292.10 545.59,362.74 568.42,441.51">
            <param key="origId" value="75435065 44776842 44776841"/>
        </lane>
        <lane id="75435065_2" index="2" allow="private emergency authority army vip passenger hov taxi bus coach delivery truck trailer motorcycle evehicle custom1 custom2" speed="22.22" length="791.87" shape="-0.69,1.44 54.58,27.96 113.38,46.41 169.87,58.91 227.43,67.36 272.79,73.65 310.51,83.64 347.72,95.62 381.94,112.95 407.96,128.98 434.70,150.41 454.73,170.67 476.49,199.70 491.29,224.30 507.00,252.69 521.58,293.10 542.51,363.64 565.35,442.40">
            <param key="origId" value="75435065 44776842 44776841"/>
        </lane>
        <lane id="75435065_3" index="3" allow="private emergency authority army vip passenger hov taxi bus coach delivery truck trailer motorcycle evehicle custom1 custom2" speed="22.22" length="791.87" shape="-2.08,4.33 53.40,30.95 112.55,49.50 169.29,62.06 226.98,70.53 272.16,76.79 309.61,86.71 346.50,98.59 380.37,115.74 406.11,131.60 432.55,152.79 452.30,172.76 473.83,201.49 488.52,225.90 504.07,254.02 518.54,294.10 539.44,364.54 562.27,443.29">
            <param key="origId" value="75435065 44776842 44776841"/>
        </lane>
        <param key="ref" value="PIE"/>
    </edge>
    <edge id="953892123" from="1305819200" to="567854429" priority="9" type="highway.motorway_link" spreadType="center">
        <lane id="953892123_0" index="0" allow="private emergency authority army vip passenger hov taxi bus coach delivery truck trailer motorcycle evehicle custom1 custom2" speed="13.89" length="38.18" shape="401.28,67.42 363.84,59.96">
            <param key="origId" value="953892123"/>
        </lane>
        <lane id="953892123_1" index="1" allow="private emergency authority army vip passenger hov taxi bus coach delivery truck trailer motorcycle evehicle custom1 custom2" speed="13.89" length="38.18" shape="401.91,64.28 364.47,56.82">
            <param key="origId" value="953892123"/>
        </lane>
    </edge>

    <tlLogic id="cluster_567854502_567854634_6103630915" type="actuated" programID="0" offset="0">
        <phase duration="36" state="GrrrgGGggGGg" minDur="5" maxDur="50"/>
        <phase duration="3"  state="yrrrgyyygyyy"/>
        <phase duration="6"  state="rrrrGrrrGrrr" minDur="5" maxDur="50"/>
        <phase duration="3"  state="rrrryrrryrrr"/>
        <phase duration="2"  state="rrrrrrrrrrrr"/>
        <phase duration="35" state="GGGGrrrGrrrr" minDur="5" maxDur="50"/>
        <phase duration="3"  state="yyyyrrryrrrr"/>
        <phase duration="2"  state="rrrrrrrrrrrr"/>
    </tlLogic>

    <junction id="1305793612" type="priority" x="506.23" y="93.96" incLanes="633576249_0 633576249_1 633576249_2" intLanes=":1305793612_0_0 :1305793612_0_1 :1305793612_0_2 :1305793612_0_3" shape="511.16,97.19 507.68,88.25 504.84,88.93 503.78,88.98 502.74,89.08 501.56,89.41 500.07,90.13 506.46,101.21 508.23,99.73 508.73,99.04 509.26,98.39 510.00,97.77">
        <request index="0" response="0000" foes="0000" cont="0"/>
        <request index="1" response="0000" foes="0000" cont="0"/>
        <request index="2" response="0000" foes="0000" cont="0"/>
        <request index="3" response="0000" foes="0000" cont="0"/>
    </junction>
    <junction id="1305819179" type="dead_end" x="279.44" y="91.58" incLanes="539512925_0" intLanes="" shape="279.47,93.18 279.41,89.98"/>
    <junction id="1305819196" type="priority" x="386.40" y="150.23" incLanes="465657482_0 465657482_1" intLanes=":1305819196_0_0 :1305819196_0_1 :1305819196_0_2 :1305819196_3_0" shape="407.79,166.37 409.54,163.68 408.32,162.40 408.26,161.98 408.58,161.69 409.26,161.55 410.31,161.56 413.71,152.14 404.80,151.48 398.20,150.60 392.86,149.23 387.71,147.16 381.72,144.14 373.81,139.92 370.81,145.57 378.90,149.65 385.03,152.45 390.10,154.75 394.99,157.32 400.59,160.93">
        <request index="0" response="0000" foes="0000" cont="0"/>
        <request index="1" response="0000" foes="0000" cont="0"/>
        <request index="2" response="0000" foes="0000" cont="0"/>
        <request index="3" response="0000" foes="0000" cont="0"/>
    </junction>
    <junction id="1305819200" type="priority" x="398.24" y="65.18" incLanes="635671812_0 539512924_0" intLanes=":1305819200_0_0 :1305819200_1_0" shape="408.84,72.75 410.37,69.94 410.52,69.55 411.21,66.43 409.23,65.85 407.83,65.21 406.72,64.53 405.62,63.86 404.21,63.24 402.22,62.71 400.97,68.99 404.06,69.88 405.07,70.41 406.05,71.04 407.23,71.81">
        <request index="0" response="00" foes="00" cont="0"/>
        <request index="1" response="00" foes="00" cont="0"/>
    </junction>
    <junction id="139686650" type="dead_end" x="594.11" y="453.28" incLanes="" intLanes="" shape="600.16,451.19 588.06,455.37"/>
    <junction id="246182072" type="priority" x="551.42" y="76.38" incLanes="633575697_0 633575697_1 633575697_2" intLanes=":246182072_0_0 :246182072_0_1 :246182072_0_2 :246182072_3_0" shape="556.59,80.52 555.30,71.01 549.92,71.85 545.94,72.61 542.66,73.24 539.37,73.67 535.37,73.84 529.95,73.70 529.79,76.90 532.85,77.24 533.54,77.50 533.69,77.82 533.28,78.21 532.31,78.66 535.79,87.61 540.13,85.80 543.32,84.33 545.95,83.13 548.64,82.13 551.98,81.28">
        <request index="0" response="0000" foes="0000" cont="0"/>
        <request index="1" response="0000" foes="0000" cont="0"/>
        <request index="2" response="0000" foes="0000" cont="0"/>
        <request index="3" response="0000" foes="0000" cont="0"/>
    </junction>
    <junction id="246182128" type="dead_end" x="578.11" y="83.14" incLanes="539512918_0 539512918_1 711575059_0 711575059_1" intLanes="" shape="558.37,84.82 559.94,91.03 560.16,91.51 563.76,96.80 572.24,90.58 576.97,86.05 577.95,83.21 575.17,82.06 568.65,82.60"/>
    <junction id="4604862935" type="dead_end" x="312.09" y="135.71" incLanes="646309070_0" intLanes="" shape="312.09,135.71 310.57,138.53 312.09,135.71"/>
    <junction id="4604862949" type="dead_end" x="444.69" y="229.15" incLanes="-465528368_0" intLanes="" shape="444.69,229.15 446.91,226.85 444.69,229.15"/>
    <junction id="5214949230" type="dead_end" x="710.82" y="60.44" incLanes="" intLanes="" shape="710.47,55.65 711.17,65.23"/>
    <junction id="5220541410" type="priority" x="379.67" y="134.82" incLanes="75435055_0 75435055_1" intLanes=":5220541410_0_0" shape="381.16,139.67 384.72,134.36 382.02,133.05 380.96,132.82 379.89,132.61 378.66,132.21 377.12,131.42 375.47,134.16 377.72,136.01 378.35,136.85 378.98,137.72 379.83,138.64">
        <request index="0" response="0" foes="0" cont="0"/>
    </junction>
    <junction id="5256361050" type="right_before_left" x="373.49" y="191.73" incLanes="-646683973_0 543749307_0 543749309_0" intLanes=":5256361050_0_0 :5256361050_1_0 :5256361050_2_0 :5256361050_3_0 :5256361050_4_0 :5256361050_5_0 :5256361050_6_0" shape="379.27,191.56 375.56,186.34 374.79,186.68 374.44,186.67 374.11,186.55 373.80,186.31 373.52,185.95 368.17,189.47 368.49,190.26 368.48,190.62 368.34,190.94 368.09,191.25 367.73,191.52 371.08,196.97">
        <request index="0" response="0000000" foes="1001000" cont="0"/>
        <request index="1" response="0110000" foes="0111000" cont="0"/>
        <request index="2" response="0000000" foes="0100000" cont="0"/>
        <request index="3" response="0000011" foes="1100011" cont="0"/>
        <request index="4" response="0000000" foes="0000010" cont="0"/>
        <request index="5" response="0001100" foes="0001110" cont="0"/>
        <request index="6" response="0001001" foes="0001001" cont="0"/>
    </junction>
    <junction id="5256361053" type="right_before_left" x="351.22" y="156.77" incLanes="-543749307_0 646310572_0 -646309070_0" intLanes=":5256361053_0_0 :5256361053_1_0 :5256361053_2_0 :5256361053_3_0 :5256361053_4_0 :5256361053_5_0" shape="348.19,163.86 354.59,163.70 354.72,162.94 354.89,162.75 355.15,162.68 355.47,162.73 355.88,162.91 358.91,157.27 349.78,152.36 346.75,158.00 347.49,158.96 347.77,159.82 347.98,160.92 348.12,162.26">
        <request index="0" response="000000" foes="001000" cont="0"/>
        <request index="1" response="110000" foes="111000" cont="0"/>
        <request index="2" response="000000" foes="100000" cont="0"/>
        <request index="3" response="000011" foes="100011" cont="0"/>
        <request index="4" response="000000" foes="000010" cont="0"/>
        <request index="5" response="001100" foes="001110" cont="0"/>
    </junction>
    <junction id="5256361054" type="right_before_left" x="388.88" y="180.82" incLanes="465528368_0 -646310572_0 646683973_0" intLanes=":5256361054_0_0 :5256361054_1_0 :5256361054_2_0 :5256361054_3_0 :5256361054_4_0 :5256361054_5_0" shape="390.07,185.64 393.83,180.46 385.93,174.73 382.17,179.91 382.71,180.50 382.78,180.79 382.71,181.08 382.50,181.37 382.16,181.66 385.86,186.88 387.66,185.80 388.41,185.51 389.07,185.38 389.62,185.43">
        <request index="0" response="000000" foes="001000" cont="0"/>
        <request index="1" response="110000" foes="111000" cont="0"/>
        <request index="2" response="000000" foes="100000" cont="0"/>
        <request index="3" response="000011" foes="100011" cont="0"/>
        <request index="4" response="000000" foes="000010" cont="0"/>
        <request index="5" response="001100" foes="001110" cont="0"/>
    </junction>
    <junction id="5256361055" type="priority" x="347.42" y="207.78" incLanes="-543749309_0" intLanes=":5256361055_0_0" shape="347.42,207.78 349.10,210.50 347.42,207.78">
        <request index="0" response="0" foes="0" cont="0"/>
    </junction>
    <junction id="567854399" type="dead_end" x="551.23" y="244.52" incLanes="" intLanes="" shape="554.34,243.77 548.12,245.27"/>
    <junction id="567854412" type="priority" x="532.63" y="177.76" incLanes="711575058_0 711575058_1" intLanes=":567854412_0_0 :567854412_0_1 :567854412_2_0 :567854412_2_1" shape="530.19,180.81 536.33,179.02 535.67,176.51 535.34,174.62 535.22,173.03 535.19,169.48 535.07,166.88 528.68,167.33 528.63,168.04 528.51,168.17 528.33,168.17 528.08,168.01 527.78,167.72 523.06,172.04 524.80,173.76 526.25,174.96 527.46,175.95 528.48,177.05 529.37,178.57">
        <request index="0" response="0000" foes="0000" cont="0"/>
        <request index="1" response="0000" foes="0000" cont="0"/>
        <request index="2" response="0000" foes="0000" cont="0"/>
        <request index="3" response="0000" foes="0000" cont="0"/>
    </junction>
    <junction id="567854429" type="priority" x="360.23" y="57.61" incLanes="953892123_0 953892123_1" intLanes=":567854429_0_0" shape="363.53,61.53 364.78,55.25 361.77,55.08 359.62,55.43 358.34,55.48 356.62,55.26 355.99,58.40 358.84,59.39 360.69,60.54 361.86,61.08">
        <request index="0" response="0" foes="0" cont="0"/>
    </junction>
    <junction id="567854435" type="dead_end" x="146.81" y="32.80" incLanes="479568574_0 479568574_1 479568574_2 479568574_3 44776835_0" intLanes="" shape="206.73,49.85 208.95,37.24 208.97,37.05 209.10,33.85"/>
    <junction id="567854494" type="dead_end" x="271.18" y="94.29" incLanes="" intLanes="" shape="270.09,97.30 272.27,91.28"/>
    <junction id="567854537" type="dead_end" x="592.99" y="532.00" incLanes="75435065_0 75435065_1 75435065_2 75435065_3 115626268_0" intLanes="" shape="573.03,440.17 560.74,443.74 560.62,443.78 557.63,444.93"/>
    <junction id="567854604" type="priority" x="442.41" y="195.63" incLanes="635394790_0 635394790_1 115626267_0" intLanes=":567854604_0_0 :567854604_1_0" shape="446.26,203.06 448.77,201.08 446.40,197.76 445.02,195.09 444.29,192.66 443.86,190.09 443.40,186.97 442.54,182.91 436.33,184.45 434.45,185.52 432.20,187.80 437.70,193.19 439.58,195.12 441.39,197.11 443.49,199.62">
        <request index="0" response="00" foes="10" cont="0"/>
        <request index="1" response="01" foes="01" cont="0"/>
    </junction>
    <junction id="890662110" type="dead_end" x="0.00" y="0.00" incLanes="" intLanes="" shape="-2.77,5.77 2.77,-5.77"/>
    <junction id="cluster_567854502_567854634_6103630915" type="traffic_light" x="450.34" y="138.99" incLanes="115626266_0 115626266_1 633575700#0_0 633575700#0_1 633575700#0_2 633575700#0_3 115626265#0_0 115626265#0_1 115626265#0_2" intLanes=":cluster_567854502_567854634_6103630915_0_0 :cluster_567854502_567854634_6103630915_1_0 :cluster_567854502_567854634_6103630915_1_1 :cluster_567854502_567854634_6103630915_3_0 :cluster_567854502_567854634_6103630915_4_0 :cluster_567854502_567854634_6103630915_5_0 :cluster_567854502_567854634_6103630915_5_1 :cluster_567854502_567854634_6103630915_12_0 :cluster_567854502_567854634_6103630915_8_0 :cluster_567854502_567854634_6103630915_9_0 :cluster_567854502_567854634_6103630915_9_1 :cluster_567854502_567854634_6103630915_13_0" shape="481.35,135.70 482.53,129.25 480.97,128.30 480.74,127.78 480.88,127.22 481.38,126.64 482.25,126.02 468.74,108.19 461.93,112.28 456.03,115.78 450.22,119.16 445.80,121.59 444.08,122.25 440.92,121.78 440.01,125.49 438.46,128.82 436.27,131.76 433.44,134.32 429.97,136.49 425.86,138.29 431.58,158.62 433.45,158.46 434.01,158.76 434.33,159.32 434.39,160.13 434.20,161.19 440.39,162.81 444.15,150.76 448.71,141.24 454.40,134.61 461.52,131.23 470.41,131.47">
        <request index="0"  response="000000000000" foes="000000000000" cont="0"/>
        <request index="1"  response="011101110000" foes="111101110000" cont="0"/>
        <request index="2"  response="011101110000" foes="111101110000" cont="0"/>
        <request index="3"  response="011101110000" foes="011101110000" cont="0"/>
        <request index="4"  response="011000000000" foes="011000001110" cont="0"/>
        <request index="5"  response="000000000000" foes="100100001110" cont="0"/>
        <request index="6"  response="000000000000" foes="100100001110" cont="0"/>
        <request index="7"  response="011000000000" foes="011000000000" cont="1"/>
        <request index="8"  response="000001100000" foes="000001101110" cont="0"/>
        <request index="9"  response="000000000000" foes="000010011110" cont="0"/>
        <request index="10" response="000000000000" foes="000010011110" cont="0"/>
        <request index="11" response="000001100110" foes="000001100110" cont="1"/>
        <param key="origEdgeIds" value="-22887088 22887088 635287333 954191650"/>
        <param key="origId" value="567854502 567854634 6103630915"/>
    </junction>

    <junction id=":cluster_567854502_567854634_6103630915_12_0" type="internal" x="483.13" y="111.32" incLanes=":cluster_567854502_567854634_6103630915_7_0 115626265#0_0 115626265#0_1" intLanes=":cluster_567854502_567854634_6103630915_9_0 :cluster_567854502_567854634_6103630915_9_1"/>
    <junction id=":cluster_567854502_567854634_6103630915_13_0" type="internal" x="420.10" y="150.88" incLanes=":cluster_567854502_567854634_6103630915_11_0 115626266_0 115626266_1 633575700#0_1 633575700#0_2" intLanes=":cluster_567854502_567854634_6103630915_1_0 :cluster_567854502_567854634_6103630915_1_1 :cluster_567854502_567854634_6103630915_5_0 :cluster_567854502_567854634_6103630915_5_1"/>

    <connection from="-543749307" to="646309070" fromLane="0" toLane="0" via=":5256361053_0_0" dir="r" state="M"/>
    <connection from="-543749307" to="-646310572" fromLane="0" toLane="0" via=":5256361053_1_0" dir="l" state="="/>
    <connection from="-543749309" to="543749309" fromLane="0" toLane="0" via=":5256361055_0_0" dir="t" state="M"/>
    <connection from="-646309070" to="-646310572" fromLane="0" toLane="0" via=":5256361053_4_0" dir="s" state="M"/>
    <connection from="-646309070" to="543749307" fromLane="0" toLane="0" via=":5256361053_5_0" dir="l" state="="/>
    <connection from="-646310572" to="-465528368" fromLane="0" toLane="0" via=":5256361054_2_0" dir="s" state="M"/>
    <connection from="-646310572" to="-646683973" fromLane="0" toLane="0" via=":5256361054_3_0" dir="l" state="="/>
    <connection from="-646683973" to="-543749309" fromLane="0" toLane="0" via=":5256361050_0_0" dir="s" state="M"/>
    <connection from="-646683973" to="-543749307" fromLane="0" toLane="0" via=":5256361050_1_0" dir="l" state="="/>
    <connection from="115626265#0" to="635671812" fromLane="0" toLane="0" via=":cluster_567854502_567854634_6103630915_8_0" tl="cluster_567854502_567854634_6103630915" linkIndex="8" dir="r" state="o"/>
    <connection from="115626265#0" to="539512918" fromLane="0" toLane="0" via=":cluster_567854502_567854634_6103630915_9_0" tl="cluster_567854502_567854634_6103630915" linkIndex="9" dir="s" state="O"/>
    <connection from="115626265#0" to="539512918" fromLane="1" toLane="1" via=":cluster_567854502_567854634_6103630915_9_1" tl="cluster_567854502_567854634_6103630915" linkIndex="10" dir="s" state="O"/>
    <connection from="115626265#0" to="75435055" fromLane="2" toLane="1" via=":cluster_567854502_567854634_6103630915_11_0" tl="cluster_567854502_567854634_6103630915" linkIndex="11" dir="t" state="o"/>
    <connection from="115626266" to="635394790" fromLane="0" toLane="0" via=":cluster_567854502_567854634_6103630915_0_0" tl="cluster_567854502_567854634_6103630915" linkIndex="0" dir="r" state="O"/>
    <connection from="115626266" to="75435055" fromLane="0" toLane="0" via=":cluster_567854502_567854634_6103630915_1_0" tl="cluster_567854502_567854634_6103630915" linkIndex="1" dir="s" state="o"/>
    <connection from="115626266" to="75435055" fromLane="1" toLane="1" via=":cluster_567854502_567854634_6103630915_1_1" tl="cluster_567854502_567854634_6103630915" linkIndex="2" dir="s" state="o"/>
    <connection from="115626266" to="635671812" fromLane="1" toLane="0" via=":cluster_567854502_567854634_6103630915_3_0" tl="cluster_567854502_567854634_6103630915" linkIndex="3" dir="L" state="o"/>
    <connection from="115626267" to="115626268" fromLane="0" toLane="0" via=":567854604_1_0" dir="s" state="m"/>
    <connection from="465528368" to="-646683973" fromLane="0" toLane="0" via=":5256361054_0_0" dir="r" state="M"/>
    <connection from="465528368" to="646310572" fromLane="0" toLane="0" via=":5256361054_1_0" dir="s" state="="/>
    <connection from="465657482" to="115626265#0" fromLane="0" toLane="0" via=":1305819196_0_0" dir="s" state="M"/>
    <connection from="465657482" to="115626265#0" fromLane="1" toLane="1" via=":1305819196_0_1" dir="s" state="M"/>
    <connection from="465657482" to="115626265#0" fromLane="1" toLane="2" via=":1305819196_0_2" dir="s" state="M"/>
    <connection from="465657482" to="115626267" fromLane="1" toLane="0" via=":1305819196_3_0" dir="s" state="M"/>
    <connection from="539512924" to="953892123" fromLane="0" toLane="1" via=":1305819200_1_0" dir="s" state="M"/>
    <connection from="543749307" to="646683973" fromLane="0" toLane="0" via=":5256361050_2_0" dir="r" state="M"/>
    <connection from="543749307" to="-543749309" fromLane="0" toLane="0" via=":5256361050_3_0" dir="l" state="="/>
    <connection from="543749309" to="-543749307" fromLane="0" toLane="0" via=":5256361050_4_0" dir="r" state="M"/>
    <connection from="543749309" to="646683973" fromLane="0" toLane="0" via=":5256361050_5_0" dir="s" state="="/>
    <connection from="543749309" to="-543749309" fromLane="0" toLane="0" via=":5256361050_6_0" dir="t" state="="/>
    <connection from="633575697" to="633576249" fromLane="0" toLane="0" via=":246182072_0_0" dir="s" state="M"/>
    <connection from="633575697" to="633576249" fromLane="1" toLane="1" via=":246182072_0_1" dir="s" state="M"/>
    <connection from="633575697" to="633576249" fromLane="2" toLane="2" via=":246182072_0_2" dir="s" state="M"/>
    <connection from="633575697" to="539512924" fromLane="2" toLane="0" via=":246182072_3_0" dir="L" state="M"/>
    <connection from="633575700#0" to="635394790" fromLane="0" toLane="1" via=":cluster_567854502_567854634_6103630915_4_0" tl="cluster_567854502_567854634_6103630915" linkIndex="4" dir="R" state="o"/>
    <connection from="633575700#0" to="75435055" fromLane="1" toLane="0" via=":cluster_567854502_567854634_6103630915_5_0" tl="cluster_567854502_567854634_6103630915" linkIndex="5" dir="s" state="O"/>
    <connection from="633575700#0" to="75435055" fromLane="2" toLane="1" via=":cluster_567854502_567854634_6103630915_5_1" tl="cluster_567854502_567854634_6103630915" linkIndex="6" dir="s" state="O"/>
    <connection from="633575700#0" to="539512918" fromLane="3" toLane="1" via=":cluster_567854502_567854634_6103630915_7_0" tl="cluster_567854502_567854634_6103630915" linkIndex="7" dir="t" state="o"/>
    <connection from="633576249" to="633575700#0" fromLane="0" toLane="0" via=":1305793612_0_0" dir="s" state="M"/>
    <connection from="633576249" to="633575700#0" fromLane="1" toLane="1" via=":1305793612_0_1" dir="s" state="M"/>
    <connection from="633576249" to="633575700#0" fromLane="2" toLane="2" via=":1305793612_0_2" dir="s" state="M"/>
    <connection from="633576249" to="633575700#0" fromLane="2" toLane="3" via=":1305793612_0_3" dir="s" state="M"/>
    <connection from="635394790" to="115626268" fromLane="0" toLane="0" via=":567854604_0_0" dir="s" state="M"/>
    <connection from="635671812" to="953892123" fromLane="0" toLane="0" via=":1305819200_0_0" dir="s" state="M"/>
    <connection from="646310572" to="543749307" fromLane="0" toLane="0" via=":5256361053_2_0" dir="r" state="M"/>
    <connection from="646310572" to="646309070" fromLane="0" toLane="0" via=":5256361053_3_0" dir="s" state="="/>
    <connection from="646683973" to="646310572" fromLane="0" toLane="0" via=":5256361054_4_0" dir="r" state="M"/>
    <connection from="646683973" to="-465528368" fromLane="0" toLane="0" via=":5256361054_5_0" dir="l" state="="/>
    <connection from="711575058" to="115626266" fromLane="0" toLane="0" via=":567854412_0_0" dir="R" state="M"/>
    <connection from="711575058" to="115626266" fromLane="0" toLane="1" via=":567854412_0_1" dir="R" state="M"/>
    <connection from="711575058" to="711575059" fromLane="0" toLane="0" via=":567854412_2_0" dir="s" state="M"/>
    <connection from="711575058" to="711575059" fromLane="1" toLane="1" via=":567854412_2_1" dir="s" state="M"/>
    <connection from="75435055" to="539512925" fromLane="1" toLane="0" via=":5220541410_0_0" dir="s" state="M"/>
    <connection from="953892123" to="44776835" fromLane="1" toLane="0" via=":567854429_0_0" dir="s" state="M"/>

    <connection from=":1305793612_0" to="633575700#0" fromLane="0" toLane="0" dir="s" state="M"/>
    <connection from=":1305793612_0" to="633575700#0" fromLane="1" toLane="1" dir="s" state="M"/>
    <connection from=":1305793612_0" to="633575700#0" fromLane="2" toLane="2" dir="s" state="M"/>
    <connection from=":1305793612_0" to="633575700#0" fromLane="3" toLane="3" dir="s" state="M"/>
    <connection from=":1305819196_0" to="115626265#0" fromLane="0" toLane="0" dir="s" state="M"/>
    <connection from=":1305819196_0" to="115626265#0" fromLane="1" toLane="1" dir="s" state="M"/>
    <connection from=":1305819196_0" to="115626265#0" fromLane="2" toLane="2" dir="s" state="M"/>
    <connection from=":1305819196_3" to="115626267" fromLane="0" toLane="0" dir="s" state="M"/>
    <connection from=":1305819200_0" to="953892123" fromLane="0" toLane="0" dir="s" state="M"/>
    <connection from=":1305819200_1" to="953892123" fromLane="0" toLane="1" dir="s" state="M"/>
    <connection from=":246182072_0" to="633576249" fromLane="0" toLane="0" dir="s" state="M"/>
    <connection from=":246182072_0" to="633576249" fromLane="1" toLane="1" dir="s" state="M"/>
    <connection from=":246182072_0" to="633576249" fromLane="2" toLane="2" dir="s" state="M"/>
    <connection from=":246182072_3" to="539512924" fromLane="0" toLane="0" dir="L" state="M"/>
    <connection from=":5220541410_0" to="539512925" fromLane="0" toLane="0" dir="s" state="M"/>
    <connection from=":5256361050_0" to="-543749309" fromLane="0" toLane="0" dir="s" state="M"/>
    <connection from=":5256361050_1" to="-543749307" fromLane="0" toLane="0" dir="l" state="M"/>
    <connection from=":5256361050_2" to="646683973" fromLane="0" toLane="0" dir="r" state="M"/>
    <connection from=":5256361050_3" to="-543749309" fromLane="0" toLane="0" dir="l" state="M"/>
    <connection from=":5256361050_4" to="-543749307" fromLane="0" toLane="0" dir="r" state="M"/>
    <connection from=":5256361050_5" to="646683973" fromLane="0" toLane="0" dir="s" state="M"/>
    <connection from=":5256361050_6" to="-543749309" fromLane="0" toLane="0" dir="t" state="M"/>
    <connection from=":5256361053_0" to="646309070" fromLane="0" toLane="0" dir="r" state="M"/>
    <connection from=":5256361053_1" to="-646310572" fromLane="0" toLane="0" dir="l" state="M"/>
    <connection from=":5256361053_2" to="543749307" fromLane="0" toLane="0" dir="r" state="M"/>
    <connection from=":5256361053_3" to="646309070" fromLane="0" toLane="0" dir="s" state="M"/>
    <connection from=":5256361053_4" to="-646310572" fromLane="0" toLane="0" dir="s" state="M"/>
    <connection from=":5256361053_5" to="543749307" fromLane="0" toLane="0" dir="l" state="M"/>
    <connection from=":5256361054_0" to="-646683973" fromLane="0" toLane="0" dir="r" state="M"/>
    <connection from=":5256361054_1" to="646310572" fromLane="0" toLane="0" dir="s" state="M"/>
    <connection from=":5256361054_2" to="-465528368" fromLane="0" toLane="0" dir="s" state="M"/>
    <connection from=":5256361054_3" to="-646683973" fromLane="0" toLane="0" dir="l" state="M"/>
    <connection from=":5256361054_4" to="646310572" fromLane="0" toLane="0" dir="r" state="M"/>
    <connection from=":5256361054_5" to="-465528368" fromLane="0" toLane="0" dir="l" state="M"/>
    <connection from=":5256361055_0" to="543749309" fromLane="0" toLane="0" dir="t" state="M"/>
    <connection from=":567854412_0" to="115626266" fromLane="0" toLane="0" dir="R" state="M"/>
    <connection from=":567854412_0" to="115626266" fromLane="1" toLane="1" dir="R" state="M"/>
    <connection from=":567854412_2" to="711575059" fromLane="0" toLane="0" dir="s" state="M"/>
    <connection from=":567854412_2" to="711575059" fromLane="1" toLane="1" dir="s" state="M"/>
    <connection from=":567854429_0" to="44776835" fromLane="0" toLane="0" dir="s" state="M"/>
    <connection from=":567854604_0" to="115626268" fromLane="0" toLane="0" dir="s" state="M"/>
    <connection from=":567854604_1" to="115626268" fromLane="0" toLane="0" dir="s" state="M"/>
    <connection from=":cluster_567854502_567854634_6103630915_0" to="635394790" fromLane="0" toLane="0" dir="r" state="M"/>
    <connection from=":cluster_567854502_567854634_6103630915_1" to="75435055" fromLane="0" toLane="0" dir="s" state="M"/>
    <connection from=":cluster_567854502_567854634_6103630915_1" to="75435055" fromLane="1" toLane="1" dir="s" state="M"/>
    <connection from=":cluster_567854502_567854634_6103630915_3" to="635671812" fromLane="0" toLane="0" dir="L" state="M"/>
    <connection from=":cluster_567854502_567854634_6103630915_4" to="635394790" fromLane="0" toLane="1" dir="R" state="M"/>
    <connection from=":cluster_567854502_567854634_6103630915_5" to="75435055" fromLane="0" toLane="0" dir="s" state="M"/>
    <connection from=":cluster_567854502_567854634_6103630915_5" to="75435055" fromLane="1" toLane="1" dir="s" state="M"/>
    <connection from=":cluster_567854502_567854634_6103630915_7" to="539512918" fromLane="0" toLane="1" via=":cluster_567854502_567854634_6103630915_12_0" dir="t" state="m"/>
    <connection from=":cluster_567854502_567854634_6103630915_12" to="539512918" fromLane="0" toLane="1" dir="t" state="M"/>
    <connection from=":cluster_567854502_567854634_6103630915_8" to="635671812" fromLane="0" toLane="0" dir="r" state="M"/>
    <connection from=":cluster_567854502_567854634_6103630915_9" to="539512918" fromLane="0" toLane="0" dir="s" state="M"/>
    <connection from=":cluster_567854502_567854634_6103630915_9" to="539512918" fromLane="1" toLane="1" dir="s" state="M"/>
    <connection from=":cluster_567854502_567854634_6103630915_11" to="75435055" fromLane="0" toLane="1" via=":cluster_567854502_567854634_6103630915_13_0" dir="t" state="m"/>
    <connection from=":cluster_567854502_567854634_6103630915_13" to="75435055" fromLane="0" toLane="1" dir="t" state="M"/>

</net>
