<?xml version="1.0" encoding="UTF-8"?>

<!-- generated on 2023-07-11 14:02:13 by Eclipse SUMO netconvert Version 1.17.0
<configuration xmlns:xsi="http://www.w3.org/2001/XMLSchema-instance" xsi:noNamespaceSchemaLocation="http://sumo.dlr.de/xsd/netconvertConfiguration.xsd">

    <input>
        <sumo-net-file value="osm.net.xml.gz"/>
    </input>

    <output>
        <output-file value="osm.net.xml"/>
        <output.street-names value="true"/>
    </output>

    <processing>
        <geometry.min-radius.fix.railways value="false"/>
        <geometry.max-grade.fix value="false"/>
        <offset.disable-normalization value="true"/>
        <lefthand value="1"/>
    </processing>

    <junctions>
        <no-turnarounds value="true"/>
        <junctions.corner-detail value="5"/>
        <junctions.limit-turn-speed value="5.50"/>
        <rectangular-lane-cut value="0"/>
    </junctions>

    <pedestrian>
        <walkingareas value="0"/>
    </pedestrian>

</configuration>
-->

<net version="1.16" junctionCornerDetail="5" lefthand="true" limitTurnSpeed="5.50" xmlns:xsi="http://www.w3.org/2001/XMLSchema-instance" xsi:noNamespaceSchemaLocation="http://sumo.dlr.de/xsd/net_file.xsd">

    <location netOffset="-361194.20,-153316.93" convBoundary="0.00,0.00,1200.75,560.12" origBoundary="103.752322,1.386775,103.763113,1.391840" projParameter="+proj=utm +zone=48 +ellps=WGS84 +datum=WGS84 +units=m +no_defs"/>

    <type id="highway.bridleway" priority="1" numLanes="1" speed="2.78" allow="pedestrian" oneway="1" width="2.00"/>
    <type id="highway.bus_guideway" priority="1" numLanes="1" speed="27.78" allow="bus" oneway="1"/>
    <type id="highway.cycleway" priority="1" numLanes="1" speed="5.56" allow="bicycle" oneway="0" width="1.00"/>
    <type id="highway.footway" priority="1" numLanes="1" speed="2.78" allow="pedestrian" oneway="1" width="2.00"/>
    <type id="highway.ford" priority="1" numLanes="1" speed="2.78" allow="army" oneway="0"/>
    <type id="highway.living_street" priority="2" numLanes="1" speed="2.78" disallow="tram rail_urban rail rail_electric rail_fast ship" oneway="0"/>
    <type id="highway.motorway" priority="14" numLanes="2" speed="39.44" allow="private emergency authority army vip passenger hov taxi bus coach delivery truck trailer motorcycle evehicle custom1 custom2" oneway="1"/>
    <type id="highway.motorway_link" priority="9" numLanes="1" speed="22.22" allow="private emergency authority army vip passenger hov taxi bus coach delivery truck trailer motorcycle evehicle custom1 custom2" oneway="1"/>
    <type id="highway.path" priority="1" numLanes="1" speed="5.56" allow="pedestrian bicycle" oneway="0" width="2.00"/>
    <type id="highway.pedestrian" priority="1" numLanes="1" speed="2.78" allow="pedestrian" oneway="1" width="2.00"/>
    <type id="highway.primary" priority="12" numLanes="2" speed="27.78" disallow="tram rail_urban rail rail_electric rail_fast ship" oneway="0"/>
    <type id="highway.primary_link" priority="7" numLanes="1" speed="22.22" disallow="tram rail_urban rail rail_electric rail_fast ship" oneway="0"/>
    <type id="highway.raceway" priority="15" numLanes="2" speed="83.33" allow="vip" oneway="0"/>
    <type id="highway.residential" priority="3" numLanes="1" speed="13.89" disallow="tram rail_urban rail rail_electric rail_fast ship" oneway="0"/>
    <type id="highway.secondary" priority="11" numLanes="1" speed="27.78" disallow="tram rail_urban rail rail_electric rail_fast ship" oneway="0"/>
    <type id="highway.secondary_link" priority="6" numLanes="1" speed="22.22" disallow="tram rail_urban rail rail_electric rail_fast ship" oneway="0"/>
    <type id="highway.service" priority="1" numLanes="1" speed="5.56" allow="pedestrian delivery bicycle" oneway="0"/>
    <type id="highway.stairs" priority="1" numLanes="1" speed="1.39" allow="pedestrian" oneway="1" width="2.00"/>
    <type id="highway.step" priority="1" numLanes="1" speed="1.39" allow="pedestrian" oneway="1" width="2.00"/>
    <type id="highway.steps" priority="1" numLanes="1" speed="1.39" allow="pedestrian" oneway="1" width="2.00"/>
    <type id="highway.tertiary" priority="10" numLanes="1" speed="22.22" disallow="tram rail_urban rail rail_electric rail_fast ship" oneway="0"/>
    <type id="highway.tertiary_link" priority="5" numLanes="1" speed="22.22" disallow="tram rail_urban rail rail_electric rail_fast ship" oneway="0"/>
    <type id="highway.track" priority="1" numLanes="1" speed="5.56" allow="pedestrian motorcycle moped bicycle" oneway="0"/>
    <type id="highway.trunk" priority="13" numLanes="2" speed="27.78" disallow="pedestrian bicycle tram rail_urban rail rail_electric rail_fast ship" oneway="0"/>
    <type id="highway.trunk_link" priority="8" numLanes="1" speed="22.22" disallow="pedestrian bicycle tram rail_urban rail rail_electric rail_fast ship" oneway="0"/>
    <type id="highway.unclassified" priority="4" numLanes="1" speed="13.89" disallow="tram rail_urban rail rail_electric rail_fast ship" oneway="0"/>
    <type id="highway.unsurfaced" priority="1" numLanes="1" speed="8.33" disallow="tram rail_urban rail rail_electric rail_fast ship" oneway="0"/>
    <type id="railway.highspeed" priority="21" numLanes="1" speed="69.44" allow="rail_fast" oneway="1"/>
    <type id="railway.light_rail" priority="19" numLanes="1" speed="27.78" allow="rail_urban" oneway="1"/>
    <type id="railway.preserved" priority="16" numLanes="1" speed="27.78" allow="rail" oneway="1"/>
    <type id="railway.rail" priority="20" numLanes="1" speed="44.44" allow="rail" oneway="1"/>
    <type id="railway.subway" priority="18" numLanes="1" speed="27.78" allow="rail_urban" oneway="1"/>
    <type id="railway.tram" priority="17" numLanes="1" speed="13.89" allow="tram" oneway="1"/>

    <edge id=":10115292029_0" function="internal">
        <lane id=":10115292029_0_0" index="0" allow="pedestrian delivery bicycle" speed="3.65" length="4.67" shape="681.60,64.58 682.52,63.47 682.67,62.59 682.06,61.94 680.68,61.52"/>
    </edge>
    <edge id=":10115292030_0" function="internal">
        <lane id=":10115292030_0_0" index="0" allow="pedestrian delivery bicycle" speed="5.56" length="4.89" shape="674.50,63.38 673.16,63.65 671.94,63.62 670.85,63.27 669.89,62.62"/>
    </edge>
    <edge id=":10115292030_1" function="internal">
        <lane id=":10115292030_1_0" index="0" allow="pedestrian delivery bicycle" speed="5.56" length="8.76" shape="674.50,63.38 672.39,64.33 670.88,65.74 669.96,67.59 669.65,69.88"/>
    </edge>
    <edge id=":10115292030_2" function="internal">
        <lane id=":10115292030_2_0" index="0" allow="pedestrian delivery bicycle" speed="3.65" length="4.67" shape="674.50,63.38 673.59,64.49 673.44,65.38 674.05,66.03 675.43,66.45"/>
    </edge>
    <edge id=":10115292030_3" function="internal">
        <lane id=":10115292030_3_0" index="0" allow="pedestrian delivery bicycle" speed="5.46" length="4.66" shape="672.85,69.90 673.01,68.68 673.50,67.70 674.31,66.95 675.43,66.45"/>
    </edge>
    <edge id=":10115292030_4" function="internal">
        <lane id=":10115292030_4_0" index="0" allow="pedestrian delivery bicycle" speed="5.56" length="8.10" shape="672.85,69.90 672.67,67.73 672.12,65.79 671.20,64.09 669.89,62.62"/>
    </edge>
    <edge id=":10115292030_5" function="internal">
        <lane id=":10115292030_5_0" index="0" allow="pedestrian delivery bicycle" speed="3.65" length="4.67" shape="672.85,69.90 672.05,68.70 671.26,68.29 670.45,68.69 669.65,69.88"/>
    </edge>
    <edge id=":10115292030_6" function="internal">
        <lane id=":10115292030_6_0" index="0" allow="pedestrian delivery bicycle" speed="5.56" length="5.41" shape="667.74,64.99 668.58,65.95 669.18,67.08 669.54,68.40 669.65,69.88"/>
    </edge>
    <edge id=":10115292030_7" function="internal">
        <lane id=":10115292030_7_0" index="0" allow="pedestrian delivery bicycle" speed="5.56" length="8.20" shape="667.74,64.99 669.39,66.14 671.23,66.77 673.24,66.87 675.43,66.45"/>
    </edge>
    <edge id=":10115292030_8" function="internal">
        <lane id=":10115292030_8_0" index="0" allow="pedestrian delivery bicycle" speed="3.65" length="4.67" shape="667.74,64.99 669.17,65.20 670.00,64.88 670.24,64.02 669.89,62.62"/>
    </edge>
    <edge id=":1481210268_0" function="internal">
        <lane id=":1481210268_0_0" index="0" allow="private emergency authority army vip passenger hov taxi bus coach delivery truck trailer motorcycle evehicle custom1 custom2" speed="13.89" length="17.48" shape="607.25,116.63 605.17,113.70 603.48,110.33 601.33,106.44 597.85,101.96"/>
    </edge>
    <edge id=":1481210268_1" function="internal">
        <lane id=":1481210268_1_0" index="0" allow="private emergency authority army vip passenger hov taxi bus coach delivery truck trailer motorcycle evehicle custom1 custom2" speed="13.89" length="16.83" shape="604.41,118.73 602.04,114.20 600.54,111.01 598.74,108.02 595.50,104.14"/>
        <lane id=":1481210268_1_1" index="1" allow="private emergency authority army vip passenger hov taxi bus coach delivery truck trailer motorcycle evehicle custom1 custom2" speed="13.89" length="16.83" shape="601.64,120.32 599.37,115.98 597.95,112.91 596.25,110.04 593.15,106.31"/>
    </edge>
    <edge id=":1481210305_0" function="internal">
        <lane id=":1481210305_0_0" index="0" allow="private emergency authority army vip passenger hov taxi bus coach delivery truck trailer motorcycle evehicle custom1 custom2" speed="13.89" length="8.20" shape="413.54,273.14 415.89,273.66 417.40,274.40 418.92,275.15 421.26,275.71"/>
        <lane id=":1481210305_0_1" index="1" allow="private emergency authority army vip passenger hov taxi bus coach delivery truck trailer motorcycle evehicle custom1 custom2" speed="13.89" length="8.20" shape="413.54,273.14 415.95,273.17 417.61,272.81 419.27,272.47 421.68,272.54"/>
    </edge>
    <edge id=":1500901721_0" function="internal">
        <lane id=":1500901721_0_0" index="0" allow="private emergency authority army vip passenger hov taxi bus coach delivery truck trailer motorcycle evehicle custom1 custom2" speed="13.89" length="8.17" shape="455.26,196.55 452.87,196.47 451.25,196.01 449.63,195.53 447.24,195.35"/>
    </edge>
    <edge id=":1500901729_0" function="internal">
        <lane id=":1500901729_0_0" index="0" allow="private emergency authority army vip passenger hov taxi bus coach delivery truck trailer motorcycle evehicle custom1 custom2" speed="13.89" length="12.33" shape="355.04,252.43 358.08,251.42 360.56,250.68 363.29,250.29 367.07,250.37"/>
    </edge>
    <edge id=":1500901729_1" function="internal">
        <lane id=":1500901729_1_0" index="0" allow="private emergency authority army vip passenger hov taxi bus coach delivery truck trailer motorcycle evehicle custom1 custom2" speed="13.89" length="12.28" shape="354.96,247.12 358.52,248.26 360.93,249.19 363.39,249.90 367.07,250.37"/>
        <lane id=":1500901729_1_1" index="1" allow="private emergency authority army vip passenger hov taxi bus coach delivery truck trailer motorcycle evehicle custom1 custom2" speed="13.89" length="12.28" shape="355.80,244.04 359.19,245.13 361.48,246.03 363.81,246.72 367.30,247.18"/>
    </edge>
    <edge id=":236725119_0" function="internal">
        <lane id=":236725119_0_0" index="0" disallow="tram rail_urban rail rail_electric rail_fast ship" speed="16.67" length="8.21" shape="331.26,166.93 329.99,168.97 328.80,170.17 327.61,171.37 326.33,173.42"/>
        <lane id=":236725119_0_1" index="1" disallow="tram rail_urban rail rail_electric rail_fast ship" speed="16.67" length="8.21" shape="334.14,168.32 332.87,170.37 331.68,171.57 330.48,172.77 329.21,174.82"/>
        <lane id=":236725119_0_2" index="2" disallow="tram rail_urban rail rail_electric rail_fast ship" speed="16.67" length="8.21" shape="337.02,169.71 335.75,171.76 334.56,172.96 333.36,174.17 332.09,176.22"/>
        <lane id=":236725119_0_3" index="3" disallow="tram rail_urban rail rail_electric rail_fast ship" speed="16.67" length="8.21" shape="337.02,169.71 336.20,171.98 336.00,173.66 335.79,175.35 334.97,177.62"/>
    </edge>
    <edge id=":236726630_0" function="internal">
        <lane id=":236726630_0_0" index="0" allow="private emergency authority army vip passenger hov taxi bus coach delivery truck trailer motorcycle evehicle custom1 custom2" speed="15.28" length="8.87" shape="421.22,55.27 422.73,53.19 424.10,52.04 425.72,51.12 427.94,49.69"/>
    </edge>
    <edge id=":236726630_1" function="internal">
        <lane id=":236726630_1_0" index="0" disallow="tram rail_urban rail rail_electric rail_fast ship" speed="16.67" length="9.73" shape="418.49,53.61 420.23,51.43 421.85,50.30 423.52,49.19 425.37,47.09"/>
        <lane id=":236726630_1_1" index="1" disallow="tram rail_urban rail rail_electric rail_fast ship" speed="16.67" length="9.73" shape="415.75,51.95 417.52,49.73 419.16,48.57 420.84,47.43 422.72,45.29"/>
        <lane id=":236726630_1_2" index="2" disallow="tram rail_urban rail rail_electric rail_fast ship" speed="16.67" length="9.73" shape="413.02,50.29 414.81,48.03 416.47,46.84 418.17,45.67 420.08,43.49"/>
    </edge>
    <edge id=":4600334151_0" function="internal">
        <lane id=":4600334151_0_0" index="0" disallow="tram rail_urban rail rail_electric rail_fast ship" speed="16.67" length="8.21" shape="394.25,96.56 395.70,94.64 397.00,93.55 398.30,92.47 399.76,90.56"/>
        <lane id=":4600334151_0_1" index="1" disallow="tram rail_urban rail rail_electric rail_fast ship" speed="16.67" length="8.21" shape="394.25,96.56 395.28,94.38 395.63,92.72 396.00,91.07 397.03,88.89"/>
        <lane id=":4600334151_0_2" index="2" disallow="tram rail_urban rail rail_electric rail_fast ship" speed="16.67" length="8.21" shape="391.51,94.90 392.54,92.72 392.90,91.07 393.26,89.41 394.29,87.23"/>
        <lane id=":4600334151_0_3" index="3" disallow="tram rail_urban rail rail_electric rail_fast ship" speed="16.67" length="8.21" shape="388.77,93.25 389.80,91.07 390.16,89.41 390.52,87.75 391.56,85.57"/>
    </edge>
    <edge id=":4602629724_0" function="internal">
        <lane id=":4602629724_0_0" index="0" allow="private emergency authority army vip passenger hov taxi bus coach delivery truck trailer motorcycle evehicle custom1 custom2" speed="13.89" length="9.25" shape="470.67,29.98 473.12,30.65 474.76,31.27 476.26,32.18 478.29,33.71"/>
        <lane id=":4602629724_0_1" index="1" allow="private emergency authority army vip passenger hov taxi bus coach delivery truck trailer motorcycle evehicle custom1 custom2" speed="13.89" length="9.25" shape="470.67,29.98 473.60,30.26 475.78,29.93 477.79,29.92 480.24,31.18"/>
    </edge>
    <edge id=":5278399992_0" function="internal">
        <lane id=":5278399992_0_0" index="0" allow="pedestrian delivery bicycle" speed="3.65" length="4.67" shape="669.62,74.58 670.41,75.79 671.21,76.19 672.01,75.79 672.82,74.60"/>
    </edge>
    <edge id=":5599806365_0" function="internal">
        <lane id=":5599806365_0_0" index="0" disallow="tram rail_urban rail rail_electric rail_fast ship" speed="16.67" length="6.83" shape="291.61,255.87 290.53,257.58 289.39,258.52 288.29,259.47 287.35,261.23"/>
        <lane id=":5599806365_0_1" index="1" disallow="tram rail_urban rail rail_electric rail_fast ship" speed="16.67" length="6.83" shape="294.55,257.14 293.50,258.78 292.37,259.66 291.30,260.57 290.38,262.26"/>
    </edge>
    <edge id=":5599806365_2" function="internal">
        <lane id=":5599806365_2_0" index="0" disallow="pedestrian tram rail_urban rail rail_electric rail_fast ship" speed="5.62" length="5.54" shape="297.98,261.12 296.32,261.06 295.01,261.41 294.04,262.15 293.41,263.29"/>
    </edge>
    <edge id=":5599806370_0" function="internal">
        <lane id=":5599806370_0_0" index="0" disallow="tram rail_urban rail rail_electric rail_fast ship" speed="16.67" length="5.75" shape="308.99,268.58 309.39,266.98 309.37,265.81 309.38,264.64 309.83,263.07"/>
        <lane id=":5599806370_0_1" index="1" disallow="tram rail_urban rail rail_electric rail_fast ship" speed="16.67" length="5.75" shape="306.00,267.43 306.41,265.80 306.41,264.60 306.42,263.41 306.90,261.80"/>
        <lane id=":5599806370_0_2" index="2" disallow="tram rail_urban rail rail_electric rail_fast ship" speed="16.67" length="5.75" shape="303.02,266.29 303.44,264.62 303.44,263.39 303.47,262.18 303.96,260.53"/>
    </edge>
    <edge id=":5599806370_3" function="internal">
        <lane id=":5599806370_3_0" index="0" disallow="pedestrian tram rail_urban rail rail_electric rail_fast ship" speed="4.95" length="4.68" shape="300.03,265.14 300.35,263.83 300.22,262.74 299.65,261.89 298.62,261.26"/>
    </edge>
    <edge id=":7432025284_0" function="internal">
        <lane id=":7432025284_0_0" index="0" allow="pedestrian delivery bicycle" speed="3.65" length="4.67" shape="635.25,31.12 633.82,30.90 632.99,31.22 632.74,32.08 633.09,33.48"/>
    </edge>
    <edge id=":cluster_1500901726_1500901727_0" function="internal">
        <lane id=":cluster_1500901726_1500901727_0_0" index="0" disallow="tram rail_urban rail rail_electric rail_fast ship" speed="8.97" length="26.34" shape="303.98,219.46 309.35,210.37 310.61,209.84 307.78,217.87 300.84,234.46"/>
        <lane id=":cluster_1500901726_1500901727_0_1" index="1" disallow="tram rail_urban rail rail_electric rail_fast ship" speed="16.67" length="26.34" shape="306.34,221.85 305.03,225.79 304.95,228.74 304.92,231.72 303.78,235.73"/>
    </edge>
    <edge id=":cluster_1500901726_1500901727_2" function="internal">
        <lane id=":cluster_1500901726_1500901727_2_0" index="0" allow="private emergency authority army vip passenger hov taxi bus coach delivery truck trailer motorcycle evehicle custom1 custom2" speed="9.85" length="12.65" shape="309.21,223.14 307.76,228.54 310.97,232.91 312.42,233.68"/>
        <lane id=":cluster_1500901726_1500901727_2_1" index="1" allow="private emergency authority army vip passenger hov taxi bus coach delivery truck trailer motorcycle evehicle custom1 custom2" speed="8.83" length="7.17" shape="312.15,224.46 311.57,228.16 313.93,230.65"/>
    </edge>
    <edge id=":cluster_1500901726_1500901727_4" function="internal">
        <lane id=":cluster_1500901726_1500901727_4_0" index="0" disallow="tram rail_urban rail rail_electric rail_fast ship" speed="4.98" length="6.71" shape="312.15,224.46 312.66,227.53 313.88,229.03 315.54,228.96"/>
    </edge>
    <edge id=":cluster_1500901726_1500901727_8" function="internal">
        <lane id=":cluster_1500901726_1500901727_8_0" index="0" allow="private emergency authority army vip passenger hov taxi bus coach delivery truck trailer motorcycle evehicle custom1 custom2" speed="9.85" length="15.12" shape="312.42,233.68 317.60,236.43 326.40,239.30"/>
    </edge>
    <edge id=":cluster_1500901726_1500901727_9" function="internal">
        <lane id=":cluster_1500901726_1500901727_9_0" index="0" allow="private emergency authority army vip passenger hov taxi bus coach delivery truck trailer motorcycle evehicle custom1 custom2" speed="8.83" length="14.54" shape="313.93,230.65 314.53,231.29 320.07,233.94 327.25,236.21"/>
    </edge>
    <edge id=":cluster_1500901726_1500901727_10" function="internal">
        <lane id=":cluster_1500901726_1500901727_10_0" index="0" disallow="tram rail_urban rail rail_electric rail_fast ship" speed="4.98" length="3.38" shape="315.54,228.96 315.81,228.95 318.45,227.29"/>
    </edge>
    <edge id=":cluster_1500901726_1500901727_5" function="internal">
        <lane id=":cluster_1500901726_1500901727_5_0" index="0" disallow="tram rail_urban rail rail_electric rail_fast ship" speed="16.67" length="13.50" shape="318.85,242.22 324.29,229.92"/>
        <lane id=":cluster_1500901726_1500901727_5_1" index="1" disallow="tram rail_urban rail rail_electric rail_fast ship" speed="16.67" length="13.50" shape="315.91,240.96 321.37,228.61"/>
        <lane id=":cluster_1500901726_1500901727_5_2" index="2" disallow="tram rail_urban rail rail_electric rail_fast ship" speed="16.67" length="13.50" shape="312.97,239.69 318.45,227.29"/>
    </edge>

    <edge id="-1105373050" from="10115292029" to="10115292030" priority="1" type="highway.service">
        <lane id="-1105373050_0" index="0" allow="pedestrian delivery bicycle" speed="5.56" length="6.45" shape="680.68,61.52 674.50,63.38">
            <param key="origId" value="1105373050"/>
        </lane>
    </edge>
    <edge id="-469646985#0" from="10115292030" to="7432025284" priority="1" type="highway.service">
        <lane id="-469646985#0_0" index="0" allow="pedestrian delivery bicycle" speed="5.56" length="46.83" shape="669.89,62.62 635.25,31.12">
            <param key="origId" value="469646985"/>
        </lane>
    </edge>
    <edge id="-469646985#1" from="5278399992" to="10115292030" priority="1" type="highway.service">
        <lane id="-469646985#1_0" index="0" allow="pedestrian delivery bicycle" speed="5.56" length="4.70" shape="672.82,74.60 672.85,69.90">
            <param key="origId" value="469646985"/>
        </lane>
    </edge>
    <edge id="1105373050" from="10115292030" to="10115292029" priority="1" type="highway.service">
        <lane id="1105373050_0" index="0" allow="pedestrian delivery bicycle" speed="5.56" length="6.45" shape="675.43,66.45 681.60,64.58">
            <param key="origId" value="1105373050"/>
        </lane>
    </edge>
    <edge id="133983834" from="158046116" to="4600357233" name="Kranji Expressway" priority="14" type="highway.motorway" spreadType="center" shape="139.02,242.33 203.65,233.63 232.25,230.96 284.70,226.76 320.38,225.61 381.02,225.44 456.94,227.88 480.73,229.18 510.48,231.24 536.23,233.88 575.52,239.36 621.69,246.54 671.87,254.43 718.22,264.05 751.53,272.10 784.25,282.03">
        <lane id="133983834_0" index="0" allow="private emergency authority army vip passenger hov taxi bus coach delivery truck trailer motorcycle evehicle custom1 custom2" speed="25.00" length="651.38" shape="139.45,245.50 204.01,236.81 232.53,234.15 284.88,229.96 320.44,228.81 380.97,228.64 456.80,231.08 480.53,232.37 510.21,234.43 535.85,237.06 575.05,242.53 621.20,249.70 671.30,257.58 717.52,267.17 750.69,275.19 783.32,285.09">
            <param key="origId" value="133983834 133983828 136807057 1136107295"/>
        </lane>
        <lane id="133983834_1" index="1" allow="private emergency authority army vip passenger hov taxi bus coach delivery truck trailer motorcycle evehicle custom1 custom2" speed="25.00" length="651.38" shape="139.02,242.33 203.65,233.63 232.25,230.96 284.70,226.76 320.38,225.61 381.02,225.44 456.94,227.88 480.73,229.18 510.48,231.24 536.23,233.88 575.52,239.36 621.69,246.54 671.87,254.43 718.22,264.05 751.53,272.10 784.25,282.03">
            <param key="origId" value="133983834 133983828 136807057 1136107295"/>
        </lane>
        <lane id="133983834_2" index="2" allow="private emergency authority army vip passenger hov taxi bus coach delivery truck trailer motorcycle evehicle custom1 custom2" speed="25.00" length="651.38" shape="138.59,239.16 203.29,230.45 231.97,227.77 284.52,223.56 320.32,222.41 381.07,222.24 457.08,224.68 480.93,225.99 510.75,228.05 536.61,230.70 575.99,236.19 622.18,243.38 672.44,251.28 718.92,260.93 752.37,269.01 785.18,278.97">
            <param key="origId" value="133983834 133983828 136807057 1136107295"/>
        </lane>
        <param key="ref" value="KJE"/>
    </edge>
    <edge id="134767269" from="1481210305" to="1481210268" priority="9" type="highway.motorway_link" spreadType="center" shape="417.51,273.60 467.74,280.25 504.49,282.07 522.64,281.42 540.78,279.40 555.62,275.77 569.43,270.78 579.44,265.98 589.12,259.80 596.97,251.84 603.44,243.20 615.35,211.76 618.46,196.84 619.74,182.16 619.10,167.79 616.90,152.39 607.74,127.72 592.01,100.37">
        <lane id="134767269_0" index="0" allow="private emergency authority army vip passenger hov taxi bus coach delivery truck trailer motorcycle evehicle custom1 custom2" speed="13.89" length="323.71" shape="421.26,275.71 467.60,281.84 504.48,283.67 522.76,283.02 541.06,280.98 556.08,277.30 570.05,272.26 580.22,267.38 590.13,261.05 598.19,252.89 604.86,243.98 616.89,212.21 620.05,197.07 621.34,182.19 620.69,167.64 618.46,151.99 609.19,127.04 604.41,118.73">
            <param key="origId" value="134767269"/>
        </lane>
        <lane id="134767269_1" index="1" allow="private emergency authority army vip passenger hov taxi bus coach delivery truck trailer motorcycle evehicle custom1 custom2" speed="13.89" length="323.71" shape="421.68,272.54 467.88,278.66 504.50,280.47 522.52,279.82 540.50,277.82 555.16,274.24 568.81,269.30 578.66,264.58 588.11,258.55 595.75,250.79 602.02,242.42 613.81,211.31 616.87,196.61 618.14,182.13 617.51,167.94 615.34,152.79 606.29,128.40 601.64,120.32">
            <param key="origId" value="134767269"/>
        </lane>
    </edge>
    <edge id="134767273" from="158044158" to="1481210305" name="Kranji Expressway" priority="9" type="highway.motorway_link" spreadType="center" shape="0.00,270.02 52.32,265.99 73.22,262.50 94.14,259.86 113.60,258.33 132.95,257.43 160.46,256.06 188.15,254.86 209.10,254.86 230.16,255.53 258.77,256.87 287.94,258.69 309.93,260.81 332.07,263.60 417.51,273.60">
        <lane id="134767273_0" index="0" allow="private emergency authority army vip passenger hov taxi bus coach delivery truck trailer motorcycle evehicle custom1 custom2" speed="13.89" length="415.23" shape="-0.00,270.02 52.32,265.99 73.22,262.50 94.14,259.86 113.60,258.33 132.95,257.43 160.46,256.06 188.15,254.86 209.10,254.86 230.16,255.53 258.77,256.87 287.94,258.69 309.93,260.81 332.07,263.60 413.54,273.14">
            <param key="origId" value="134767273"/>
        </lane>
    </edge>
    <edge id="136807062" from="1500901721" to="1500901724" priority="9" type="highway.motorway_link" spreadType="center" shape="451.20,195.23 417.68,196.27 368.56,198.40 325.36,200.55 279.34,205.67 252.82,209.49">
        <lane id="136807062_0" index="0" allow="private emergency authority army vip passenger hov taxi bus coach delivery truck trailer motorcycle evehicle custom1 custom2" speed="13.89" length="115.55" shape="447.24,195.35 417.68,196.27 368.56,198.40 331.79,200.23">
            <param key="origId" value="136807062"/>
        </lane>
    </edge>
    <edge id="136807063" from="236727711" to="1500901729" priority="9" type="highway.motorway_link" spreadType="center" shape="289.73,305.43 303.68,287.67 315.12,274.11 322.70,267.07 328.73,263.15 331.21,261.53 341.39,256.62 366.98,248.76">
        <lane id="136807063_0" index="0" allow="private emergency authority army vip passenger hov taxi bus coach delivery truck trailer motorcycle evehicle custom1 custom2" speed="13.89" length="58.49" shape="307.12,283.60 315.12,274.11 322.70,267.07 328.73,263.15 331.21,261.53 341.39,256.62 355.04,252.43">
            <param key="origId" value="136807063"/>
        </lane>
    </edge>
    <edge id="176204638" from="1481210268" to="1474198012" priority="9" type="highway.motorway_link" spreadType="center" shape="592.01,100.37 585.29,93.11 573.65,81.54 552.87,65.36 528.82,48.81 496.42,27.06">
        <lane id="176204638_0" index="0" allow="private emergency authority army vip passenger hov taxi bus coach delivery truck trailer motorcycle evehicle custom1 custom2" speed="13.89" length="125.99" shape="597.85,101.96 587.59,90.89 575.77,79.13 554.76,62.78 530.62,46.16 498.20,24.40">
            <param key="origId" value="176204638"/>
        </lane>
        <lane id="176204638_1" index="1" allow="private emergency authority army vip passenger hov taxi bus coach delivery truck trailer motorcycle evehicle custom1 custom2" speed="13.89" length="125.99" shape="595.50,104.14 585.29,93.11 573.65,81.54 552.87,65.36 528.82,48.81 496.42,27.06">
            <param key="origId" value="176204638"/>
        </lane>
        <lane id="176204638_2" index="2" allow="private emergency authority army vip passenger hov taxi bus coach delivery truck trailer motorcycle evehicle custom1 custom2" speed="13.89" length="125.99" shape="593.15,106.31 582.99,95.33 571.53,83.95 550.98,67.94 527.02,51.46 494.64,29.72">
            <param key="origId" value="176204638"/>
        </lane>
    </edge>
    <edge id="262190480" from="158043238" to="1500901724" name="Kranji Expressway" priority="14" type="highway.motorway" spreadType="center" shape="1200.75,401.26 1157.83,389.71 1084.14,367.17 1024.27,345.43 969.78,324.47 912.38,305.18 876.49,291.78 838.49,279.72 804.11,267.78 767.78,256.96 737.02,249.98 707.70,242.96 684.51,237.95 666.24,234.02 630.84,227.59 582.58,221.24 545.14,216.28 513.38,213.87 482.32,211.47 457.94,209.56 375.30,205.87 346.68,206.27 295.56,207.62 252.82,209.49">
        <lane id="262190480_0" index="0" allow="private emergency authority army vip passenger hov taxi bus coach delivery truck trailer motorcycle evehicle custom1 custom2" speed="25.00" length="896.40" shape="1201.58,398.17 1158.71,386.63 1085.15,364.13 1025.39,342.43 970.86,321.46 913.45,302.16 877.53,288.75 839.50,276.68 805.09,264.73 768.59,253.86 737.75,246.86 708.41,239.84 685.18,234.82 666.86,230.88 631.33,224.43 583.00,218.07 545.47,213.10 513.62,210.68 482.57,208.28 458.14,206.37 375.35,202.67 346.62,203.07 332.09,203.45">
            <param key="origId" value="262190480 136807058 136807059 133983832"/>
        </lane>
        <lane id="262190480_1" index="1" allow="private emergency authority army vip passenger hov taxi bus coach delivery truck trailer motorcycle evehicle custom1 custom2" speed="25.00" length="896.40" shape="1200.75,401.26 1157.83,389.71 1084.14,367.17 1024.27,345.43 969.78,324.47 912.38,305.18 876.49,291.78 838.49,279.72 804.11,267.78 767.78,256.96 737.02,249.98 707.70,242.96 684.51,237.95 666.24,234.02 630.84,227.59 582.58,221.24 545.14,216.28 513.38,213.87 482.32,211.47 457.94,209.56 375.30,205.87 346.68,206.27 332.23,206.65">
            <param key="origId" value="262190480 136807058 136807059 133983832"/>
        </lane>
        <lane id="262190480_2" index="2" allow="private emergency authority army vip passenger hov taxi bus coach delivery truck trailer motorcycle evehicle custom1 custom2" speed="25.00" length="896.40" shape="1199.92,404.35 1156.95,392.79 1083.13,370.21 1023.15,348.43 968.70,327.48 911.31,308.20 875.45,294.81 837.48,282.76 803.13,270.83 766.97,260.06 736.29,253.10 706.99,246.08 683.84,241.08 665.62,237.16 630.35,230.75 582.16,224.41 544.81,219.46 513.14,217.06 482.07,214.66 457.74,212.75 375.25,209.07 346.74,209.47 332.37,209.85">
            <param key="origId" value="262190480 136807058 136807059 133983832"/>
        </lane>
        <param key="ref" value="KJE"/>
    </edge>
    <edge id="465274271" from="236726630" to="4602629724" priority="9" type="highway.motorway_link" spreadType="center" shape="412.83,59.83 424.72,52.02 446.02,36.63 449.69,34.40 454.34,31.56 460.97,29.23 467.70,29.21 478.81,32.09">
        <lane id="465274271_0" index="0" allow="private emergency authority army vip passenger hov taxi bus coach delivery truck trailer motorcycle evehicle custom1 custom2" speed="13.89" length="48.87" shape="427.94,49.69 446.02,36.63 449.69,34.40 454.34,31.56 460.97,29.23 467.70,29.21 470.67,29.98">
            <param key="origId" value="465274271"/>
        </lane>
    </edge>
    <edge id="469646985#0" from="7432025284" to="10115292030" priority="1" type="highway.service">
        <lane id="469646985#0_0" index="0" allow="pedestrian delivery bicycle" speed="5.56" length="46.83" shape="633.09,33.48 667.74,64.99">
            <param key="origId" value="469646985"/>
        </lane>
    </edge>
    <edge id="469646985#1" from="10115292030" to="5278399992" priority="1" type="highway.service">
        <lane id="469646985#1_0" index="0" allow="pedestrian delivery bicycle" speed="5.56" length="4.70" shape="669.65,69.88 669.62,74.58">
            <param key="origId" value="469646985"/>
        </lane>
    </edge>
    <edge id="473962832" from="236726630" to="1500901715" name="Woodlands Road" priority="12" type="highway.primary" spreadType="center">
        <lane id="473962832_0" index="0" disallow="tram rail_urban rail rail_electric rail_fast ship" speed="16.67" length="42.72" shape="425.37,47.09 449.41,11.77">
            <param key="origId" value="473962832"/>
        </lane>
        <lane id="473962832_1" index="1" disallow="tram rail_urban rail rail_electric rail_fast ship" speed="16.67" length="42.72" shape="422.72,45.29 446.76,9.97">
            <param key="origId" value="473962832"/>
        </lane>
        <lane id="473962832_2" index="2" disallow="tram rail_urban rail rail_electric rail_fast ship" speed="16.67" length="42.72" shape="420.08,43.49 444.11,8.17">
            <param key="origId" value="473962832"/>
        </lane>
    </edge>
    <edge id="473962833" from="4602629724" to="1500901721" priority="9" type="highway.motorway_link" spreadType="center" shape="478.81,32.09 505.73,52.85 521.00,63.46 539.89,77.65 549.24,87.31 556.87,97.92 561.26,107.96 563.74,118.38 564.52,129.18 563.94,139.97 560.71,151.15 555.00,161.02 546.61,170.68 536.88,178.07 525.07,183.95 512.47,187.75 500.08,190.41 476.60,193.47 451.20,195.23">
        <lane id="473962833_0" index="0" allow="private emergency authority army vip passenger hov taxi bus coach delivery truck trailer motorcycle evehicle custom1 custom2" speed="13.89" length="277.71" shape="478.29,33.71 504.78,54.14 520.06,64.76 538.83,78.85 548.01,88.34 555.47,98.72 559.74,108.47 562.15,118.62 562.92,129.19 562.35,139.70 559.23,150.52 553.69,160.09 545.51,169.51 536.03,176.70 524.48,182.46 512.07,186.20 499.81,188.83 476.44,191.88 455.04,193.36">
            <param key="origId" value="473962833"/>
        </lane>
        <lane id="473962833_1" index="1" allow="private emergency authority army vip passenger hov taxi bus coach delivery truck trailer motorcycle evehicle custom1 custom2" speed="13.89" length="277.71" shape="480.24,31.18 506.68,51.56 521.94,62.16 540.95,76.45 550.47,86.28 558.27,97.12 562.78,107.45 565.33,118.14 566.12,129.17 565.53,140.24 562.19,151.78 556.31,161.95 547.71,171.85 537.73,179.44 525.66,185.44 512.87,189.30 500.35,191.99 476.76,195.06 455.26,196.55">
            <param key="origId" value="473962833"/>
        </lane>
    </edge>
    <edge id="516955277" from="1500901729" to="4600357227" priority="9" type="highway.motorway_link" spreadType="center" shape="366.98,248.76 428.97,253.38 556.91,259.72 616.79,265.00 642.21,268.15 663.12,271.49 689.31,276.73 718.34,282.86">
        <lane id="516955277_0" index="0" allow="private emergency authority army vip passenger hov taxi bus coach delivery truck trailer motorcycle evehicle custom1 custom2" speed="13.89" length="353.33" shape="367.07,250.37 428.87,254.98 556.80,261.32 616.62,266.59 641.99,269.73 662.84,273.07 688.99,278.30 718.01,284.43">
            <param key="origId" value="516955277 136807061 136807064"/>
        </lane>
        <lane id="516955277_1" index="1" allow="private emergency authority army vip passenger hov taxi bus coach delivery truck trailer motorcycle evehicle custom1 custom2" speed="13.89" length="353.33" shape="367.30,247.18 429.07,251.78 557.02,258.12 616.96,263.41 642.43,266.57 663.40,269.91 689.63,275.16 718.67,281.29">
            <param key="origId" value="516955277 136807061 136807064"/>
        </lane>
    </edge>
    <edge id="516955278" from="cluster_1500901726_1500901727" to="4600334151" name="Woodlands Road" priority="12" type="highway.primary" spreadType="center" shape="318.31,235.41 326.60,216.97 327.99,213.88 343.46,182.44 358.32,151.56 374.14,123.70 393.58,91.48">
        <lane id="516955278_0" index="0" disallow="tram rail_urban rail rail_electric rail_fast ship" speed="16.67" length="151.12" shape="324.29,229.92 329.52,218.28 330.89,215.24 346.34,183.84 361.16,153.05 376.90,125.32 394.25,96.56">
            <param key="origId" value="516955278"/>
        </lane>
        <lane id="516955278_1" index="1" disallow="tram rail_urban rail rail_electric rail_fast ship" speed="16.67" length="151.12" shape="321.37,228.61 326.60,216.97 327.99,213.88 343.46,182.44 358.32,151.56 374.14,123.70 391.51,94.90">
            <param key="origId" value="516955278"/>
        </lane>
        <lane id="516955278_2" index="2" disallow="tram rail_urban rail rail_electric rail_fast ship" speed="16.67" length="151.12" shape="318.45,227.29 323.68,215.66 325.09,212.52 340.58,181.04 355.48,150.07 371.38,122.08 388.77,93.25">
            <param key="origId" value="516955278"/>
        </lane>
        <param key="origFrom" value="1500901727"/>
    </edge>
    <edge id="534568989" from="5146728014" to="1481210268" priority="9" type="highway.motorway_link" spreadType="center" shape="878.52,277.18 713.37,210.53 687.67,198.10 672.82,189.39 662.37,181.73 655.71,176.18 648.29,168.65 639.20,158.74 614.77,124.66 592.01,100.37">
        <lane id="534568989_0" index="0" allow="private emergency authority army vip passenger hov taxi bus coach delivery truck trailer motorcycle evehicle custom1 custom2" speed="13.89" length="322.44" shape="878.52,277.18 713.37,210.53 687.67,198.10 672.82,189.39 662.37,181.73 655.71,176.18 648.29,168.65 639.20,158.74 614.77,124.66 607.25,116.63">
            <param key="origId" value="534568989"/>
        </lane>
    </edge>
    <edge id="536935741" from="5599806365" to="2660680509" name="Woodlands Road" priority="12" type="highway.primary" spreadType="center" shape="289.59,264.60 278.29,297.93 265.58,340.57 253.64,380.91 240.99,419.93 227.26,472.44 209.93,560.12">
        <lane id="536935741_0" index="0" disallow="tram rail_urban rail rail_electric rail_fast ship" speed="16.67" length="308.90" shape="287.35,261.23 275.24,296.96 262.51,339.66 250.58,379.96 237.92,419.03 224.14,471.72 206.79,559.50">
            <param key="origId" value="536935741"/>
        </lane>
        <lane id="536935741_1" index="1" disallow="tram rail_urban rail rail_electric rail_fast ship" speed="16.67" length="308.90" shape="290.38,262.26 278.29,297.93 265.58,340.57 253.64,380.91 240.99,419.93 227.26,472.44 209.93,560.12">
            <param key="origId" value="536935741"/>
        </lane>
        <lane id="536935741_2" index="2" disallow="tram rail_urban rail rail_electric rail_fast ship" speed="16.67" length="308.90" shape="293.41,263.29 281.34,298.90 268.65,341.48 256.70,381.86 244.06,420.83 230.38,473.16 213.07,560.74">
            <param key="origId" value="536935741"/>
        </lane>
    </edge>
    <edge id="586029243" from="5599806370" to="5599806365" priority="7" type="highway.primary_link" spreadType="center" shape="302.97,270.88 303.04,266.48 302.11,263.90 300.38,261.98 298.44,261.18 295.16,260.73 293.04,261.30 289.59,264.60">
        <lane id="586029243_0" index="0" disallow="pedestrian tram rail_urban rail rail_electric rail_fast ship" speed="13.89" length="0.66" shape="298.62,261.26 298.44,261.18 297.98,261.12">
            <param key="origId" value="586029243"/>
        </lane>
    </edge>
    <edge id="631884799" from="4600334151" to="236726630" name="Woodlands Road" priority="12" type="highway.primary" spreadType="center">
        <lane id="631884799_0" index="0" disallow="tram rail_urban rail rail_electric rail_fast ship" speed="16.67" length="41.30" shape="399.76,90.56 421.22,55.27">
            <param key="origId" value="631884799"/>
        </lane>
        <lane id="631884799_1" index="1" disallow="tram rail_urban rail rail_electric rail_fast ship" speed="16.67" length="41.30" shape="397.03,88.89 418.49,53.61">
            <param key="origId" value="631884799"/>
        </lane>
        <lane id="631884799_2" index="2" disallow="tram rail_urban rail rail_electric rail_fast ship" speed="16.67" length="41.30" shape="394.29,87.23 415.75,51.95">
            <param key="origId" value="631884799"/>
        </lane>
        <lane id="631884799_3" index="3" disallow="tram rail_urban rail rail_electric rail_fast ship" speed="16.67" length="41.30" shape="391.56,85.57 413.02,50.29">
            <param key="origId" value="631884799"/>
        </lane>
    </edge>
    <edge id="631936677" from="236727711" to="5599806370" name="Woodlands Road" priority="12" type="highway.primary" spreadType="center">
        <lane id="631936677_0" index="0" disallow="tram rail_urban rail rail_electric rail_fast ship" speed="16.67" length="14.14" shape="303.93,281.78 308.99,268.58">
            <param key="origId" value="631936677"/>
        </lane>
        <lane id="631936677_1" index="1" disallow="tram rail_urban rail rail_electric rail_fast ship" speed="16.67" length="14.14" shape="300.94,280.64 306.00,267.43">
            <param key="origId" value="631936677"/>
        </lane>
        <lane id="631936677_2" index="2" disallow="tram rail_urban rail rail_electric rail_fast ship" speed="16.67" length="14.14" shape="297.96,279.49 303.02,266.29">
            <param key="origId" value="631936677"/>
        </lane>
        <lane id="631936677_3" index="3" disallow="tram rail_urban rail rail_electric rail_fast ship" speed="16.67" length="14.14" shape="294.97,278.35 300.03,265.14">
            <param key="origId" value="631936677"/>
        </lane>
    </edge>
    <edge id="631937865#0" from="cluster_1500901726_1500901727" to="1500901729" priority="9" type="highway.motorway_link" spreadType="center" shape="318.31,235.41 326.99,237.80 366.98,248.76">
        <lane id="631937865#0_0" index="0" allow="private emergency authority army vip passenger hov taxi bus coach delivery truck trailer motorcycle evehicle custom1 custom2" speed="13.89" length="29.61" shape="326.40,239.30 326.57,239.34 354.96,247.12">
            <param key="origId" value="631937865"/>
        </lane>
        <lane id="631937865#0_1" index="1" allow="private emergency authority army vip passenger hov taxi bus coach delivery truck trailer motorcycle evehicle custom1 custom2" speed="13.89" length="29.61" shape="327.25,236.21 327.41,236.26 355.80,244.04">
            <param key="origId" value="631937865"/>
        </lane>
        <param key="origFrom" value="1500901727"/>
    </edge>
    <edge id="634174688#0" from="1500901713" to="236725119" name="Woodlands Road" priority="12" type="highway.primary" spreadType="center" shape="430.34,0.00 430.28,0.09 391.80,58.43 373.06,90.68 358.62,117.67 344.44,146.96 332.40,171.92">
        <lane id="634174688#0_0" index="0" disallow="tram rail_urban rail rail_electric rail_fast ship" speed="16.67" length="194.16" shape="427.68,-1.78 427.61,-1.68 389.08,56.74 370.26,89.12 355.77,116.22 341.56,145.57 331.26,166.93">
            <param key="origId" value="634174688 634174688 536935742"/>
        </lane>
        <lane id="634174688#0_1" index="1" disallow="tram rail_urban rail rail_electric rail_fast ship" speed="16.67" length="194.16" shape="430.34,0.00 430.28,0.09 391.80,58.43 373.06,90.68 358.62,117.67 344.44,146.96 334.14,168.32">
            <param key="origId" value="634174688 634174688 536935742"/>
        </lane>
        <lane id="634174688#0_2" index="2" disallow="tram rail_urban rail rail_electric rail_fast ship" speed="16.67" length="194.16" shape="433.00,1.78 432.95,1.86 394.52,60.12 375.86,92.24 361.47,119.12 347.32,148.35 337.02,169.71">
            <param key="origId" value="634174688 634174688 536935742"/>
        </lane>
    </edge>
    <edge id="634174689#0" from="236725119" to="cluster_1500901726_1500901727" name="Woodlands Road" priority="12" type="highway.primary" spreadType="center" shape="332.40,171.92 310.10,217.75 307.98,222.13 307.78,222.39">
        <lane id="634174689#0_0" index="0" disallow="tram rail_urban rail rail_electric rail_fast ship" speed="16.67" length="52.25" shape="326.33,173.42 305.78,215.65 303.69,219.98 303.98,219.46">
            <param key="origId" value="634174689"/>
        </lane>
        <lane id="634174689#0_1" index="1" disallow="tram rail_urban rail rail_electric rail_fast ship" speed="16.67" length="52.25" shape="329.21,174.82 308.66,217.05 306.34,221.85">
            <param key="origId" value="634174689"/>
        </lane>
        <lane id="634174689#0_2" index="2" disallow="tram rail_urban rail rail_electric rail_fast ship" speed="16.67" length="52.25" shape="332.09,176.22 311.54,218.45 309.41,222.85 309.21,223.14">
            <param key="origId" value="634174689"/>
        </lane>
        <lane id="634174689#0_3" index="3" disallow="tram rail_urban rail rail_electric rail_fast ship" speed="16.67" length="52.25" shape="334.97,177.62 314.42,219.85 312.27,224.28 312.15,224.46">
            <param key="origId" value="634174689"/>
        </lane>
        <param key="origTo" value="1500901726"/>
    </edge>
    <edge id="634177777" from="5599806370" to="cluster_1500901726_1500901727" name="Woodlands Road" priority="12" type="highway.primary" spreadType="center" shape="302.97,270.88 318.31,235.41">
        <lane id="634177777_0" index="0" disallow="tram rail_urban rail rail_electric rail_fast ship" speed="16.67" length="22.71" shape="309.83,263.07 318.85,242.22">
            <param key="origId" value="634177777"/>
        </lane>
        <lane id="634177777_1" index="1" disallow="tram rail_urban rail rail_electric rail_fast ship" speed="16.67" length="22.71" shape="306.90,261.80 315.91,240.96">
            <param key="origId" value="634177777"/>
        </lane>
        <lane id="634177777_2" index="2" disallow="tram rail_urban rail rail_electric rail_fast ship" speed="16.67" length="22.71" shape="303.96,260.53 312.97,239.69">
            <param key="origId" value="634177777"/>
        </lane>
        <param key="origTo" value="1500901727"/>
    </edge>
    <edge id="719252111" from="cluster_1500901726_1500901727" to="5599806365" name="Woodlands Road" priority="12" type="highway.primary" spreadType="center" shape="307.78,222.39 301.02,238.08 296.09,249.53 289.59,264.60">
        <lane id="719252111_0" index="0" disallow="tram rail_urban rail rail_electric rail_fast ship" speed="16.67" length="23.32" shape="300.84,234.46 299.55,237.45 294.62,248.90 291.61,255.87">
            <param key="origId" value="719252111 634176608"/>
        </lane>
        <lane id="719252111_1" index="1" disallow="tram rail_urban rail rail_electric rail_fast ship" speed="16.67" length="23.32" shape="303.78,235.73 302.49,238.71 297.56,250.16 294.55,257.14">
            <param key="origId" value="719252111 634176608"/>
        </lane>
        <param key="origFrom" value="1500901726"/>
    </edge>

    <tlLogic id="cluster_1500901726_1500901727" type="actuated" programID="0" offset="0">
        <phase duration="76" state="GGgggGGG" minDur="7" maxDur="50"/>
        <phase duration="4"  state="yygggyyy"/>
        <phase duration="6"  state="GGGGGrrr" minDur="7" maxDur="50"/>
        <phase duration="4"  state="yyyyyrrr"/>
    </tlLogic>

    <junction id="10115292029" type="priority" x="681.14" y="63.05" incLanes="1105373050_0" intLanes=":10115292029_0_0" shape="681.14,63.05 682.06,66.11 681.14,63.05">
        <request index="0" response="0" foes="0" cont="0"/>
    </junction>
    <junction id="10115292030" type="right_before_left" x="671.27" y="66.03" incLanes="-1105373050_0 -469646985#1_0 469646985#0_0" intLanes=":10115292030_0_0 :10115292030_1_0 :10115292030_2_0 :10115292030_3_0 :10115292030_4_0 :10115292030_5_0 :10115292030_6_0 :10115292030_7_0 :10115292030_8_0" shape="674.04,61.85 675.89,67.98 675.09,68.38 674.81,68.68 674.61,69.03 674.49,69.44 674.45,69.91 668.05,69.87 667.90,68.38 667.71,67.73 667.44,67.14 667.09,66.62 666.67,66.17 670.97,61.43 671.81,61.93 672.29,62.04 672.83,62.07 673.41,62.00">
        <request index="0" response="000000000" foes="100010000" cont="0"/>
        <request index="1" response="011000000" foes="011110000" cont="0"/>
        <request index="2" response="010001000" foes="010001000" cont="0"/>
        <request index="3" response="000000000" foes="010000100" cont="0"/>
        <request index="4" response="000000011" foes="110000011" cont="0"/>
        <request index="5" response="001000010" foes="001000010" cont="0"/>
        <request index="6" response="000000000" foes="000100010" cont="0"/>
        <request index="7" response="000011000" foes="000011110" cont="0"/>
        <request index="8" response="000010001" foes="000010001" cont="0"/>
    </junction>
    <junction id="1474198012" type="dead_end" x="496.42" y="27.06" incLanes="176204638_0 176204638_1 176204638_2" intLanes="" shape="499.10,23.07 493.74,31.05"/>
    <junction id="1481210268" type="priority" x="592.01" y="100.37" incLanes="534568989_0 134767269_0 134767269_1" intLanes=":1481210268_0_0 :1481210268_1_0 :1481210268_1_1" shape="608.41,115.54 606.08,117.72 605.80,117.93 600.25,121.12 598.63,118.10 597.54,115.78 596.66,113.86 595.65,112.03 594.20,109.97 591.97,107.40 599.02,100.88 601.36,103.74 602.76,106.11 603.70,108.22 604.65,110.33 606.06,112.69">
        <request index="0" response="000" foes="000" cont="0"/>
        <request index="1" response="000" foes="000" cont="0"/>
        <request index="2" response="000" foes="000" cont="0"/>
    </junction>
    <junction id="1481210305" type="priority" x="417.51" y="273.60" incLanes="134767273_0" intLanes=":1481210305_0_0 :1481210305_0_1" shape="421.89,270.95 421.05,277.30 418.16,276.50 417.21,275.99 416.25,275.48 415.05,275.04 413.36,274.72 413.73,271.55 416.75,271.48 417.81,271.23 418.87,270.97 420.16,270.84">
        <request index="0" response="00" foes="00" cont="0"/>
        <request index="1" response="00" foes="00" cont="0"/>
    </junction>
    <junction id="1500901713" type="dead_end" x="430.34" y="0.00" incLanes="" intLanes="" shape="434.33,2.66 426.35,-2.66"/>
    <junction id="1500901715" type="dead_end" x="446.76" y="9.97" incLanes="473962832_0 473962832_1 473962832_2" intLanes="" shape="450.73,12.67 442.79,7.27"/>
    <junction id="1500901721" type="priority" x="451.20" y="195.23" incLanes="473962833_0 473962833_1" intLanes=":1500901721_0_0" shape="454.93,191.76 455.38,198.15 452.37,197.94 451.33,197.61 450.29,197.27 449.02,197.02 447.29,196.95 447.19,193.75 450.09,193.24 451.06,192.82 452.04,192.37 453.25,192.00">
        <request index="0" response="0" foes="0" cont="0"/>
    </junction>
    <junction id="1500901724" type="dead_end" x="252.82" y="209.49" incLanes="136807062_0 262190480_0 262190480_1 262190480_2" intLanes="" shape="331.56,198.64 332.02,201.82 332.44,211.45"/>
    <junction id="1500901729" type="priority" x="366.98" y="248.76" incLanes="136807063_0 631937865#0_0 631937865#0_1" intLanes=":1500901729_0_0 :1500901729_1_0 :1500901729_1_1" shape="367.42,245.58 366.95,251.97 364.47,251.85 362.64,251.91 361.14,252.16 359.65,252.59 357.88,253.19 355.51,253.96 354.57,250.90 354.53,248.67 356.23,242.49 358.60,243.23 360.33,243.88 361.75,244.45 363.19,244.93 364.97,245.31">
        <request index="0" response="110" foes="110" cont="0"/>
        <request index="1" response="000" foes="001" cont="0"/>
        <request index="2" response="000" foes="001" cont="0"/>
    </junction>
    <junction id="158043238" type="dead_end" x="1200.75" y="401.26" incLanes="" intLanes="" shape="1199.50,405.90 1202.00,396.62"/>
    <junction id="158044158" type="dead_end" x="0.00" y="270.02" incLanes="" intLanes="" shape="-0.12,268.42 0.12,271.62"/>
    <junction id="158046116" type="dead_end" x="139.02" y="242.33" incLanes="" intLanes="" shape="138.38,237.57 139.66,247.09"/>
    <junction id="236725119" type="priority" x="332.40" y="171.92" incLanes="634174688#0_0 634174688#0_1 634174688#0_2" intLanes=":236725119_0_0 :236725119_0_1 :236725119_0_2 :236725119_0_3" shape="329.81,166.23 338.46,170.40 337.54,173.27 337.34,175.45 337.05,176.71 336.40,178.32 324.90,172.72 326.57,170.22 328.15,168.73 328.96,167.73">
        <request index="0" response="0000" foes="0000" cont="0"/>
        <request index="1" response="0000" foes="0000" cont="0"/>
        <request index="2" response="0000" foes="0000" cont="0"/>
        <request index="3" response="0000" foes="0000" cont="0"/>
    </junction>
    <junction id="236726630" type="priority" x="412.83" y="59.83" incLanes="631884799_0 631884799_1 631884799_2 631884799_3" intLanes=":236726630_0_0 :236726630_1_0 :236726630_1_1 :236726630_1_2" shape="418.76,42.59 426.69,47.99 427.07,48.35 428.82,51.03 426.22,52.63 425.27,53.16 424.41,53.79 423.55,54.70 422.59,56.11 411.65,49.45 412.87,47.76 414.02,46.71 415.12,45.97 416.25,45.25 417.44,44.22">
        <request index="0" response="0000" foes="0000" cont="0"/>
        <request index="1" response="0000" foes="0000" cont="0"/>
        <request index="2" response="0000" foes="0000" cont="0"/>
        <request index="3" response="0000" foes="0000" cont="0"/>
    </junction>
    <junction id="236727711" type="dead_end" x="289.73" y="305.43" incLanes="" intLanes="" shape="293.47,277.77 305.43,282.35 305.86,282.61 308.38,284.59 299.05,294.96 292.46,300.73 288.61,301.90 287.49,298.46 289.11,290.42"/>
    <junction id="2660680509" type="dead_end" x="209.93" y="560.12" incLanes="536935741_0 536935741_1 536935741_2" intLanes="" shape="205.22,559.19 214.64,561.05"/>
    <junction id="4600334151" type="priority" x="393.58" y="91.48" incLanes="516955278_0 516955278_1 516955278_2" intLanes=":4600334151_0_0 :4600334151_0_1 :4600334151_0_2 :4600334151_0_3" shape="390.19,84.74 401.13,91.39 399.23,93.71 397.51,95.05 396.61,95.97 395.62,97.38 387.40,92.42 388.59,89.65 388.99,87.50 389.39,86.28">
        <request index="0" response="0000" foes="0000" cont="0"/>
        <request index="1" response="0000" foes="0000" cont="0"/>
        <request index="2" response="0000" foes="0000" cont="0"/>
        <request index="3" response="0000" foes="0000" cont="0"/>
    </junction>
    <junction id="4600357227" type="dead_end" x="718.34" y="282.86" incLanes="516955277_0 516955277_1" intLanes="" shape="717.68,285.99 719.00,279.73"/>
    <junction id="4600357233" type="dead_end" x="784.25" y="282.03" incLanes="133983834_0 133983834_1 133983834_2" intLanes="" shape="782.86,286.62 785.64,277.44"/>
    <junction id="4602629724" type="priority" x="478.81" y="32.09" incLanes="465274271_0" intLanes=":4602629724_0_0 :4602629724_0_1" shape="481.22,29.91 477.31,34.98 474.95,33.24 474.05,32.72 473.09,32.33 471.90,31.96 470.27,31.53 471.08,28.43 473.27,28.77 475.01,28.69 476.49,28.48 477.89,28.42 479.40,28.80">
        <request index="0" response="00" foes="00" cont="0"/>
        <request index="1" response="00" foes="00" cont="0"/>
    </junction>
    <junction id="5146728014" type="dead_end" x="878.52" y="277.18" incLanes="" intLanes="" shape="877.92,278.66 879.12,275.70"/>
    <junction id="5278399992" type="priority" x="671.22" y="74.59" incLanes="469646985#1_0" intLanes=":5278399992_0_0" shape="671.22,74.59 668.02,74.57 671.22,74.59">
        <request index="0" response="0" foes="0" cont="0"/>
    </junction>
    <junction id="5599806365" type="priority" x="289.59" y="264.60" incLanes="719252111_0 719252111_1 586029243_0" intLanes=":5599806365_0_0 :5599806365_0_1 :5599806365_2_0" shape="290.14,255.24 296.02,257.77 295.85,258.56 295.95,258.86 296.15,259.09 296.47,259.25 296.91,259.36 299.29,263.26 297.18,262.65 296.37,262.64 295.72,262.83 295.24,263.22 294.93,263.80 285.84,260.72 287.14,258.54 287.89,257.94 288.66,257.35 289.42,256.53">
        <request index="0" response="000" foes="000" cont="0"/>
        <request index="1" response="000" foes="000" cont="0"/>
        <request index="2" response="000" foes="000" cont="0"/>
    </junction>
    <junction id="5599806370" type="priority" x="302.97" y="270.88" incLanes="631936677_0 631936677_1 631936677_2 631936677_3" intLanes=":5599806370_0_0 :5599806370_0_1 :5599806370_0_2 :5599806370_3_0" shape="295.77,262.43 300.73,260.39 301.51,260.58 301.83,260.54 302.10,260.41 302.32,260.20 302.49,259.90 311.30,263.71 310.82,265.67 310.85,266.41 310.89,267.16 310.81,268.03 310.49,269.15 298.53,264.57 298.51,263.59 298.16,263.20 297.59,262.87 296.79,262.62">
        <request index="0" response="0000" foes="0000" cont="0"/>
        <request index="1" response="0000" foes="0000" cont="0"/>
        <request index="2" response="0000" foes="0000" cont="0"/>
        <request index="3" response="0000" foes="0000" cont="0"/>
    </junction>
    <junction id="7432025284" type="priority" x="634.17" y="32.30" incLanes="-469646985#0_0" intLanes=":7432025284_0_0" shape="634.17,32.30 636.32,29.93 634.17,32.30">
        <request index="0" response="0" foes="0" cont="0"/>
    </junction>
    <junction id="cluster_1500901726_1500901727" type="traffic_light" x="313.04" y="228.90" incLanes="634174689#0_0 634174689#0_1 634174689#0_2 634174689#0_3 634177777_0 634177777_1 634177777_2" intLanes=":cluster_1500901726_1500901727_0_0 :cluster_1500901726_1500901727_0_1 :cluster_1500901726_1500901727_8_0 :cluster_1500901726_1500901727_9_0 :cluster_1500901726_1500901727_10_0 :cluster_1500901726_1500901727_5_0 :cluster_1500901726_1500901727_5_1 :cluster_1500901726_1500901727_5_2" shape="302.00,219.90 325.75,230.57 325.33,232.44 325.52,233.18 325.97,233.80 326.69,234.30 327.67,234.67 325.97,240.84 323.45,240.54 322.42,240.75 321.56,241.21 320.86,241.91 320.32,242.85 299.37,233.83 300.33,230.98 300.62,228.75 300.60,226.82 300.59,224.91 300.94,222.70">
        <request index="0" response="00000000" foes="00000000" cont="0"/>
        <request index="1" response="00000000" foes="00000000" cont="0"/>
        <request index="2" response="11100000" foes="11100000" cont="1"/>
        <request index="3" response="11100000" foes="11100000" cont="1"/>
        <request index="4" response="11100000" foes="11100000" cont="1"/>
        <request index="5" response="00000000" foes="00011100" cont="0"/>
        <request index="6" response="00000000" foes="00011100" cont="0"/>
        <request index="7" response="00000000" foes="00011100" cont="0"/>
        <param key="origEdgeIds" value="136807065"/>
        <param key="origId" value="1500901726 1500901727"/>
    </junction>

    <junction id=":cluster_1500901726_1500901727_8_0" type="internal" x="312.42" y="233.68" incLanes=":cluster_1500901726_1500901727_2_0 634177777_0 634177777_1 634177777_2" intLanes=":cluster_1500901726_1500901727_5_0 :cluster_1500901726_1500901727_5_1 :cluster_1500901726_1500901727_5_2"/>
    <junction id=":cluster_1500901726_1500901727_9_0" type="internal" x="313.93" y="230.65" incLanes=":cluster_1500901726_1500901727_2_1 634177777_0 634177777_1 634177777_2" intLanes=":cluster_1500901726_1500901727_5_0 :cluster_1500901726_1500901727_5_1 :cluster_1500901726_1500901727_5_2"/>
    <junction id=":cluster_1500901726_1500901727_10_0" type="internal" x="315.54" y="228.96" incLanes=":cluster_1500901726_1500901727_4_0 634177777_0 634177777_1 634177777_2" intLanes=":cluster_1500901726_1500901727_5_0 :cluster_1500901726_1500901727_5_1 :cluster_1500901726_1500901727_5_2"/>

    <connection from="-1105373050" to="-469646985#0" fromLane="0" toLane="0" via=":10115292030_0_0" dir="l" state="M"/>
    <connection from="-1105373050" to="469646985#1" fromLane="0" toLane="0" via=":10115292030_1_0" dir="r" state="="/>
    <connection from="-1105373050" to="1105373050" fromLane="0" toLane="0" via=":10115292030_2_0" dir="T" state="="/>
    <connection from="-469646985#0" to="469646985#0" fromLane="0" toLane="0" via=":7432025284_0_0" dir="T" state="M"/>
    <connection from="-469646985#1" to="1105373050" fromLane="0" toLane="0" via=":10115292030_3_0" dir="l" state="M"/>
    <connection from="-469646985#1" to="-469646985#0" fromLane="0" toLane="0" via=":10115292030_4_0" dir="r" state="="/>
    <connection from="-469646985#1" to="469646985#1" fromLane="0" toLane="0" via=":10115292030_5_0" dir="T" state="="/>
    <connection from="1105373050" to="-1105373050" fromLane="0" toLane="0" via=":10115292029_0_0" dir="T" state="M"/>
    <connection from="134767269" to="176204638" fromLane="0" toLane="1" via=":1481210268_1_0" dir="s" state="M"/>
    <connection from="134767269" to="176204638" fromLane="1" toLane="2" via=":1481210268_1_1" dir="s" state="M"/>
    <connection from="134767273" to="134767269" fromLane="0" toLane="0" via=":1481210305_0_0" dir="s" state="M"/>
    <connection from="134767273" to="134767269" fromLane="0" toLane="1" via=":1481210305_0_1" dir="s" state="M"/>
    <connection from="136807063" to="516955277" fromLane="0" toLane="0" via=":1500901729_0_0" dir="s" state="m"/>
    <connection from="465274271" to="473962833" fromLane="0" toLane="0" via=":4602629724_0_0" dir="s" state="M"/>
    <connection from="465274271" to="473962833" fromLane="0" toLane="1" via=":4602629724_0_1" dir="s" state="M"/>
    <connection from="469646985#0" to="469646985#1" fromLane="0" toLane="0" via=":10115292030_6_0" dir="l" state="M"/>
    <connection from="469646985#0" to="1105373050" fromLane="0" toLane="0" via=":10115292030_7_0" dir="r" state="="/>
    <connection from="469646985#0" to="-469646985#0" fromLane="0" toLane="0" via=":10115292030_8_0" dir="T" state="="/>
    <connection from="469646985#1" to="-469646985#1" fromLane="0" toLane="0" via=":5278399992_0_0" dir="T" state="M"/>
    <connection from="473962833" to="136807062" fromLane="1" toLane="0" via=":1500901721_0_0" dir="s" state="M"/>
    <connection from="516955278" to="631884799" fromLane="0" toLane="0" via=":4600334151_0_0" dir="s" state="M"/>
    <connection from="516955278" to="631884799" fromLane="0" toLane="1" via=":4600334151_0_1" dir="s" state="M"/>
    <connection from="516955278" to="631884799" fromLane="1" toLane="2" via=":4600334151_0_2" dir="s" state="M"/>
    <connection from="516955278" to="631884799" fromLane="2" toLane="3" via=":4600334151_0_3" dir="s" state="M"/>
    <connection from="534568989" to="176204638" fromLane="0" toLane="0" via=":1481210268_0_0" dir="s" state="M"/>
    <connection from="586029243" to="536935741" fromLane="0" toLane="2" via=":5599806365_2_0" dir="s" state="M"/>
    <connection from="631884799" to="465274271" fromLane="0" toLane="0" via=":236726630_0_0" dir="L" state="M"/>
    <connection from="631884799" to="473962832" fromLane="1" toLane="0" via=":236726630_1_0" dir="s" state="M"/>
    <connection from="631884799" to="473962832" fromLane="2" toLane="1" via=":236726630_1_1" dir="s" state="M"/>
    <connection from="631884799" to="473962832" fromLane="3" toLane="2" via=":236726630_1_2" dir="s" state="M"/>
    <connection from="631936677" to="634177777" fromLane="0" toLane="0" via=":5599806370_0_0" dir="s" state="M"/>
    <connection from="631936677" to="634177777" fromLane="1" toLane="1" via=":5599806370_0_1" dir="s" state="M"/>
    <connection from="631936677" to="634177777" fromLane="2" toLane="2" via=":5599806370_0_2" dir="s" state="M"/>
    <connection from="631936677" to="586029243" fromLane="3" toLane="0" via=":5599806370_3_0" dir="R" state="M"/>
    <connection from="631937865#0" to="516955277" fromLane="0" toLane="0" via=":1500901729_1_0" dir="s" state="M"/>
    <connection from="631937865#0" to="516955277" fromLane="1" toLane="1" via=":1500901729_1_1" dir="s" state="M"/>
    <connection from="634174688#0" to="634174689#0" fromLane="0" toLane="0" via=":236725119_0_0" dir="s" state="M"/>
    <connection from="634174688#0" to="634174689#0" fromLane="1" toLane="1" via=":236725119_0_1" dir="s" state="M"/>
    <connection from="634174688#0" to="634174689#0" fromLane="2" toLane="2" via=":236725119_0_2" dir="s" state="M"/>
    <connection from="634174688#0" to="634174689#0" fromLane="2" toLane="3" via=":236725119_0_3" dir="s" state="M"/>
    <connection from="634174689#0" to="719252111" fromLane="0" toLane="0" via=":cluster_1500901726_1500901727_0_0" tl="cluster_1500901726_1500901727" linkIndex="0" dir="s" state="O"/>
    <connection from="634174689#0" to="719252111" fromLane="1" toLane="1" via=":cluster_1500901726_1500901727_0_1" tl="cluster_1500901726_1500901727" linkIndex="1" dir="s" state="O"/>
    <connection from="634174689#0" to="631937865#0" fromLane="2" toLane="0" via=":cluster_1500901726_1500901727_2_0" tl="cluster_1500901726_1500901727" linkIndex="2" dir="r" state="o"/>
    <connection from="634174689#0" to="631937865#0" fromLane="3" toLane="1" via=":cluster_1500901726_1500901727_2_1" tl="cluster_1500901726_1500901727" linkIndex="3" dir="r" state="o"/>
    <connection from="634174689#0" to="516955278" fromLane="3" toLane="2" via=":cluster_1500901726_1500901727_4_0" tl="cluster_1500901726_1500901727" linkIndex="4" dir="T" state="o"/>
    <connection from="634177777" to="516955278" fromLane="0" toLane="0" via=":cluster_1500901726_1500901727_5_0" tl="cluster_1500901726_1500901727" linkIndex="5" dir="s" state="O"/>
    <connection from="634177777" to="516955278" fromLane="1" toLane="1" via=":cluster_1500901726_1500901727_5_1" tl="cluster_1500901726_1500901727" linkIndex="6" dir="s" state="O"/>
    <connection from="634177777" to="516955278" fromLane="2" toLane="2" via=":cluster_1500901726_1500901727_5_2" tl="cluster_1500901726_1500901727" linkIndex="7" dir="s" state="O"/>
    <connection from="719252111" to="536935741" fromLane="0" toLane="0" via=":5599806365_0_0" dir="s" state="M"/>
    <connection from="719252111" to="536935741" fromLane="1" toLane="1" via=":5599806365_0_1" dir="s" state="M"/>

    <connection from=":10115292029_0" to="-1105373050" fromLane="0" toLane="0" dir="T" state="M"/>
    <connection from=":10115292030_0" to="-469646985#0" fromLane="0" toLane="0" dir="l" state="M"/>
    <connection from=":10115292030_1" to="469646985#1" fromLane="0" toLane="0" dir="r" state="M"/>
    <connection from=":10115292030_2" to="1105373050" fromLane="0" toLane="0" dir="T" state="M"/>
    <connection from=":10115292030_3" to="1105373050" fromLane="0" toLane="0" dir="l" state="M"/>
    <connection from=":10115292030_4" to="-469646985#0" fromLane="0" toLane="0" dir="r" state="M"/>
    <connection from=":10115292030_5" to="469646985#1" fromLane="0" toLane="0" dir="T" state="M"/>
    <connection from=":10115292030_6" to="469646985#1" fromLane="0" toLane="0" dir="l" state="M"/>
    <connection from=":10115292030_7" to="1105373050" fromLane="0" toLane="0" dir="r" state="M"/>
    <connection from=":10115292030_8" to="-469646985#0" fromLane="0" toLane="0" dir="T" state="M"/>
    <connection from=":1481210268_0" to="176204638" fromLane="0" toLane="0" dir="s" state="M"/>
    <connection from=":1481210268_1" to="176204638" fromLane="0" toLane="1" dir="s" state="M"/>
    <connection from=":1481210268_1" to="176204638" fromLane="1" toLane="2" dir="s" state="M"/>
    <connection from=":1481210305_0" to="134767269" fromLane="0" toLane="0" dir="s" state="M"/>
    <connection from=":1481210305_0" to="134767269" fromLane="1" toLane="1" dir="s" state="M"/>
    <connection from=":1500901721_0" to="136807062" fromLane="0" toLane="0" dir="s" state="M"/>
    <connection from=":1500901729_0" to="516955277" fromLane="0" toLane="0" dir="s" state="M"/>
    <connection from=":1500901729_1" to="516955277" fromLane="0" toLane="0" dir="s" state="M"/>
    <connection from=":1500901729_1" to="516955277" fromLane="1" toLane="1" dir="s" state="M"/>
    <connection from=":236725119_0" to="634174689#0" fromLane="0" toLane="0" dir="s" state="M"/>
    <connection from=":236725119_0" to="634174689#0" fromLane="1" toLane="1" dir="s" state="M"/>
    <connection from=":236725119_0" to="634174689#0" fromLane="2" toLane="2" dir="s" state="M"/>
    <connection from=":236725119_0" to="634174689#0" fromLane="3" toLane="3" dir="s" state="M"/>
    <connection from=":236726630_0" to="465274271" fromLane="0" toLane="0" dir="L" state="M"/>
    <connection from=":236726630_1" to="473962832" fromLane="0" toLane="0" dir="s" state="M"/>
    <connection from=":236726630_1" to="473962832" fromLane="1" toLane="1" dir="s" state="M"/>
    <connection from=":236726630_1" to="473962832" fromLane="2" toLane="2" dir="s" state="M"/>
    <connection from=":4600334151_0" to="631884799" fromLane="0" toLane="0" dir="s" state="M"/>
    <connection from=":4600334151_0" to="631884799" fromLane="1" toLane="1" dir="s" state="M"/>
    <connection from=":4600334151_0" to="631884799" fromLane="2" toLane="2" dir="s" state="M"/>
    <connection from=":4600334151_0" to="631884799" fromLane="3" toLane="3" dir="s" state="M"/>
    <connection from=":4602629724_0" to="473962833" fromLane="0" toLane="0" dir="s" state="M"/>
    <connection from=":4602629724_0" to="473962833" fromLane="1" toLane="1" dir="s" state="M"/>
    <connection from=":5278399992_0" to="-469646985#1" fromLane="0" toLane="0" dir="T" state="M"/>
    <connection from=":5599806365_0" to="536935741" fromLane="0" toLane="0" dir="s" state="M"/>
    <connection from=":5599806365_0" to="536935741" fromLane="1" toLane="1" dir="s" state="M"/>
    <connection from=":5599806365_2" to="536935741" fromLane="0" toLane="2" dir="s" state="M"/>
    <connection from=":5599806370_0" to="634177777" fromLane="0" toLane="0" dir="s" state="M"/>
    <connection from=":5599806370_0" to="634177777" fromLane="1" toLane="1" dir="s" state="M"/>
    <connection from=":5599806370_0" to="634177777" fromLane="2" toLane="2" dir="s" state="M"/>
    <connection from=":5599806370_3" to="586029243" fromLane="0" toLane="0" dir="R" state="M"/>
    <connection from=":7432025284_0" to="469646985#0" fromLane="0" toLane="0" dir="T" state="M"/>
    <connection from=":cluster_1500901726_1500901727_0" to="719252111" fromLane="0" toLane="0" dir="s" state="M"/>
    <connection from=":cluster_1500901726_1500901727_0" to="719252111" fromLane="1" toLane="1" dir="s" state="M"/>
    <connection from=":cluster_1500901726_1500901727_2" to="631937865#0" fromLane="0" toLane="0" via=":cluster_1500901726_1500901727_8_0" dir="r" state="m"/>
    <connection from=":cluster_1500901726_1500901727_8" to="631937865#0" fromLane="0" toLane="0" dir="r" state="M"/>
    <connection from=":cluster_1500901726_1500901727_2" to="631937865#0" fromLane="1" toLane="1" via=":cluster_1500901726_1500901727_9_0" dir="r" state="m"/>
    <connection from=":cluster_1500901726_1500901727_9" to="631937865#0" fromLane="0" toLane="1" dir="r" state="M"/>
    <connection from=":cluster_1500901726_1500901727_4" to="516955278" fromLane="0" toLane="2" via=":cluster_1500901726_1500901727_10_0" dir="T" state="m"/>
    <connection from=":cluster_1500901726_1500901727_10" to="516955278" fromLane="0" toLane="2" dir="T" state="M"/>
    <connection from=":cluster_1500901726_1500901727_5" to="516955278" fromLane="0" toLane="0" dir="s" state="M"/>
    <connection from=":cluster_1500901726_1500901727_5" to="516955278" fromLane="1" toLane="1" dir="s" state="M"/>
    <connection from=":cluster_1500901726_1500901727_5" to="516955278" fromLane="2" toLane="2" dir="s" state="M"/>

</net>
