<?xml version="1.0" encoding="UTF-8"?>

<!-- generated on 2023-07-14 14:09:45 by Eclipse SUMO netconvert Version 1.17.0
<configuration xmlns:xsi="http://www.w3.org/2001/XMLSchema-instance" xsi:noNamespaceSchemaLocation="http://sumo.dlr.de/xsd/netconvertConfiguration.xsd">

    <input>
        <sumo-net-file value="osm.net.xml.gz"/>
    </input>

    <output>
        <output-file value="osm.net.xml"/>
        <output.street-names value="true"/>
    </output>

    <processing>
        <geometry.min-radius.fix.railways value="false"/>
        <geometry.max-grade.fix value="false"/>
        <offset.disable-normalization value="true"/>
        <lefthand value="0"/>
    </processing>

    <junctions>
        <no-turnarounds value="true"/>
        <junctions.corner-detail value="5"/>
        <junctions.limit-turn-speed value="5.50"/>
        <rectangular-lane-cut value="0"/>
    </junctions>

    <pedestrian>
        <walkingareas value="0"/>
    </pedestrian>

</configuration>
-->

<net version="1.16" junctionCornerDetail="5" limitTurnSpeed="5.50" xmlns:xsi="http://www.w3.org/2001/XMLSchema-instance" xsi:noNamespaceSchemaLocation="http://sumo.dlr.de/xsd/net_file.xsd">

    <location netOffset="-367607.26,-140580.00" convBoundary="0.00,0.00,516.18,344.30" origBoundary="103.810014,1.271594,103.814652,1.274710" projParameter="+proj=utm +zone=48 +ellps=WGS84 +datum=WGS84 +units=m +no_defs"/>

    <type id="highway.bridleway" priority="1" numLanes="1" speed="2.78" allow="pedestrian" oneway="1" width="2.00"/>
    <type id="highway.bus_guideway" priority="1" numLanes="1" speed="27.78" allow="bus" oneway="1"/>
    <type id="highway.cycleway" priority="1" numLanes="1" speed="5.56" allow="bicycle" oneway="0" width="1.00"/>
    <type id="highway.footway" priority="1" numLanes="1" speed="2.78" allow="pedestrian" oneway="1" width="2.00"/>
    <type id="highway.ford" priority="1" numLanes="1" speed="2.78" allow="army" oneway="0"/>
    <type id="highway.living_street" priority="2" numLanes="1" speed="2.78" disallow="tram rail_urban rail rail_electric rail_fast ship" oneway="0"/>
    <type id="highway.motorway" priority="14" numLanes="2" speed="39.44" allow="private emergency authority army vip passenger hov taxi bus coach delivery truck trailer motorcycle evehicle custom1 custom2" oneway="1"/>
    <type id="highway.motorway_link" priority="9" numLanes="1" speed="22.22" allow="private emergency authority army vip passenger hov taxi bus coach delivery truck trailer motorcycle evehicle custom1 custom2" oneway="1"/>
    <type id="highway.path" priority="1" numLanes="1" speed="5.56" allow="pedestrian bicycle" oneway="0" width="2.00"/>
    <type id="highway.pedestrian" priority="1" numLanes="1" speed="2.78" allow="pedestrian" oneway="1" width="2.00"/>
    <type id="highway.primary" priority="12" numLanes="2" speed="27.78" disallow="tram rail_urban rail rail_electric rail_fast ship" oneway="0"/>
    <type id="highway.primary_link" priority="7" numLanes="1" speed="22.22" disallow="tram rail_urban rail rail_electric rail_fast ship" oneway="0"/>
    <type id="highway.raceway" priority="15" numLanes="2" speed="83.33" allow="vip" oneway="0"/>
    <type id="highway.residential" priority="3" numLanes="1" speed="13.89" disallow="tram rail_urban rail rail_electric rail_fast ship" oneway="0"/>
    <type id="highway.secondary" priority="11" numLanes="1" speed="27.78" disallow="tram rail_urban rail rail_electric rail_fast ship" oneway="0"/>
    <type id="highway.secondary_link" priority="6" numLanes="1" speed="22.22" disallow="tram rail_urban rail rail_electric rail_fast ship" oneway="0"/>
    <type id="highway.service" priority="1" numLanes="1" speed="5.56" allow="pedestrian delivery bicycle" oneway="0"/>
    <type id="highway.stairs" priority="1" numLanes="1" speed="1.39" allow="pedestrian" oneway="1" width="2.00"/>
    <type id="highway.step" priority="1" numLanes="1" speed="1.39" allow="pedestrian" oneway="1" width="2.00"/>
    <type id="highway.steps" priority="1" numLanes="1" speed="1.39" allow="pedestrian" oneway="1" width="2.00"/>
    <type id="highway.tertiary" priority="10" numLanes="1" speed="22.22" disallow="tram rail_urban rail rail_electric rail_fast ship" oneway="0"/>
    <type id="highway.tertiary_link" priority="5" numLanes="1" speed="22.22" disallow="tram rail_urban rail rail_electric rail_fast ship" oneway="0"/>
    <type id="highway.track" priority="1" numLanes="1" speed="5.56" allow="pedestrian motorcycle moped bicycle" oneway="0"/>
    <type id="highway.trunk" priority="13" numLanes="2" speed="27.78" disallow="pedestrian bicycle tram rail_urban rail rail_electric rail_fast ship" oneway="0"/>
    <type id="highway.trunk_link" priority="8" numLanes="1" speed="22.22" disallow="pedestrian bicycle tram rail_urban rail rail_electric rail_fast ship" oneway="0"/>
    <type id="highway.unclassified" priority="4" numLanes="1" speed="13.89" disallow="tram rail_urban rail rail_electric rail_fast ship" oneway="0"/>
    <type id="highway.unsurfaced" priority="1" numLanes="1" speed="8.33" disallow="tram rail_urban rail rail_electric rail_fast ship" oneway="0"/>
    <type id="railway.highspeed" priority="21" numLanes="1" speed="69.44" allow="rail_fast" oneway="1"/>
    <type id="railway.light_rail" priority="19" numLanes="1" speed="27.78" allow="rail_urban" oneway="1"/>
    <type id="railway.preserved" priority="16" numLanes="1" speed="27.78" allow="rail" oneway="1"/>
    <type id="railway.rail" priority="20" numLanes="1" speed="44.44" allow="rail" oneway="1"/>
    <type id="railway.subway" priority="18" numLanes="1" speed="27.78" allow="rail_urban" oneway="1"/>
    <type id="railway.tram" priority="17" numLanes="1" speed="13.89" allow="tram" oneway="1"/>

    <edge id=":1833874342_0" function="internal">
        <lane id=":1833874342_0_0" index="0" disallow="tram rail_urban rail rail_electric rail_fast ship" speed="16.67" length="7.92" shape="277.13,148.08 275.12,146.78 273.55,146.18 272.01,145.54 270.11,144.11"/>
        <lane id=":1833874342_0_1" index="1" disallow="tram rail_urban rail rail_electric rail_fast ship" speed="16.67" length="7.92" shape="279.13,145.58 277.18,144.33 275.64,143.76 274.14,143.15 272.30,141.77"/>
        <lane id=":1833874342_0_2" index="2" disallow="tram rail_urban rail rail_electric rail_fast ship" speed="16.67" length="7.92" shape="279.13,145.58 277.53,143.97 276.74,142.59 275.97,141.17 274.48,139.44"/>
    </edge>
    <edge id=":4712115331_0" function="internal">
        <lane id=":4712115331_0_0" index="0" disallow="tram rail_urban rail rail_electric rail_fast ship" speed="16.67" length="9.11" shape="181.15,63.81 185.21,71.99"/>
        <lane id=":4712115331_0_1" index="1" disallow="tram rail_urban rail rail_electric rail_fast ship" speed="16.67" length="9.11" shape="178.30,65.28 182.35,73.42"/>
    </edge>
    <edge id=":4712115331_2" function="internal">
        <lane id=":4712115331_2_0" index="0" disallow="tram rail_urban rail rail_electric rail_fast ship" speed="12.79" length="9.10" shape="178.30,65.28 179.25,67.70 179.33,69.52 178.95,71.44 178.51,74.12"/>
    </edge>
    <edge id=":4712115337_0" function="internal">
        <lane id=":4712115337_0_0" index="0" disallow="tram rail_urban rail rail_electric rail_fast ship" speed="13.89" length="8.99" shape="178.02,101.97 170.32,106.62"/>
        <lane id=":4712115337_0_1" index="1" disallow="tram rail_urban rail rail_electric rail_fast ship" speed="13.89" length="8.99" shape="176.37,99.23 168.68,103.87"/>
    </edge>
    <edge id=":4712115337_2" function="internal">
        <lane id=":4712115337_2_0" index="0" disallow="tram rail_urban rail rail_electric rail_fast ship" speed="12.88" length="8.98" shape="173.50,96.58 172.44,99.05 171.76,100.85 170.74,102.34 168.68,103.87"/>
    </edge>
    <edge id=":4712120092_0" function="internal">
        <lane id=":4712120092_0_0" index="0" disallow="tram rail_urban rail rail_electric rail_fast ship" speed="13.89" length="11.98" shape="175.60,114.63 178.66,113.13 180.49,111.65 182.22,109.95 184.95,107.83"/>
        <lane id=":4712120092_0_1" index="1" disallow="tram rail_urban rail rail_electric rail_fast ship" speed="13.89" length="11.98" shape="176.77,117.61 180.01,116.04 181.98,114.49 183.83,112.73 186.73,110.49"/>
    </edge>
    <edge id=":4712120092_2" function="internal">
        <lane id=":4712120092_2_0" index="0" disallow="tram rail_urban rail rail_electric rail_fast ship" speed="13.89" length="12.04" shape="176.77,117.61 180.24,116.33 182.82,115.62 185.30,115.30 188.45,115.17"/>
    </edge>
    <edge id=":4712120098_0" function="internal">
        <lane id=":4712120098_0_0" index="0" disallow="tram rail_urban rail rail_electric rail_fast ship" speed="16.67" length="13.88" shape="210.41,111.52 212.95,114.71 214.61,116.95 216.37,119.11 219.20,122.02"/>
        <lane id=":4712120098_0_1" index="1" disallow="tram rail_urban rail rail_electric rail_fast ship" speed="16.67" length="13.88" shape="207.96,113.58 210.56,116.84 212.27,119.14 214.08,121.34 216.98,124.32"/>
    </edge>
    <edge id=":4712120098_2" function="internal">
        <lane id=":4712120098_2_0" index="0" disallow="tram rail_urban rail rail_electric rail_fast ship" speed="15.28" length="13.89" shape="205.00,117.57 208.11,118.78 210.86,119.89 213.67,121.53 216.98,124.32"/>
    </edge>
    <edge id=":597109200_0" function="internal">
        <lane id=":597109200_0_0" index="0" disallow="tram rail_urban rail rail_electric rail_fast ship" speed="16.67" length="8.21" shape="158.29,17.53 159.50,19.60 160.66,20.83 161.82,22.05 163.05,24.11"/>
        <lane id=":597109200_0_1" index="1" disallow="tram rail_urban rail rail_electric rail_fast ship" speed="16.67" length="8.21" shape="155.37,18.84 156.58,20.92 157.75,22.15 158.92,23.38 160.15,25.45"/>
        <lane id=":597109200_0_2" index="2" disallow="tram rail_urban rail rail_electric rail_fast ship" speed="16.67" length="8.21" shape="152.45,20.15 153.67,22.24 154.83,23.48 156.01,24.72 157.25,26.80"/>
    </edge>
    <edge id=":6132083115_0" function="internal">
        <lane id=":6132083115_0_0" index="0" disallow="tram rail_urban rail rail_electric rail_fast ship" speed="16.67" length="8.15" shape="164.08,33.91 165.30,35.94 166.47,37.12 167.67,38.29 168.98,40.28"/>
        <lane id=":6132083115_0_1" index="1" disallow="tram rail_urban rail rail_electric rail_fast ship" speed="16.67" length="8.15" shape="161.17,35.26 162.41,37.33 163.60,38.53 164.81,39.72 166.13,41.75"/>
    </edge>
    <edge id=":6817673902_0" function="internal">
        <lane id=":6817673902_0_0" index="0" disallow="tram rail_urban rail rail_electric rail_fast ship" speed="3.65" length="4.67" shape="459.01,134.47 459.01,135.91 458.56,136.68 457.67,136.79 456.35,136.23"/>
    </edge>
    <edge id=":cluster_597109172_597109173_597109184_597109185_0" function="internal">
        <lane id=":cluster_597109172_597109173_597109184_597109185_0_0" index="0" disallow="tram rail_urban rail rail_electric rail_fast ship" speed="10.38" length="19.40" shape="211.78,89.67 208.68,88.01 204.65,87.92 199.68,89.41 193.77,92.47"/>
        <lane id=":cluster_597109172_597109173_597109184_597109185_0_1" index="1" disallow="tram rail_urban rail rail_electric rail_fast ship" speed="10.84" length="21.24" shape="211.78,89.67 207.67,86.98 203.02,86.10 197.84,87.01 192.11,89.73"/>
    </edge>
    <edge id=":cluster_597109172_597109173_597109184_597109185_2" function="internal">
        <lane id=":cluster_597109172_597109173_597109184_597109185_2_0" index="0" disallow="tram rail_urban rail rail_electric rail_fast ship" speed="16.67" length="8.92" shape="211.78,89.67 210.24,87.60 209.91,85.73 209.79,83.71 208.89,81.14"/>
        <lane id=":cluster_597109172_597109173_597109184_597109185_2_1" index="1" disallow="tram rail_urban rail rail_electric rail_fast ship" speed="16.67" length="8.92" shape="214.25,87.60 212.84,85.66 212.58,83.91 212.52,82.01 211.71,79.60"/>
    </edge>
    <edge id=":cluster_597109172_597109173_597109184_597109185_4" function="internal">
        <lane id=":cluster_597109172_597109173_597109184_597109185_4_0" index="0" disallow="tram rail_urban rail rail_electric rail_fast ship" speed="8.74" length="18.05" shape="216.72,85.53 217.93,96.61 215.18,102.94"/>
    </edge>
    <edge id=":cluster_597109172_597109173_597109184_597109185_11" function="internal">
        <lane id=":cluster_597109172_597109173_597109184_597109185_11_0" index="0" disallow="tram rail_urban rail rail_electric rail_fast ship" speed="8.74" length="18.05" shape="215.18,102.94 208.45,104.54 197.76,101.40"/>
    </edge>
    <edge id=":cluster_597109172_597109173_597109184_597109185_5" function="internal">
        <lane id=":cluster_597109172_597109173_597109184_597109185_5_0" index="0" disallow="tram rail_urban rail rail_electric rail_fast ship" speed="16.67" length="11.92" shape="193.85,89.33 195.42,92.49 196.60,94.62 197.99,96.61 200.22,99.34"/>
    </edge>
    <edge id=":cluster_597109172_597109173_597109184_597109185_6" function="internal">
        <lane id=":cluster_597109172_597109173_597109184_597109185_6_0" index="0" disallow="tram rail_urban rail rail_electric rail_fast ship" speed="8.42" length="17.19" shape="191.03,90.86 191.98,80.29 195.74,74.90"/>
    </edge>
    <edge id=":cluster_597109172_597109173_597109184_597109185_7" function="internal">
        <lane id=":cluster_597109172_597109173_597109184_597109185_7_0" index="0" disallow="tram rail_urban rail rail_electric rail_fast ship" speed="16.67" length="12.56" shape="191.03,90.86 192.70,94.19 193.94,96.43 195.41,98.51 197.76,101.40"/>
    </edge>
    <edge id=":cluster_597109172_597109173_597109184_597109185_12" function="internal">
        <lane id=":cluster_597109172_597109173_597109184_597109185_12_0" index="0" disallow="tram rail_urban rail rail_electric rail_fast ship" speed="8.42" length="17.19" shape="195.74,74.90 202.32,74.67 211.71,79.60"/>
    </edge>
    <edge id=":cluster_597109172_597109173_597109184_597109185_8" function="internal">
        <lane id=":cluster_597109172_597109173_597109184_597109185_8_0" index="0" disallow="tram rail_urban rail rail_electric rail_fast ship" speed="10.42" length="23.08" shape="197.84,99.22 204.28,94.24 208.26,89.57 209.80,85.20 208.89,81.14"/>
    </edge>
    <edge id=":cluster_597109172_597109173_597109184_597109185_9" function="internal">
        <lane id=":cluster_597109172_597109173_597109184_597109185_9_0" index="0" disallow="tram rail_urban rail rail_electric rail_fast ship" speed="6.70" length="10.43" shape="199.49,101.96 193.06,101.67 189.69,99.53"/>
    </edge>
    <edge id=":cluster_597109172_597109173_597109184_597109185_10" function="internal">
        <lane id=":cluster_597109172_597109173_597109184_597109185_10_0" index="0" disallow="tram rail_urban rail rail_electric rail_fast ship" speed="11.43" length="27.95" shape="199.49,101.96 206.96,96.08 211.48,90.39 213.07,84.90 211.71,79.60"/>
    </edge>
    <edge id=":cluster_597109172_597109173_597109184_597109185_13" function="internal">
        <lane id=":cluster_597109172_597109173_597109184_597109185_13_0" index="0" disallow="tram rail_urban rail rail_electric rail_fast ship" speed="6.70" length="10.43" shape="189.69,99.53 189.37,95.55 192.11,89.73"/>
    </edge>

    <edge id="-682587580" from="5277933633" to="6817673902" name="Pender Road" priority="3" type="highway.residential" shape="331.00,3.65 297.29,23.79 276.34,40.39 268.48,56.03 268.74,72.39 274.01,85.48 278.79,93.86 285.67,99.80 294.45,102.66 304.08,102.58 388.87,70.59 398.89,68.76 408.94,70.35 417.90,75.16 457.68,135.35">
        <lane id="-682587580_0" index="0" disallow="tram rail_urban rail rail_electric rail_fast ship" speed="13.89" length="342.26" shape="331.82,5.02 298.20,25.11 277.61,41.42 270.09,56.40 270.34,72.07 275.45,84.78 280.04,92.83 286.47,98.38 294.70,101.06 303.78,100.98 388.44,69.04 398.87,67.14 409.46,68.81 419.01,73.94 459.01,134.47">
            <param key="origId" value="682587580"/>
        </lane>
    </edge>
    <edge id="175845930" from="1864054683" to="597109200" name="Henderson Road" priority="11" type="highway.secondary" spreadType="center">
        <lane id="175845930_0" index="0" disallow="tram rail_urban rail rail_electric rail_fast ship" speed="16.67" length="17.21" shape="154.17,0.52 161.21,16.22">
            <param key="origId" value="175845930"/>
        </lane>
        <lane id="175845930_1" index="1" disallow="tram rail_urban rail rail_electric rail_fast ship" speed="16.67" length="17.21" shape="151.25,1.83 158.29,17.53">
            <param key="origId" value="175845930"/>
        </lane>
        <lane id="175845930_2" index="2" disallow="tram rail_urban rail rail_electric rail_fast ship" speed="16.67" length="17.21" shape="148.33,3.13 155.37,18.84">
            <param key="origId" value="175845930"/>
        </lane>
        <lane id="175845930_3" index="3" disallow="tram rail_urban rail rail_electric rail_fast ship" speed="16.67" length="17.21" shape="145.41,4.44 152.45,20.15">
            <param key="origId" value="175845930"/>
        </lane>
    </edge>
    <edge id="223863468" from="247183807" to="1833874342" name="Henderson Road" priority="11" type="highway.secondary" spreadType="center" shape="516.18,344.30 491.76,316.93 466.65,292.24 409.20,243.16 326.32,183.39 319.43,178.42 296.91,161.41 288.32,155.01 275.12,144.41">
        <lane id="223863468_0" index="0" disallow="tram rail_urban rail rail_electric rail_fast ship" speed="16.67" length="310.14" shape="514.99,345.37 490.60,318.03 465.57,293.42 408.21,244.42 325.38,184.69 318.48,179.71 295.95,162.69 287.34,156.28 277.13,148.08">
            <param key="origId" value="223863468 477932591 477932590"/>
        </lane>
        <lane id="223863468_1" index="1" disallow="tram rail_urban rail rail_electric rail_fast ship" speed="16.67" length="310.14" shape="517.37,343.23 492.92,315.83 467.73,291.06 410.19,241.90 327.26,182.09 320.38,177.13 297.87,160.13 289.30,153.74 279.13,145.58">
            <param key="origId" value="223863468 477932591 477932590"/>
        </lane>
    </edge>
    <edge id="234889698" from="4712115337" to="6596090577" name="Telok Blangah Drive" priority="3" type="highway.residential" spreadType="center" shape="169.07,105.50 155.33,113.67 152.66,114.67 128.09,123.89 117.52,125.74 92.33,130.15 58.35,129.57 34.03,129.14 16.72,128.71 0.00,128.30">
        <lane id="234889698_0" index="0" disallow="tram rail_urban rail rail_electric rail_fast ship" speed="13.89" length="174.23" shape="170.32,106.62 156.02,115.12 153.22,116.17 128.51,125.44 117.80,127.32 92.46,131.75 58.32,131.17 34.00,130.74 16.68,130.31 -0.04,129.90">
            <param key="origId" value="234889698 702404157 702404156"/>
        </lane>
        <lane id="234889698_1" index="1" disallow="tram rail_urban rail rail_electric rail_fast ship" speed="13.89" length="174.23" shape="168.68,103.87 154.64,112.22 152.10,113.17 127.67,122.34 117.24,124.16 92.20,128.55 58.38,127.97 34.06,127.54 16.76,127.11 0.04,126.70">
            <param key="origId" value="234889698 702404157 702404156"/>
        </lane>
    </edge>
    <edge id="477923690" from="4712115331" to="4712115337" priority="6" type="highway.secondary_link" spreadType="center" shape="179.50,64.11 177.56,83.68 176.67,90.28 173.31,96.95 169.07,105.50">
        <lane id="477923690_0" index="0" disallow="tram rail_urban rail rail_electric rail_fast ship" speed="13.89" length="23.32" shape="178.51,74.12 177.56,83.68 176.67,90.28 173.50,96.58">
            <param key="origId" value="477923690"/>
        </lane>
    </edge>
    <edge id="477923812" from="4712120092" to="4712120098" priority="6" type="highway.secondary_link" spreadType="center" shape="174.41,116.81 188.47,115.17 195.03,115.02 203.53,116.94 218.09,123.17">
        <lane id="477923812_0" index="0" disallow="tram rail_urban rail rail_electric rail_fast ship" speed="13.89" length="16.89" shape="188.45,115.17 195.03,115.02 203.53,116.94 205.00,117.57">
            <param key="origId" value="477923812"/>
        </lane>
    </edge>
    <edge id="481632481#0" from="1833874342" to="cluster_597109172_597109173_597109184_597109185" name="Henderson Road" priority="11" type="highway.secondary" spreadType="center" shape="275.12,144.41 222.94,95.71 214.83,88.14">
        <lane id="481632481#0_0" index="0" disallow="tram rail_urban rail rail_electric rail_fast ship" speed="16.67" length="79.40" shape="270.11,144.11 220.76,98.05 211.78,89.67">
            <param key="origId" value="481632481"/>
        </lane>
        <lane id="481632481#0_1" index="1" disallow="tram rail_urban rail rail_electric rail_fast ship" speed="16.67" length="79.40" shape="272.30,141.77 222.94,95.71 214.25,87.60">
            <param key="origId" value="481632481"/>
        </lane>
        <lane id="481632481#0_2" index="2" disallow="tram rail_urban rail rail_electric rail_fast ship" speed="16.67" length="79.40" shape="274.48,139.44 225.12,93.37 216.72,85.53">
            <param key="origId" value="481632481"/>
        </lane>
        <param key="origTo" value="597109185"/>
    </edge>
    <edge id="633410335#0" from="cluster_597109172_597109173_597109184_597109185" to="4712115337" name="Telok Blangah Drive" priority="3" type="highway.residential" spreadType="center" shape="192.94,91.10 181.79,97.83 169.07,105.50">
        <lane id="633410335#0_0" index="0" disallow="tram rail_urban rail rail_electric rail_fast ship" speed="13.89" length="18.39" shape="193.77,92.47 182.62,99.20 178.02,101.97">
            <param key="origId" value="633410335"/>
        </lane>
        <lane id="633410335#0_1" index="1" disallow="tram rail_urban rail rail_electric rail_fast ship" speed="13.89" length="18.39" shape="192.11,89.73 180.96,96.46 176.37,99.23">
            <param key="origId" value="633410335"/>
        </lane>
        <param key="origFrom" value="597109173"/>
    </edge>
    <edge id="633410336" from="4712115331" to="cluster_597109172_597109173_597109184_597109185" name="Henderson Road" priority="11" type="highway.secondary" spreadType="center" shape="179.50,64.11 192.94,91.10">
        <lane id="633410336_0" index="0" disallow="tram rail_urban rail rail_electric rail_fast ship" speed="16.67" length="19.43" shape="185.21,71.99 193.85,89.33">
            <param key="origId" value="633410336"/>
        </lane>
        <lane id="633410336_1" index="1" disallow="tram rail_urban rail rail_electric rail_fast ship" speed="16.67" length="19.43" shape="182.35,73.42 191.03,90.86">
            <param key="origId" value="633410336"/>
        </lane>
        <param key="origTo" value="597109173"/>
    </edge>
    <edge id="634049885" from="cluster_597109172_597109173_597109184_597109185" to="6132093088" name="Henderson Road" priority="11" type="highway.secondary" spreadType="center" shape="210.30,80.37 186.49,36.64 182.18,24.79 173.79,0.00">
        <lane id="634049885_0" index="0" disallow="tram rail_urban rail rail_electric rail_fast ship" speed="16.67" length="88.57" shape="208.89,81.14 185.03,37.30 180.67,25.32 172.27,0.51">
            <param key="origId" value="634049885 173713412"/>
        </lane>
        <lane id="634049885_1" index="1" disallow="tram rail_urban rail rail_electric rail_fast ship" speed="16.67" length="88.57" shape="211.71,79.60 187.95,35.98 183.69,24.26 175.31,-0.51">
            <param key="origId" value="634049885 173713412"/>
        </lane>
        <param key="origFrom" value="597109172"/>
    </edge>
    <edge id="635674726#0" from="4712120092" to="cluster_597109172_597109173_597109184_597109185" name="Telok Blangah Drive" priority="3" type="highway.residential" spreadType="center" shape="174.41,116.81 188.64,107.29 198.99,100.37">
        <lane id="635674726#0_0" index="0" disallow="tram rail_urban rail rail_electric rail_fast ship" speed="13.89" length="15.43" shape="184.95,107.83 187.75,105.96 197.84,99.22">
            <param key="origId" value="635674726"/>
        </lane>
        <lane id="635674726#0_1" index="1" disallow="tram rail_urban rail rail_electric rail_fast ship" speed="13.89" length="15.43" shape="186.73,110.49 189.53,108.62 199.49,101.96">
            <param key="origId" value="635674726"/>
        </lane>
        <param key="origTo" value="597109184"/>
    </edge>
    <edge id="635674727#0" from="cluster_597109172_597109173_597109184_597109185" to="4712120098" name="Henderson Road" priority="11" type="highway.secondary" spreadType="center" shape="198.99,100.37 205.55,108.21 218.09,123.17">
        <lane id="635674727#0_0" index="0" disallow="tram rail_urban rail rail_electric rail_fast ship" speed="16.67" length="15.88" shape="200.22,99.34 206.78,107.18 210.41,111.52">
            <param key="origId" value="635674727"/>
        </lane>
        <lane id="635674727#0_1" index="1" disallow="tram rail_urban rail rail_electric rail_fast ship" speed="16.67" length="15.88" shape="197.76,101.40 204.32,109.24 207.96,113.58">
            <param key="origId" value="635674727"/>
        </lane>
        <param key="origFrom" value="597109184"/>
    </edge>
    <edge id="654404087" from="6132083115" to="4712115331" name="Henderson Road" priority="11" type="highway.secondary" spreadType="center">
        <lane id="654404087_0" index="0" disallow="tram rail_urban rail rail_electric rail_fast ship" speed="16.67" length="26.49" shape="168.98,40.28 181.15,63.81">
            <param key="origId" value="654404087"/>
        </lane>
        <lane id="654404087_1" index="1" disallow="tram rail_urban rail rail_electric rail_fast ship" speed="16.67" length="26.49" shape="166.13,41.75 178.30,65.28">
            <param key="origId" value="654404087"/>
        </lane>
    </edge>
    <edge id="654404088" from="597109200" to="6132083115" name="Henderson Road" priority="11" type="highway.secondary" spreadType="center">
        <lane id="654404088_0" index="0" disallow="tram rail_urban rail rail_electric rail_fast ship" speed="16.67" length="9.32" shape="163.05,24.11 166.98,32.57">
            <param key="origId" value="654404088"/>
        </lane>
        <lane id="654404088_1" index="1" disallow="tram rail_urban rail rail_electric rail_fast ship" speed="16.67" length="9.32" shape="160.15,25.45 164.08,33.91">
            <param key="origId" value="654404088"/>
        </lane>
        <lane id="654404088_2" index="2" disallow="tram rail_urban rail rail_electric rail_fast ship" speed="16.67" length="9.32" shape="157.25,26.80 161.17,35.26">
            <param key="origId" value="654404088"/>
        </lane>
    </edge>
    <edge id="682587580" from="6817673902" to="5277933633" name="Pender Road" priority="3" type="highway.residential" shape="457.68,135.35 417.90,75.16 408.94,70.35 398.89,68.76 388.87,70.59 304.08,102.58 294.45,102.66 285.67,99.80 278.79,93.86 274.01,85.48 268.74,72.39 268.48,56.03 276.34,40.39 297.29,23.79 331.00,3.65">
        <lane id="682587580_0" index="0" disallow="tram rail_urban rail rail_electric rail_fast ship" speed="13.89" length="347.49" shape="456.35,136.23 416.79,76.38 408.42,71.89 398.91,70.38 389.30,72.14 304.38,104.18 294.20,104.26 284.87,101.22 277.54,94.89 272.57,86.18 267.14,72.71 266.87,55.66 275.07,39.36 296.38,22.47 330.18,2.28">
            <param key="origId" value="682587580"/>
        </lane>
    </edge>
    <edge id="727432885" from="6596090575" to="4712120092" name="Telok Blangah Drive" priority="3" type="highway.residential" spreadType="center" shape="63.72,138.94 106.66,139.97 129.89,134.26 144.55,128.56 148.04,127.19 158.35,123.08 174.41,116.81">
        <lane id="727432885_0" index="0" disallow="tram rail_urban rail rail_electric rail_fast ship" speed="13.89" length="116.60" shape="63.76,137.34 106.49,138.37 129.41,132.73 143.97,127.07 147.45,125.70 157.76,121.59 175.60,114.63">
            <param key="origId" value="727432885 702418749 727434399 702404152"/>
        </lane>
        <lane id="727432885_1" index="1" disallow="tram rail_urban rail rail_electric rail_fast ship" speed="13.89" length="116.60" shape="63.68,140.54 106.83,141.57 130.37,135.79 145.13,130.05 148.63,128.68 158.94,124.57 176.77,117.61">
            <param key="origId" value="727432885 702418749 727434399 702404152"/>
        </lane>
    </edge>
    <edge id="75225123" from="4712120098" to="247183790" name="Henderson Road" priority="11" type="highway.secondary" spreadType="center" shape="218.09,123.17 247.32,151.41 281.63,182.11 292.90,192.19">
        <lane id="75225123_0" index="0" disallow="tram rail_urban rail rail_electric rail_fast ship" speed="16.67" length="101.80" shape="219.20,122.02 248.41,150.24 282.70,180.92 293.97,191.00">
            <param key="origId" value="75225123"/>
        </lane>
        <lane id="75225123_1" index="1" disallow="tram rail_urban rail rail_electric rail_fast ship" speed="16.67" length="101.80" shape="216.98,124.32 246.23,152.58 280.56,183.30 291.83,193.38">
            <param key="origId" value="75225123"/>
        </lane>
    </edge>

    <tlLogic id="cluster_597109172_597109173_597109184_597109185" type="actuated" programID="0" offset="0">
        <phase duration="40" state="GGGGgGGgrrr" minDur="7" maxDur="50"/>
        <phase duration="4"  state="yyyyyyyyrrr"/>
        <phase duration="1"  state="rrrrrrrrrrr"/>
        <phase duration="40" state="GGrrgGGrGGg" minDur="5" maxDur="50"/>
        <phase duration="4"  state="yyrryyyryyy"/>
        <phase duration="1"  state="rrrrrrrrrrr"/>
    </tlLogic>

    <junction id="1833874342" type="priority" x="275.12" y="144.41" incLanes="223863468_0 223863468_1" intLanes=":1833874342_0_0 :1833874342_0_1 :1833874342_0_2" shape="276.13,149.32 280.13,144.33 278.25,142.28 277.78,141.38 277.33,140.46 276.67,139.45 275.57,138.27 269.02,145.28 271.48,147.00 272.50,147.39 273.53,147.76 274.70,148.33">
        <request index="0" response="000" foes="000" cont="0"/>
        <request index="1" response="000" foes="000" cont="0"/>
        <request index="2" response="000" foes="000" cont="0"/>
    </junction>
    <junction id="1864054683" type="dead_end" x="149.79" y="2.48" incLanes="" intLanes="" shape="143.95,5.10 155.63,-0.14"/>
    <junction id="247183790" type="dead_end" x="292.90" y="192.19" incLanes="75225123_0 75225123_1" intLanes="" shape="295.03,189.80 290.77,194.58"/>
    <junction id="247183807" type="dead_end" x="516.18" y="344.30" incLanes="" intLanes="" shape="518.57,342.17 513.79,346.43"/>
    <junction id="4712115331" type="priority" x="179.50" y="64.11" incLanes="654404087_0 654404087_1" intLanes=":4712115331_0_0 :4712115331_0_1 :4712115331_2_0" shape="180.92,74.13 186.65,71.28 182.57,63.07 176.88,66.01 177.79,68.77 177.73,69.83 177.49,70.93 177.18,72.25 176.92,73.97 180.10,74.28">
        <request index="0" response="000" foes="000" cont="0"/>
        <request index="1" response="000" foes="000" cont="0"/>
        <request index="2" response="000" foes="000" cont="0"/>
    </junction>
    <junction id="4712115337" type="priority" x="169.07" y="105.50" incLanes="633410335#0_0 633410335#0_1 477923690_0" intLanes=":4712115337_0_0 :4712115337_0_1 :4712115337_2_0" shape="178.85,103.34 175.55,97.86 174.93,97.29 172.06,95.87 170.94,98.70 170.57,99.74 170.06,100.66 169.22,101.55 167.87,102.49 171.14,107.99">
        <request index="0" response="100" foes="100" cont="0"/>
        <request index="1" response="100" foes="100" cont="0"/>
        <request index="2" response="000" foes="011" cont="0"/>
    </junction>
    <junction id="4712120092" type="priority" x="174.41" y="116.81" incLanes="727432885_0 727432885_1" intLanes=":4712120092_0_0 :4712120092_0_1 :4712120092_2_0" shape="188.64,116.77 188.27,113.58 187.62,111.82 184.06,106.50 182.14,107.93 180.81,109.15 179.75,110.22 178.65,111.20 177.18,112.15 175.02,113.14 177.35,119.10 179.64,118.21 181.36,117.60 182.82,117.20 184.31,116.97 186.13,116.84">
        <request index="0" response="000" foes="000" cont="0"/>
        <request index="1" response="000" foes="000" cont="0"/>
        <request index="2" response="000" foes="000" cont="0"/>
    </junction>
    <junction id="4712120098" type="priority" x="218.09" y="123.17" incLanes="635674727#0_0 635674727#0_1 477923812_0" intLanes=":4712120098_0_0 :4712120098_0_1 :4712120098_2_0" shape="215.93,125.54 220.38,120.93 218.34,118.88 216.91,117.28 215.81,115.90 214.76,114.47 213.47,112.75 211.64,110.49 206.74,114.61 205.63,116.10 204.37,119.04 207.01,120.11 209.02,120.86 210.65,121.54 212.17,122.38 213.84,123.64">
        <request index="0" response="000" foes="100" cont="0"/>
        <request index="1" response="000" foes="100" cont="0"/>
        <request index="2" response="011" foes="011" cont="0"/>
    </junction>
    <junction id="5277933633" type="dead_end" x="331.00" y="3.65" incLanes="682587580_0" intLanes="" shape="331.00,3.65 329.36,0.90 331.00,3.65"/>
    <junction id="597109200" type="priority" x="158.47" y="21.83" incLanes="175845930_0 175845930_1 175845930_2 175845930_3" intLanes=":597109200_0_0 :597109200_0_1 :597109200_0_2" shape="155.80,27.47 164.51,23.43 163.64,20.58 163.57,19.51 163.51,18.43 163.27,17.17 162.67,15.56 151.00,20.80 152.60,23.37 153.38,24.15 154.16,24.92 154.96,25.95">
        <request index="0" response="000" foes="000" cont="0"/>
        <request index="1" response="000" foes="000" cont="0"/>
        <request index="2" response="000" foes="000" cont="0"/>
    </junction>
    <junction id="6132083115" type="priority" x="165.74" y="37.50" incLanes="654404088_0 654404088_1 654404088_2" intLanes=":6132083115_0_0 :6132083115_0_1" shape="164.71,42.48 170.40,39.54 169.45,36.80 169.36,35.75 169.28,34.69 169.03,33.46 168.43,31.89 159.72,35.93 161.37,38.48 162.16,39.24 162.96,39.99 163.81,40.99">
        <request index="0" response="00" foes="00" cont="0"/>
        <request index="1" response="00" foes="00" cont="0"/>
    </junction>
    <junction id="6132093088" type="dead_end" x="173.79" y="0.00" incLanes="634049885_0 634049885_1" intLanes="" shape="170.76,1.03 176.82,-1.03"/>
    <junction id="6596090575" type="dead_end" x="63.72" y="138.94" incLanes="" intLanes="" shape="63.64,142.14 63.80,135.74"/>
    <junction id="6596090577" type="dead_end" x="0.00" y="128.30" incLanes="234889698_0 234889698_1" intLanes="" shape="-0.08,131.50 0.08,125.10"/>
    <junction id="6817673902" type="priority" x="457.68" y="135.35" incLanes="-682587580_0" intLanes=":6817673902_0_0" shape="457.68,135.35 460.35,133.59 457.68,135.35">
        <request index="0" response="0" foes="0" cont="0"/>
    </junction>
    <junction id="cluster_597109172_597109173_597109184_597109185" type="traffic_light" x="204.26" y="89.99" incLanes="481632481#0_0 481632481#0_1 481632481#0_2 633410336_0 633410336_1 635674726#0_0 635674726#0_1" intLanes=":cluster_597109172_597109173_597109184_597109185_0_0 :cluster_597109172_597109173_597109184_597109185_0_1 :cluster_597109172_597109173_597109184_597109185_2_0 :cluster_597109172_597109173_597109184_597109185_2_1 :cluster_597109172_597109173_597109184_597109185_11_0 :cluster_597109172_597109173_597109184_597109185_5_0 :cluster_597109172_597109173_597109184_597109185_12_0 :cluster_597109172_597109173_597109184_597109185_7_0 :cluster_597109172_597109173_597109184_597109185_8_0 :cluster_597109172_597109173_597109184_597109185_13_0 :cluster_597109172_597109173_597109184_597109185_10_0" shape="210.54,90.70 201.44,98.32 199.88,96.41 198.76,94.97 197.92,93.72 197.18,92.41 196.35,90.77 195.25,88.56 207.49,81.90 208.19,84.16 207.91,86.58 206.65,89.16 204.42,91.90 201.20,94.79 197.01,97.84 194.59,93.84 198.29,91.79 201.58,90.35 204.44,89.52 206.89,89.30 208.93,89.70">
        <request index="0"  response="00000000000" foes="01000000000" cont="0"/>
        <request index="1"  response="00000000000" foes="01000000000" cont="0"/>
        <request index="2"  response="00000000000" foes="10101000000" cont="0"/>
        <request index="3"  response="00000000000" foes="10101000000" cont="0"/>
        <request index="4"  response="00010100000" foes="00010100000" cont="1"/>
        <request index="5"  response="00000000000" foes="00000010000" cont="0"/>
        <request index="6"  response="10100001100" foes="10100001100" cont="1"/>
        <request index="7"  response="00000000000" foes="00000010000" cont="0"/>
        <request index="8"  response="00000001100" foes="00001001100" cont="0"/>
        <request index="9"  response="00000000011" foes="00000000011" cont="1"/>
        <request index="10" response="00000001100" foes="00001001100" cont="0"/>
        <param key="origEdgeIds" value="234889696 46705563 537364168 75225122"/>
        <param key="origId" value="597109172 597109173 597109184 597109185"/>
    </junction>

    <junction id=":cluster_597109172_597109173_597109184_597109185_11_0" type="internal" x="215.18" y="102.94" incLanes=":cluster_597109172_597109173_597109184_597109185_4_0 633410336_0 633410336_1" intLanes=":cluster_597109172_597109173_597109184_597109185_5_0 :cluster_597109172_597109173_597109184_597109185_7_0"/>
    <junction id=":cluster_597109172_597109173_597109184_597109185_12_0" type="internal" x="195.74" y="74.90" incLanes=":cluster_597109172_597109173_597109184_597109185_6_0 481632481#0_0 481632481#0_1 635674726#0_0 635674726#0_1" intLanes=":cluster_597109172_597109173_597109184_597109185_2_0 :cluster_597109172_597109173_597109184_597109185_2_1 :cluster_597109172_597109173_597109184_597109185_8_0 :cluster_597109172_597109173_597109184_597109185_10_0"/>
    <junction id=":cluster_597109172_597109173_597109184_597109185_13_0" type="internal" x="189.69" y="99.53" incLanes=":cluster_597109172_597109173_597109184_597109185_9_0 481632481#0_0" intLanes=":cluster_597109172_597109173_597109184_597109185_0_0 :cluster_597109172_597109173_597109184_597109185_0_1"/>

    <connection from="-682587580" to="682587580" fromLane="0" toLane="0" via=":6817673902_0_0" dir="t" state="M"/>
    <connection from="175845930" to="654404088" fromLane="1" toLane="0" via=":597109200_0_0" dir="s" state="M"/>
    <connection from="175845930" to="654404088" fromLane="2" toLane="1" via=":597109200_0_1" dir="s" state="M"/>
    <connection from="175845930" to="654404088" fromLane="3" toLane="2" via=":597109200_0_2" dir="s" state="M"/>
    <connection from="223863468" to="481632481#0" fromLane="0" toLane="0" via=":1833874342_0_0" dir="s" state="M"/>
    <connection from="223863468" to="481632481#0" fromLane="1" toLane="1" via=":1833874342_0_1" dir="s" state="M"/>
    <connection from="223863468" to="481632481#0" fromLane="1" toLane="2" via=":1833874342_0_2" dir="s" state="M"/>
    <connection from="477923690" to="234889698" fromLane="0" toLane="1" via=":4712115337_2_0" dir="s" state="M"/>
    <connection from="477923812" to="75225123" fromLane="0" toLane="1" via=":4712120098_2_0" dir="s" state="m"/>
    <connection from="481632481#0" to="633410335#0" fromLane="0" toLane="0" via=":cluster_597109172_597109173_597109184_597109185_0_0" tl="cluster_597109172_597109173_597109184_597109185" linkIndex="0" dir="r" state="O"/>
    <connection from="481632481#0" to="633410335#0" fromLane="0" toLane="1" via=":cluster_597109172_597109173_597109184_597109185_0_1" tl="cluster_597109172_597109173_597109184_597109185" linkIndex="1" dir="r" state="O"/>
    <connection from="481632481#0" to="634049885" fromLane="0" toLane="0" via=":cluster_597109172_597109173_597109184_597109185_2_0" tl="cluster_597109172_597109173_597109184_597109185" linkIndex="2" dir="s" state="O"/>
    <connection from="481632481#0" to="634049885" fromLane="1" toLane="1" via=":cluster_597109172_597109173_597109184_597109185_2_1" tl="cluster_597109172_597109173_597109184_597109185" linkIndex="3" dir="s" state="O"/>
    <connection from="481632481#0" to="635674727#0" fromLane="2" toLane="1" via=":cluster_597109172_597109173_597109184_597109185_4_0" tl="cluster_597109172_597109173_597109184_597109185" linkIndex="4" dir="t" state="o"/>
    <connection from="633410335#0" to="234889698" fromLane="0" toLane="0" via=":4712115337_0_0" dir="s" state="m"/>
    <connection from="633410335#0" to="234889698" fromLane="1" toLane="1" via=":4712115337_0_1" dir="s" state="m"/>
    <connection from="633410336" to="635674727#0" fromLane="0" toLane="0" via=":cluster_597109172_597109173_597109184_597109185_5_0" tl="cluster_597109172_597109173_597109184_597109185" linkIndex="5" dir="s" state="O"/>
    <connection from="633410336" to="634049885" fromLane="1" toLane="1" via=":cluster_597109172_597109173_597109184_597109185_6_0" tl="cluster_597109172_597109173_597109184_597109185" linkIndex="7" dir="t" state="o"/>
    <connection from="633410336" to="635674727#0" fromLane="1" toLane="1" via=":cluster_597109172_597109173_597109184_597109185_7_0" tl="cluster_597109172_597109173_597109184_597109185" linkIndex="6" dir="s" state="O"/>
    <connection from="635674726#0" to="634049885" fromLane="0" toLane="0" via=":cluster_597109172_597109173_597109184_597109185_8_0" tl="cluster_597109172_597109173_597109184_597109185" linkIndex="8" dir="r" state="o"/>
    <connection from="635674726#0" to="633410335#0" fromLane="1" toLane="1" via=":cluster_597109172_597109173_597109184_597109185_9_0" tl="cluster_597109172_597109173_597109184_597109185" linkIndex="10" dir="t" state="o"/>
    <connection from="635674726#0" to="634049885" fromLane="1" toLane="1" via=":cluster_597109172_597109173_597109184_597109185_10_0" tl="cluster_597109172_597109173_597109184_597109185" linkIndex="9" dir="r" state="o"/>
    <connection from="635674727#0" to="75225123" fromLane="0" toLane="0" via=":4712120098_0_0" dir="s" state="M"/>
    <connection from="635674727#0" to="75225123" fromLane="1" toLane="1" via=":4712120098_0_1" dir="s" state="M"/>
    <connection from="654404087" to="633410336" fromLane="0" toLane="0" via=":4712115331_0_0" dir="s" state="M"/>
    <connection from="654404087" to="633410336" fromLane="1" toLane="1" via=":4712115331_0_1" dir="s" state="M"/>
    <connection from="654404087" to="477923690" fromLane="1" toLane="0" via=":4712115331_2_0" dir="L" state="M"/>
    <connection from="654404088" to="654404087" fromLane="1" toLane="0" via=":6132083115_0_0" dir="s" state="M"/>
    <connection from="654404088" to="654404087" fromLane="2" toLane="1" via=":6132083115_0_1" dir="s" state="M"/>
    <connection from="727432885" to="635674726#0" fromLane="0" toLane="0" via=":4712120092_0_0" dir="s" state="M"/>
    <connection from="727432885" to="635674726#0" fromLane="1" toLane="1" via=":4712120092_0_1" dir="s" state="M"/>
    <connection from="727432885" to="477923812" fromLane="1" toLane="0" via=":4712120092_2_0" dir="L" state="M"/>

    <connection from=":1833874342_0" to="481632481#0" fromLane="0" toLane="0" dir="s" state="M"/>
    <connection from=":1833874342_0" to="481632481#0" fromLane="1" toLane="1" dir="s" state="M"/>
    <connection from=":1833874342_0" to="481632481#0" fromLane="2" toLane="2" dir="s" state="M"/>
    <connection from=":4712115331_0" to="633410336" fromLane="0" toLane="0" dir="s" state="M"/>
    <connection from=":4712115331_0" to="633410336" fromLane="1" toLane="1" dir="s" state="M"/>
    <connection from=":4712115331_2" to="477923690" fromLane="0" toLane="0" dir="L" state="M"/>
    <connection from=":4712115337_0" to="234889698" fromLane="0" toLane="0" dir="s" state="M"/>
    <connection from=":4712115337_0" to="234889698" fromLane="1" toLane="1" dir="s" state="M"/>
    <connection from=":4712115337_2" to="234889698" fromLane="0" toLane="1" dir="s" state="M"/>
    <connection from=":4712120092_0" to="635674726#0" fromLane="0" toLane="0" dir="s" state="M"/>
    <connection from=":4712120092_0" to="635674726#0" fromLane="1" toLane="1" dir="s" state="M"/>
    <connection from=":4712120092_2" to="477923812" fromLane="0" toLane="0" dir="L" state="M"/>
    <connection from=":4712120098_0" to="75225123" fromLane="0" toLane="0" dir="s" state="M"/>
    <connection from=":4712120098_0" to="75225123" fromLane="1" toLane="1" dir="s" state="M"/>
    <connection from=":4712120098_2" to="75225123" fromLane="0" toLane="1" dir="s" state="M"/>
    <connection from=":597109200_0" to="654404088" fromLane="0" toLane="0" dir="s" state="M"/>
    <connection from=":597109200_0" to="654404088" fromLane="1" toLane="1" dir="s" state="M"/>
    <connection from=":597109200_0" to="654404088" fromLane="2" toLane="2" dir="s" state="M"/>
    <connection from=":6132083115_0" to="654404087" fromLane="0" toLane="0" dir="s" state="M"/>
    <connection from=":6132083115_0" to="654404087" fromLane="1" toLane="1" dir="s" state="M"/>
    <connection from=":6817673902_0" to="682587580" fromLane="0" toLane="0" dir="t" state="M"/>
    <connection from=":cluster_597109172_597109173_597109184_597109185_0" to="633410335#0" fromLane="0" toLane="0" dir="r" state="M"/>
    <connection from=":cluster_597109172_597109173_597109184_597109185_0" to="633410335#0" fromLane="1" toLane="1" dir="r" state="M"/>
    <connection from=":cluster_597109172_597109173_597109184_597109185_2" to="634049885" fromLane="0" toLane="0" dir="s" state="M"/>
    <connection from=":cluster_597109172_597109173_597109184_597109185_2" to="634049885" fromLane="1" toLane="1" dir="s" state="M"/>
    <connection from=":cluster_597109172_597109173_597109184_597109185_4" to="635674727#0" fromLane="0" toLane="1" via=":cluster_597109172_597109173_597109184_597109185_11_0" dir="t" state="m"/>
    <connection from=":cluster_597109172_597109173_597109184_597109185_11" to="635674727#0" fromLane="0" toLane="1" dir="t" state="M"/>
    <connection from=":cluster_597109172_597109173_597109184_597109185_5" to="635674727#0" fromLane="0" toLane="0" dir="s" state="M"/>
    <connection from=":cluster_597109172_597109173_597109184_597109185_6" to="634049885" fromLane="0" toLane="1" via=":cluster_597109172_597109173_597109184_597109185_12_0" dir="t" state="m"/>
    <connection from=":cluster_597109172_597109173_597109184_597109185_12" to="634049885" fromLane="0" toLane="1" dir="t" state="M"/>
    <connection from=":cluster_597109172_597109173_597109184_597109185_7" to="635674727#0" fromLane="0" toLane="1" dir="s" state="M"/>
    <connection from=":cluster_597109172_597109173_597109184_597109185_8" to="634049885" fromLane="0" toLane="0" dir="r" state="M"/>
    <connection from=":cluster_597109172_597109173_597109184_597109185_9" to="633410335#0" fromLane="0" toLane="1" via=":cluster_597109172_597109173_597109184_597109185_13_0" dir="t" state="m"/>
    <connection from=":cluster_597109172_597109173_597109184_597109185_13" to="633410335#0" fromLane="0" toLane="1" dir="t" state="M"/>
    <connection from=":cluster_597109172_597109173_597109184_597109185_10" to="634049885" fromLane="0" toLane="1" dir="r" state="M"/>

</net>
