<?xml version="1.0" encoding="UTF-8"?>

<!-- generated on 2023-07-17 11:08:04 by Eclipse SUMO netconvert Version 1.17.0
<configuration xmlns:xsi="http://www.w3.org/2001/XMLSchema-instance" xsi:noNamespaceSchemaLocation="http://sumo.dlr.de/xsd/netconvertConfiguration.xsd">

    <input>
        <sumo-net-file value="osm.net.xml.gz"/>
    </input>

    <output>
        <output-file value="osm.net.xml"/>
        <output.street-names value="true"/>
    </output>

    <processing>
        <geometry.min-radius.fix.railways value="false"/>
        <geometry.max-grade.fix value="false"/>
        <offset.disable-normalization value="true"/>
        <lefthand value="1"/>
    </processing>

    <junctions>
        <no-turnarounds value="true"/>
        <junctions.corner-detail value="5"/>
        <junctions.limit-turn-speed value="5.50"/>
        <rectangular-lane-cut value="0"/>
    </junctions>

    <pedestrian>
        <walkingareas value="0"/>
    </pedestrian>

</configuration>
-->

<net version="1.16" junctionCornerDetail="5" lefthand="true" limitTurnSpeed="5.50" xmlns:xsi="http://www.w3.org/2001/XMLSchema-instance" xsi:noNamespaceSchemaLocation="http://sumo.dlr.de/xsd/net_file.xsd">

    <location netOffset="-377054.26,-143261.26" convBoundary="0.00,0.00,1221.27,464.21" origBoundary="103.894906,1.295885,103.905880,1.300088" projParameter="+proj=utm +zone=48 +ellps=WGS84 +datum=WGS84 +units=m +no_defs"/>

    <type id="highway.bridleway" priority="1" numLanes="1" speed="2.78" allow="pedestrian" oneway="1" width="2.00"/>
    <type id="highway.bus_guideway" priority="1" numLanes="1" speed="27.78" allow="bus" oneway="1"/>
    <type id="highway.cycleway" priority="1" numLanes="1" speed="5.56" allow="bicycle" oneway="0" width="1.00"/>
    <type id="highway.footway" priority="1" numLanes="1" speed="2.78" allow="pedestrian" oneway="1" width="2.00"/>
    <type id="highway.ford" priority="1" numLanes="1" speed="2.78" allow="army" oneway="0"/>
    <type id="highway.living_street" priority="2" numLanes="1" speed="2.78" disallow="tram rail_urban rail rail_electric rail_fast ship" oneway="0"/>
    <type id="highway.motorway" priority="14" numLanes="2" speed="39.44" allow="private emergency authority army vip passenger hov taxi bus coach delivery truck trailer motorcycle evehicle custom1 custom2" oneway="1"/>
    <type id="highway.motorway_link" priority="9" numLanes="1" speed="22.22" allow="private emergency authority army vip passenger hov taxi bus coach delivery truck trailer motorcycle evehicle custom1 custom2" oneway="1"/>
    <type id="highway.path" priority="1" numLanes="1" speed="5.56" allow="pedestrian bicycle" oneway="0" width="2.00"/>
    <type id="highway.pedestrian" priority="1" numLanes="1" speed="2.78" allow="pedestrian" oneway="1" width="2.00"/>
    <type id="highway.primary" priority="12" numLanes="2" speed="27.78" disallow="tram rail_urban rail rail_electric rail_fast ship" oneway="0"/>
    <type id="highway.primary_link" priority="7" numLanes="1" speed="22.22" disallow="tram rail_urban rail rail_electric rail_fast ship" oneway="0"/>
    <type id="highway.raceway" priority="15" numLanes="2" speed="83.33" allow="vip" oneway="0"/>
    <type id="highway.residential" priority="3" numLanes="1" speed="13.89" disallow="tram rail_urban rail rail_electric rail_fast ship" oneway="0"/>
    <type id="highway.secondary" priority="11" numLanes="1" speed="27.78" disallow="tram rail_urban rail rail_electric rail_fast ship" oneway="0"/>
    <type id="highway.secondary_link" priority="6" numLanes="1" speed="22.22" disallow="tram rail_urban rail rail_electric rail_fast ship" oneway="0"/>
    <type id="highway.service" priority="1" numLanes="1" speed="5.56" allow="pedestrian delivery bicycle" oneway="0"/>
    <type id="highway.stairs" priority="1" numLanes="1" speed="1.39" allow="pedestrian" oneway="1" width="2.00"/>
    <type id="highway.step" priority="1" numLanes="1" speed="1.39" allow="pedestrian" oneway="1" width="2.00"/>
    <type id="highway.steps" priority="1" numLanes="1" speed="1.39" allow="pedestrian" oneway="1" width="2.00"/>
    <type id="highway.tertiary" priority="10" numLanes="1" speed="22.22" disallow="tram rail_urban rail rail_electric rail_fast ship" oneway="0"/>
    <type id="highway.tertiary_link" priority="5" numLanes="1" speed="22.22" disallow="tram rail_urban rail rail_electric rail_fast ship" oneway="0"/>
    <type id="highway.track" priority="1" numLanes="1" speed="5.56" allow="pedestrian motorcycle moped bicycle" oneway="0"/>
    <type id="highway.trunk" priority="13" numLanes="2" speed="27.78" disallow="pedestrian bicycle tram rail_urban rail rail_electric rail_fast ship" oneway="0"/>
    <type id="highway.trunk_link" priority="8" numLanes="1" speed="22.22" disallow="pedestrian bicycle tram rail_urban rail rail_electric rail_fast ship" oneway="0"/>
    <type id="highway.unclassified" priority="4" numLanes="1" speed="13.89" disallow="tram rail_urban rail rail_electric rail_fast ship" oneway="0"/>
    <type id="highway.unsurfaced" priority="1" numLanes="1" speed="8.33" disallow="tram rail_urban rail rail_electric rail_fast ship" oneway="0"/>
    <type id="railway.highspeed" priority="21" numLanes="1" speed="69.44" allow="rail_fast" oneway="1"/>
    <type id="railway.light_rail" priority="19" numLanes="1" speed="27.78" allow="rail_urban" oneway="1"/>
    <type id="railway.preserved" priority="16" numLanes="1" speed="27.78" allow="rail" oneway="1"/>
    <type id="railway.rail" priority="20" numLanes="1" speed="44.44" allow="rail" oneway="1"/>
    <type id="railway.subway" priority="18" numLanes="1" speed="27.78" allow="rail_urban" oneway="1"/>
    <type id="railway.tram" priority="17" numLanes="1" speed="13.89" allow="tram" oneway="1"/>

    <edge id=":243494209_0" function="internal">
        <lane id=":243494209_0_0" index="0" allow="private emergency authority army vip passenger hov taxi bus coach delivery truck trailer motorcycle evehicle custom1 custom2" speed="19.45" length="5.73" shape="242.79,137.98 244.39,138.53 245.52,138.82 246.67,139.02 248.35,139.30"/>
        <lane id=":243494209_0_1" index="1" allow="private emergency authority army vip passenger hov taxi bus coach delivery truck trailer motorcycle evehicle custom1 custom2" speed="19.45" length="5.16" shape="243.90,134.98 245.35,135.47 246.36,135.73 247.40,135.90 248.91,136.15"/>
    </edge>
    <edge id=":243494209_2" function="internal">
        <lane id=":243494209_2_0" index="0" allow="private emergency authority army vip passenger hov taxi bus coach delivery truck trailer motorcycle evehicle custom1 custom2" speed="25.00" length="4.47" shape="245.02,131.98 246.34,132.73 247.05,133.58 247.77,134.43 249.09,135.17"/>
        <lane id=":243494209_2_1" index="1" allow="private emergency authority army vip passenger hov taxi bus coach delivery truck trailer motorcycle evehicle custom1 custom2" speed="25.00" length="4.47" shape="246.13,128.98 247.29,129.68 247.89,130.48 248.50,131.29 249.66,131.98"/>
        <lane id=":243494209_2_2" index="2" allow="private emergency authority army vip passenger hov taxi bus coach delivery truck trailer motorcycle evehicle custom1 custom2" speed="25.00" length="4.47" shape="247.24,125.98 248.25,126.62 248.74,127.38 249.23,128.15 250.24,128.78"/>
        <lane id=":243494209_2_3" index="3" allow="private emergency authority army vip passenger hov taxi bus coach delivery truck trailer motorcycle evehicle custom1 custom2" speed="25.00" length="4.47" shape="248.36,122.98 249.21,123.56 249.58,124.29 249.95,125.01 250.81,125.58"/>
    </edge>
    <edge id=":243494210_0" function="internal">
        <lane id=":243494210_0_0" index="0" allow="private emergency authority army vip passenger hov taxi bus coach delivery truck trailer motorcycle evehicle custom1 custom2" speed="25.00" length="3.03" shape="625.57,276.31 628.46,277.39"/>
        <lane id=":243494210_0_1" index="1" allow="private emergency authority army vip passenger hov taxi bus coach delivery truck trailer motorcycle evehicle custom1 custom2" speed="25.00" length="3.03" shape="626.71,273.32 629.56,274.38"/>
        <lane id=":243494210_0_2" index="2" allow="private emergency authority army vip passenger hov taxi bus coach delivery truck trailer motorcycle evehicle custom1 custom2" speed="25.00" length="3.03" shape="627.84,270.33 630.67,271.38"/>
        <lane id=":243494210_0_3" index="3" allow="private emergency authority army vip passenger hov taxi bus coach delivery truck trailer motorcycle evehicle custom1 custom2" speed="25.00" length="3.03" shape="628.98,267.33 631.77,268.38"/>
    </edge>
    <edge id=":243494210_4" function="internal">
        <lane id=":243494210_4_0" index="0" allow="private emergency authority army vip passenger hov taxi bus coach delivery truck trailer motorcycle evehicle custom1 custom2" speed="19.45" length="3.12" shape="624.44,279.29 627.36,280.39"/>
    </edge>
    <edge id=":259577285_0" function="internal">
        <lane id=":259577285_0_0" index="0" allow="private emergency authority army vip passenger hov taxi bus coach delivery truck trailer motorcycle evehicle custom1 custom2" speed="13.89" length="0.20" shape="372.27,372.39 372.08,372.30"/>
    </edge>
    <edge id=":259577285_1" function="internal">
        <lane id=":259577285_1_0" index="0" disallow="tram rail_urban rail rail_electric rail_fast ship" speed="13.89" length="0.10" shape="370.72,375.19 370.78,375.22"/>
    </edge>
    <edge id=":259577289_0" function="internal">
        <lane id=":259577289_0_0" index="0" allow="private emergency authority army vip passenger hov taxi bus coach delivery truck trailer motorcycle evehicle custom1 custom2" speed="13.89" length="17.44" shape="342.05,338.91 342.21,334.77 342.36,330.16 342.71,325.59 343.48,321.56"/>
    </edge>
    <edge id=":259577289_1" function="internal">
        <lane id=":259577289_1_0" index="0" allow="private emergency authority army vip passenger hov taxi bus coach delivery truck trailer motorcycle evehicle custom1 custom2" speed="13.89" length="17.44" shape="338.59,338.30 343.48,321.56"/>
    </edge>
    <edge id=":4600033625_0" function="internal">
        <lane id=":4600033625_0_0" index="0" disallow="tram rail_urban rail rail_electric rail_fast ship" speed="13.89" length="0.50" shape="211.65,358.92 211.52,358.86 211.43,358.81 211.33,358.78 211.20,358.72"/>
    </edge>
    <edge id=":4600033625_1" function="internal">
        <lane id=":4600033625_1_0" index="0" disallow="tram rail_urban rail rail_electric rail_fast ship" speed="13.89" length="0.17" shape="210.07,361.72 210.12,361.74 210.15,361.75 210.18,361.76 210.23,361.79"/>
    </edge>
    <edge id=":4619872133_0" function="internal">
        <lane id=":4619872133_0_0" index="0" disallow="pedestrian tram rail_urban rail rail_electric rail_fast ship" speed="13.89" length="0.20" shape="319.45,351.62 319.43,351.72"/>
        <lane id=":4619872133_0_1" index="1" disallow="pedestrian tram rail_urban rail rail_electric rail_fast ship" speed="13.89" length="0.20" shape="322.62,352.06 322.57,352.35"/>
    </edge>
    <edge id=":477796387-AddedOnRampNode_0" function="internal">
        <lane id=":477796387-AddedOnRampNode_0_0" index="0" allow="private emergency authority army vip passenger hov taxi bus coach delivery truck trailer motorcycle evehicle custom1 custom2" speed="25.00" length="8.00" shape="717.17,309.99 724.68,312.75"/>
        <lane id=":477796387-AddedOnRampNode_0_1" index="1" allow="private emergency authority army vip passenger hov taxi bus coach delivery truck trailer motorcycle evehicle custom1 custom2" speed="25.00" length="8.00" shape="718.27,306.99 725.78,309.74"/>
        <lane id=":477796387-AddedOnRampNode_0_2" index="2" allow="private emergency authority army vip passenger hov taxi bus coach delivery truck trailer motorcycle evehicle custom1 custom2" speed="25.00" length="8.00" shape="719.38,303.99 726.89,306.74"/>
        <lane id=":477796387-AddedOnRampNode_0_3" index="3" allow="private emergency authority army vip passenger hov taxi bus coach delivery truck trailer motorcycle evehicle custom1 custom2" speed="25.00" length="8.00" shape="720.48,300.98 727.99,303.74"/>
    </edge>
    <edge id=":5270588905_0" function="internal">
        <lane id=":5270588905_0_0" index="0" disallow="tram rail_urban rail rail_electric rail_fast ship" speed="13.89" length="6.31" shape="330.75,369.66 332.26,368.57 333.39,367.98 334.63,367.57 336.42,367.01"/>
    </edge>
    <edge id=":5270588905_1" function="internal">
        <lane id=":5270588905_1_0" index="0" allow="private emergency authority army vip passenger hov taxi bus coach delivery truck trailer motorcycle evehicle custom1 custom2" speed="8.92" length="6.22" shape="330.75,369.66 332.04,368.44 332.64,367.34 332.90,366.03 333.19,364.20"/>
    </edge>
    <edge id=":5680876838_0" function="internal">
        <lane id=":5680876838_0_0" index="0" disallow="tram rail_urban rail rail_electric rail_fast ship" speed="11.36" length="7.89" shape="323.59,376.74 324.46,374.66 325.50,373.47 326.90,372.52 328.83,371.16"/>
    </edge>
    <edge id=":5680876838_1" function="internal">
        <lane id=":5680876838_1_0" index="0" disallow="tram rail_urban rail rail_electric rail_fast ship" speed="13.89" length="7.88" shape="323.59,376.74 325.47,369.00"/>
        <lane id=":5680876838_1_1" index="1" disallow="tram rail_urban rail rail_electric rail_fast ship" speed="13.89" length="7.88" shape="320.53,375.81 322.36,368.24"/>
    </edge>
    <edge id=":5680876881_0" function="internal">
        <lane id=":5680876881_0_0" index="0" allow="private emergency authority army vip passenger hov taxi bus coach delivery truck trailer motorcycle evehicle custom1 custom2" speed="13.89" length="0.26" shape="322.34,330.40 322.32,330.62"/>
        <lane id=":5680876881_0_1" index="1" allow="private emergency authority army vip passenger hov taxi bus coach delivery truck trailer motorcycle evehicle custom1 custom2" speed="13.89" length="0.26" shape="325.52,330.75 325.49,331.06"/>
    </edge>
    <edge id=":6878915100_0" function="internal">
        <lane id=":6878915100_0_0" index="0" disallow="tram rail_urban rail rail_electric rail_fast ship" speed="3.65" length="4.67" shape="242.99,421.59 244.15,422.45 245.04,422.56 245.66,421.91 246.01,420.51"/>
    </edge>
    <edge id=":6987711796_0" function="internal">
        <lane id=":6987711796_0_0" index="0" allow="private emergency authority army vip passenger hov taxi bus coach delivery truck trailer motorcycle evehicle custom1 custom2" speed="25.00" length="8.39" shape="160.09,101.97 162.22,103.69 162.98,105.79 163.75,107.85 165.93,109.45"/>
        <lane id=":6987711796_0_1" index="1" allow="private emergency authority army vip passenger hov taxi bus coach delivery truck trailer motorcycle evehicle custom1 custom2" speed="25.00" length="8.39" shape="160.09,101.97 162.24,103.15 163.54,104.28 164.86,105.37 167.04,106.45"/>
        <lane id=":6987711796_0_2" index="2" allow="private emergency authority army vip passenger hov taxi bus coach delivery truck trailer motorcycle evehicle custom1 custom2" speed="25.00" length="8.39" shape="160.09,101.97 162.40,102.68 164.10,102.78 165.81,102.85 168.16,103.45"/>
        <lane id=":6987711796_0_3" index="3" allow="private emergency authority army vip passenger hov taxi bus coach delivery truck trailer motorcycle evehicle custom1 custom2" speed="25.00" length="8.39" shape="161.34,99.02 163.61,99.71 165.28,99.80 166.96,99.86 169.27,100.45"/>
        <lane id=":6987711796_0_4" index="4" allow="private emergency authority army vip passenger hov taxi bus coach delivery truck trailer motorcycle evehicle custom1 custom2" speed="25.00" length="8.39" shape="162.59,96.08 164.82,96.75 166.46,96.83 168.11,96.88 170.38,97.45"/>
        <lane id=":6987711796_0_5" index="5" allow="private emergency authority army vip passenger hov taxi bus coach delivery truck trailer motorcycle evehicle custom1 custom2" speed="25.00" length="8.39" shape="163.84,93.13 166.03,93.79 167.64,93.86 169.27,93.89 171.50,94.45"/>
    </edge>

    <edge id="-23946430" from="259577288" to="259577285" name="Amber Road" priority="3" type="highway.residential" shape="576.93,457.27 569.64,453.03 539.92,435.76 525.55,427.45 504.88,414.56 481.08,400.50 469.66,395.83 459.37,393.83 453.39,393.69 430.64,394.96 421.39,394.30 412.21,392.07 392.13,384.08 386.93,381.58 381.39,379.22 378.42,377.41 371.42,373.75">
        <lane id="-23946430_0" index="0" disallow="tram rail_urban rail rail_electric rail_fast ship" speed="13.89" length="226.45" shape="577.73,455.89 570.44,451.65 540.72,434.38 526.37,426.08 505.71,413.19 481.79,399.06 470.12,394.29 459.54,392.23 453.36,392.09 430.65,393.36 421.64,392.71 412.70,390.54 392.77,382.61 387.59,380.12 382.12,377.79 379.21,376.02 372.27,372.39">
            <param key="origId" value="23946430 646702843 646702844 646819440 646702845"/>
        </lane>
    </edge>
    <edge id="-44488257" from="1782944109" to="1833766755" name="East Coast Park Service Road" priority="4" type="highway.unclassified" shape="87.62,0.00 121.32,9.55 142.11,9.95 267.64,14.47 287.85,16.30 307.89,21.54 380.99,52.31 387.73,55.14 396.78,61.19 401.40,66.06 402.75,73.18 402.29,78.14 398.96,112.38 397.69,119.06 398.36,125.51 401.13,132.69 405.98,138.17 412.02,141.95 425.31,145.87 460.45,157.64 497.33,171.56 636.11,229.64 707.45,256.88 715.51,259.70">
        <lane id="-44488257_0" index="0" disallow="tram rail_urban rail rail_electric rail_fast ship" speed="13.89" length="734.28" shape="87.18,1.54 121.08,11.15 142.07,11.55 267.54,16.07 287.57,17.88 307.37,23.06 380.37,53.78 386.97,56.56 395.74,62.42 399.92,66.82 401.14,73.26 400.70,77.99 397.37,112.15 396.07,118.99 396.79,125.89 399.74,133.53 404.94,139.40 411.36,143.42 424.83,147.40 459.91,159.15 496.74,173.05 635.52,231.13 706.90,258.38 714.98,261.21">
            <param key="origId" value="44488257 643892030 643894251"/>
        </lane>
    </edge>
    <edge id="-467705316" from="4600033625" to="247008588" name="Meyer Road" priority="10" type="highway.tertiary" shape="210.79,360.28 193.98,353.99 99.41,319.21 90.39,316.12 79.40,310.98">
        <lane id="-467705316_0" index="0" disallow="tram rail_urban rail rail_electric rail_fast ship" speed="13.89" length="140.08" shape="211.20,358.72 194.54,352.49 99.95,317.70 90.99,314.63 80.08,309.53">
            <param key="origId" value="467705316"/>
        </lane>
    </edge>
    <edge id="-643389683" from="3128990877" to="3128990883" name="Peach Garden" priority="3" type="highway.residential" shape="100.87,241.62 208.67,276.96 213.84,277.43 218.27,276.25 221.22,272.93 238.92,218.65 239.11,214.25 237.54,210.14 234.78,208.28 123.83,172.23">
        <lane id="-643389683_0" index="0" disallow="tram rail_urban rail rail_electric rail_fast ship" speed="13.89" length="318.67" shape="100.37,243.14 208.34,278.54 213.98,279.05 219.15,277.67 222.64,273.74 240.51,218.94 240.72,213.99 238.85,209.10 235.49,206.83 124.32,170.71">
            <param key="origId" value="643389683 467689363"/>
        </lane>
    </edge>
    <edge id="-667661204" from="4600033625" to="6878915100" name="Tanjong Katong Road" priority="3" type="highway.residential" shape="210.79,360.28 221.64,365.68 232.44,381.49 238.83,405.17 244.50,421.05">
        <lane id="-667661204_0" index="0" disallow="tram rail_urban rail rail_electric rail_fast ship" speed="13.89" length="71.24" shape="210.23,361.79 220.55,366.93 230.97,382.17 237.30,405.65 242.99,421.59">
            <param key="origId" value="667661204 667661203"/>
        </lane>
    </edge>
    <edge id="226212627" from="1143835785" to="1143824925" name="East Coast Parkway" priority="14" type="highway.motorway" spreadType="center" shape="1221.27,461.31 1043.36,403.25 810.10,317.65 636.56,253.86 392.94,161.29 357.47,147.89 304.64,127.85 164.09,74.64 72.00,40.29 47.16,31.23 0.00,14.18">
        <lane id="226212627_0" index="0" allow="private emergency authority army vip passenger hov taxi bus coach delivery truck trailer motorcycle evehicle custom1 custom2" speed="25.00" length="1300.70" shape="1222.76,456.75 1044.93,398.71 811.75,313.14 638.24,249.36 394.64,156.80 359.17,143.40 306.34,123.36 165.78,70.15 73.66,35.79 48.80,26.72 1.63,9.67">
            <param key="origId" value="226212627 477796385 477796384"/>
        </lane>
        <lane id="226212627_1" index="1" allow="private emergency authority army vip passenger hov taxi bus coach delivery truck trailer motorcycle evehicle custom1 custom2" speed="25.00" length="1300.70" shape="1221.77,459.79 1043.88,401.74 810.65,316.15 637.12,252.36 393.51,159.79 358.04,146.39 305.21,126.35 164.65,73.14 72.55,38.79 47.71,29.73 0.54,12.68">
            <param key="origId" value="226212627 477796385 477796384"/>
        </lane>
        <lane id="226212627_2" index="2" allow="private emergency authority army vip passenger hov taxi bus coach delivery truck trailer motorcycle evehicle custom1 custom2" speed="25.00" length="1300.70" shape="1220.77,462.83 1042.84,404.76 809.55,319.15 636.00,255.36 392.37,162.79 356.90,149.39 304.07,129.35 163.53,76.14 71.45,41.79 46.61,32.73 -0.54,15.68">
            <param key="origId" value="226212627 477796385 477796384"/>
        </lane>
        <lane id="226212627_3" index="3" allow="private emergency authority army vip passenger hov taxi bus coach delivery truck trailer motorcycle evehicle custom1 custom2" speed="25.00" length="1300.70" shape="1219.78,465.87 1041.79,407.79 808.45,322.16 634.88,258.36 391.24,165.78 355.77,152.38 302.94,132.34 162.40,79.13 70.34,44.79 45.52,35.74 -1.63,18.69">
            <param key="origId" value="226212627 477796385 477796384"/>
        </lane>
        <param key="ref" value="ECP"/>
    </edge>
    <edge id="22810642" from="243494209" to="5680876881" priority="9" type="highway.motorway_link" spreadType="center" shape="244.86,137.04 257.51,139.35 262.98,143.37 291.74,157.87 311.12,168.11 324.74,177.31 333.63,186.38 343.18,199.12 346.77,212.23 345.64,226.22 336.42,265.65 325.48,316.45 323.92,330.71">
        <lane id="22810642_0" index="0" allow="private emergency authority army vip passenger hov taxi bus coach delivery truck trailer motorcycle evehicle custom1 custom2" speed="13.89" length="249.30" shape="248.35,139.30 256.86,140.86 262.14,144.74 291.01,159.29 310.30,169.48 323.71,178.55 332.41,187.42 341.72,199.84 345.15,212.38 344.05,225.97 334.86,265.30 323.90,316.19 322.34,330.40">
            <param key="origId" value="22810642 474276614 166875622"/>
        </lane>
        <lane id="22810642_1" index="1" allow="private emergency authority army vip passenger hov taxi bus coach delivery truck trailer motorcycle evehicle custom1 custom2" speed="13.89" length="249.30" shape="248.91,136.15 258.16,137.84 263.82,142.00 292.47,156.45 311.94,166.74 325.77,176.07 334.85,185.34 344.64,198.40 348.39,212.08 347.23,226.47 337.98,266.00 327.06,316.71 325.52,330.75">
            <param key="origId" value="22810642 474276614 166875622"/>
        </lane>
    </edge>
    <edge id="23946431" from="259577285" to="259577289" priority="9" type="highway.motorway_link" spreadType="center" shape="372.25,372.38 358.35,365.85 347.80,357.72 343.47,351.20 341.82,342.73 343.01,323.17">
        <lane id="23946431_0" index="0" allow="private emergency authority army vip passenger hov taxi bus coach delivery truck trailer motorcycle evehicle custom1 custom2" speed="13.89" length="48.78" shape="372.08,372.30 358.35,365.85 347.80,357.72 343.47,351.20 341.82,342.73 342.05,338.91">
            <param key="origId" value="23946431"/>
        </lane>
    </edge>
    <edge id="464958961#0" from="5680876838" to="5270588905" name="Amber Road" priority="3" type="highway.residential" spreadType="center">
        <lane id="464958961#0_0" index="0" disallow="tram rail_urban rail rail_electric rail_fast ship" speed="13.89" length="2.44" shape="328.83,371.16 330.75,369.66">
            <param key="origId" value="464958961"/>
        </lane>
    </edge>
    <edge id="464958961#1" from="5270588905" to="259577285" name="Amber Road" priority="3" type="highway.residential" spreadType="center" shape="332.40,368.36 338.27,366.38 342.06,366.13 346.55,366.13 351.18,366.96 370.91,375.27">
        <lane id="464958961#1_0" index="0" disallow="tram rail_urban rail rail_electric rail_fast ship" speed="13.89" length="36.16" shape="336.42,367.01 338.27,366.38 342.06,366.13 346.55,366.13 351.18,366.96 370.72,375.19">
            <param key="origId" value="464958961"/>
        </lane>
    </edge>
    <edge id="467689363" from="3128990883" to="3128990877" name="Peach Garden" priority="3" type="highway.residential" shape="123.83,172.23 234.78,208.28 237.54,210.14 239.11,214.25 238.92,218.65 221.22,272.93 218.27,276.25 213.84,277.43 208.67,276.96 100.87,241.62">
        <lane id="467689363_0" index="0" disallow="tram rail_urban rail rail_electric rail_fast ship" speed="13.89" length="308.42" shape="123.34,173.75 234.07,209.73 236.23,211.18 237.50,214.51 237.33,218.36 219.80,272.12 217.39,274.83 213.70,275.81 209.00,275.38 101.37,240.10">
            <param key="origId" value="467689363 643389683"/>
        </lane>
    </edge>
    <edge id="467705312#0" from="5270588905" to="259577289" priority="9" type="highway.motorway_link" spreadType="center" shape="332.40,368.36 337.21,343.03 343.01,323.17">
        <lane id="467705312#0_0" index="0" allow="private emergency authority army vip passenger hov taxi bus coach delivery truck trailer motorcycle evehicle custom1 custom2" speed="13.89" length="26.47" shape="333.19,364.20 337.21,343.03 338.59,338.30">
            <param key="origId" value="467705312"/>
        </lane>
    </edge>
    <edge id="467705312#1" from="259577289" to="243494210" priority="9" type="highway.motorway_link" spreadType="center" shape="343.01,323.17 366.06,244.11 375.91,230.34 386.77,222.27 405.33,214.19 423.25,211.45 491.67,231.63 543.83,247.97 625.96,279.88">
        <lane id="467705312#1_0" index="0" allow="private emergency authority army vip passenger hov taxi bus coach delivery truck trailer motorcycle evehicle custom1 custom2" speed="13.89" length="361.98" shape="343.48,321.56 366.06,244.11 375.91,230.34 386.77,222.27 405.33,214.19 423.25,211.45 491.67,231.63 543.83,247.97 624.44,279.29">
            <param key="origId" value="467705312 474277748"/>
        </lane>
    </edge>
    <edge id="467705316" from="247008588" to="4600033625" name="Meyer Road" priority="10" type="highway.tertiary" shape="79.40,310.98 90.39,316.12 99.41,319.21 193.98,353.99 210.79,360.28">
        <lane id="467705316_0" index="0" disallow="tram rail_urban rail rail_electric rail_fast ship" speed="13.89" length="140.34" shape="78.72,312.43 89.79,317.61 98.87,320.72 193.42,355.49 210.07,361.72">
            <param key="origId" value="467705316"/>
        </lane>
    </edge>
    <edge id="467725330" from="4619872133" to="4600009763" name="Tanjong Katong Road South" priority="11" type="highway.secondary" spreadType="center" shape="321.02,351.94 318.80,362.98 313.80,380.81 310.60,391.30 307.13,403.21 291.43,443.17">
        <lane id="467725330_0" index="0" disallow="tram rail_urban rail rail_electric rail_fast ship" speed="13.89" length="95.98" shape="319.43,351.72 317.24,362.61 312.26,380.36 309.07,390.84 305.61,402.69 289.94,442.58">
            <param key="origId" value="467725330"/>
        </lane>
        <lane id="467725330_1" index="1" disallow="tram rail_urban rail rail_electric rail_fast ship" speed="13.89" length="95.98" shape="322.57,352.35 320.36,363.35 315.34,381.26 312.13,391.76 308.65,403.73 292.92,443.76">
            <param key="origId" value="467725330"/>
        </lane>
    </edge>
    <edge id="474450057" from="4684024315" to="6987711796" name="East Coast Parkway" priority="14" type="highway.motorway" spreadType="center">
        <lane id="474450057_0" index="0" allow="private emergency authority army vip passenger hov taxi bus coach delivery truck trailer motorcycle evehicle custom1 custom2" speed="25.00" length="33.44" shape="129.31,88.91 160.09,101.97">
            <param key="origId" value="474450057"/>
        </lane>
        <lane id="474450057_1" index="1" allow="private emergency authority army vip passenger hov taxi bus coach delivery truck trailer motorcycle evehicle custom1 custom2" speed="25.00" length="33.44" shape="130.56,85.96 161.34,99.02">
            <param key="origId" value="474450057"/>
        </lane>
        <lane id="474450057_2" index="2" allow="private emergency authority army vip passenger hov taxi bus coach delivery truck trailer motorcycle evehicle custom1 custom2" speed="25.00" length="33.44" shape="131.80,83.02 162.59,96.08">
            <param key="origId" value="474450057"/>
        </lane>
        <lane id="474450057_3" index="3" allow="private emergency authority army vip passenger hov taxi bus coach delivery truck trailer motorcycle evehicle custom1 custom2" speed="25.00" length="33.44" shape="133.05,80.07 163.84,93.13">
            <param key="origId" value="474450057"/>
        </lane>
        <param key="ref" value="ECP"/>
    </edge>
    <edge id="474457762#0" from="5270588906" to="5680876838" name="Tanjong Katong Road South" priority="11" type="highway.secondary" spreadType="center" shape="306.00,422.98 314.43,401.40 321.98,376.55">
        <lane id="474457762#0_0" index="0" disallow="tram rail_urban rail rail_electric rail_fast ship" speed="13.89" length="49.43" shape="307.49,423.56 315.94,401.92 323.59,376.74">
            <param key="origId" value="474457762"/>
        </lane>
        <lane id="474457762#0_1" index="1" disallow="tram rail_urban rail rail_electric rail_fast ship" speed="13.89" length="49.43" shape="304.51,422.40 312.92,400.88 320.53,375.81">
            <param key="origId" value="474457762"/>
        </lane>
    </edge>
    <edge id="474457762#1" from="5680876838" to="245373631" name="Tanjong Katong Road South" priority="11" type="highway.secondary" spreadType="center" shape="321.98,376.55 328.75,348.74 331.34,336.73 335.48,316.89 368.24,195.35 374.35,167.32 376.53,151.01 376.46,139.17 372.48,118.54 366.88,101.81 361.34,93.35 353.95,83.18 336.91,68.16 325.67,60.91 314.48,56.80">
        <lane id="474457762#1_0" index="0" disallow="tram rail_urban rail rail_electric rail_fast ship" speed="13.89" length="345.22" shape="325.47,369.00 330.31,349.10 332.91,337.06 337.04,317.26 369.79,195.73 375.93,167.60 378.13,151.11 378.06,139.01 374.03,118.13 368.33,101.11 362.66,92.44 355.14,82.10 337.88,66.88 326.39,59.47 315.03,55.30">
            <param key="origId" value="474457762 44488265 22810641"/>
        </lane>
        <lane id="474457762#1_1" index="1" disallow="tram rail_urban rail rail_electric rail_fast ship" speed="13.89" length="345.22" shape="322.36,368.24 327.19,348.38 329.77,336.40 333.92,316.52 366.69,194.97 372.77,167.04 374.93,150.91 374.86,139.33 370.93,118.95 365.43,102.51 360.02,94.26 352.76,84.26 335.94,69.44 324.95,62.35 313.93,58.30">
            <param key="origId" value="474457762 44488265 22810641"/>
        </lane>
    </edge>
    <edge id="477796387" from="477796387-AddedOnRampNode" to="1782907202" name="East Coast Parkway" priority="14" type="highway.motorway" spreadType="center" shape="722.58,306.86 1032.73,420.83 1113.65,449.14 1161.04,464.21">
        <lane id="477796387_0" index="0" allow="private emergency authority army vip passenger hov taxi bus coach delivery truck trailer motorcycle evehicle custom1 custom2" speed="25.00" length="461.88" shape="724.68,312.75 1031.11,425.35 1112.13,453.69 1159.59,468.78">
            <param key="origId" value="477796387"/>
        </lane>
        <lane id="477796387_1" index="1" allow="private emergency authority army vip passenger hov taxi bus coach delivery truck trailer motorcycle evehicle custom1 custom2" speed="25.00" length="461.88" shape="725.78,309.74 1032.19,422.34 1113.14,450.66 1160.56,465.73">
            <param key="origId" value="477796387"/>
        </lane>
        <lane id="477796387_2" index="2" allow="private emergency authority army vip passenger hov taxi bus coach delivery truck trailer motorcycle evehicle custom1 custom2" speed="25.00" length="461.88" shape="726.89,306.74 1033.27,419.32 1114.16,447.62 1161.52,462.69">
            <param key="origId" value="477796387"/>
        </lane>
        <lane id="477796387_3" index="3" allow="private emergency authority army vip passenger hov taxi bus coach delivery truck trailer motorcycle evehicle custom1 custom2" speed="25.00" length="461.88" shape="727.99,303.74 1034.35,416.31 1115.17,444.59 1162.49,459.64">
            <param key="origId" value="477796387"/>
        </lane>
        <param key="ref" value="ECP"/>
    </edge>
    <edge id="477796387-AddedOnRampEdge" from="243494210" to="477796387-AddedOnRampNode" name="East Coast Parkway" priority="14" type="highway.motorway" spreadType="center" shape="628.17,273.87 722.03,308.37">
        <lane id="477796387-AddedOnRampEdge_0" index="0" allow="private emergency authority army vip passenger hov taxi bus coach delivery truck trailer motorcycle evehicle custom1 custom2" speed="25.00" length="94.51" acceleration="1" shape="627.36,280.39 716.07,313.00">
            <param key="origId" value="477796387"/>
        </lane>
        <lane id="477796387-AddedOnRampEdge_1" index="1" allow="private emergency authority army vip passenger hov taxi bus coach delivery truck trailer motorcycle evehicle custom1 custom2" speed="25.00" length="94.51" shape="628.46,277.39 717.17,309.99">
            <param key="origId" value="477796387"/>
        </lane>
        <lane id="477796387-AddedOnRampEdge_2" index="2" allow="private emergency authority army vip passenger hov taxi bus coach delivery truck trailer motorcycle evehicle custom1 custom2" speed="25.00" length="94.51" shape="629.56,274.38 718.27,306.99">
            <param key="origId" value="477796387"/>
        </lane>
        <lane id="477796387-AddedOnRampEdge_3" index="3" allow="private emergency authority army vip passenger hov taxi bus coach delivery truck trailer motorcycle evehicle custom1 custom2" speed="25.00" length="94.51" shape="630.67,271.38 719.38,303.99">
            <param key="origId" value="477796387"/>
        </lane>
        <lane id="477796387-AddedOnRampEdge_4" index="4" allow="private emergency authority army vip passenger hov taxi bus coach delivery truck trailer motorcycle evehicle custom1 custom2" speed="25.00" length="94.51" shape="631.77,268.38 720.48,300.98">
            <param key="origId" value="477796387"/>
        </lane>
        <param key="ref" value="ECP"/>
    </edge>
    <edge id="643894251" from="1833766755" to="1782944109" name="East Coast Park Service Road" priority="4" type="highway.unclassified" shape="715.51,259.70 707.45,256.88 636.11,229.64 497.33,171.56 460.45,157.64 425.31,145.87 412.02,141.95 405.98,138.17 401.13,132.69 398.36,125.51 397.69,119.06 398.96,112.38 402.29,78.14 402.75,73.18 401.40,66.06 396.78,61.19 387.73,55.14 380.99,52.31 307.89,21.54 287.85,16.30 267.64,14.47 142.11,9.95 121.32,9.55 87.62,0.00">
        <lane id="643894251_0" index="0" disallow="tram rail_urban rail rail_electric rail_fast ship" speed="13.89" length="734.50" shape="716.04,258.19 708.00,255.38 636.70,228.15 497.92,170.07 460.99,156.13 425.79,144.34 412.68,140.48 407.02,136.94 402.52,131.85 399.93,125.13 399.31,119.13 400.55,112.61 403.88,78.29 404.36,73.10 402.88,65.30 397.82,59.96 388.49,53.72 381.61,50.84 308.41,20.02 288.13,14.72 267.74,12.87 142.15,8.35 121.56,7.95 88.06,-1.54">
            <param key="origId" value="643894251 643892030 44488257"/>
        </lane>
    </edge>
    <edge id="646702845" from="259577285" to="259577288" name="Amber Road" priority="3" type="highway.residential" shape="371.42,373.75 378.42,377.41 381.39,379.22 386.93,381.58 392.13,384.08 412.21,392.07 421.39,394.30 430.64,394.96 453.39,393.69 459.37,393.83 469.66,395.83 481.08,400.50 504.88,414.56 525.55,427.45 539.92,435.76 569.64,453.03 576.93,457.27">
        <lane id="646702845_0" index="0" disallow="tram rail_urban rail rail_electric rail_fast ship" speed="13.89" length="226.31" shape="370.78,375.22 377.63,378.80 380.66,380.65 386.27,383.04 391.49,385.55 411.72,393.60 421.14,395.89 430.63,396.56 453.42,395.29 459.20,395.43 469.20,397.37 480.37,401.94 504.05,415.93 524.73,428.82 539.12,437.14 568.84,454.41 576.13,458.65">
            <param key="origId" value="646702845 646819440 646702844 646702843 23946430"/>
        </lane>
    </edge>
    <edge id="658242872" from="5680876881" to="4619872133" name="Amber Road" priority="11" type="highway.secondary" spreadType="center">
        <lane id="658242872_0" index="0" disallow="pedestrian tram rail_urban rail rail_electric rail_fast ship" speed="13.89" length="21.19" shape="322.32,330.62 319.45,351.62">
            <param key="origId" value="658242872"/>
        </lane>
        <lane id="658242872_1" index="1" disallow="pedestrian tram rail_urban rail rail_electric rail_fast ship" speed="13.89" length="21.19" shape="325.49,331.06 322.62,352.06">
            <param key="origId" value="658242872"/>
        </lane>
    </edge>
    <edge id="667661203" from="6878915100" to="4600033625" name="Tanjong Katong Road" priority="3" type="highway.residential" shape="244.50,421.05 238.83,405.17 232.44,381.49 221.64,365.68 210.79,360.28">
        <lane id="667661203_0" index="0" disallow="tram rail_urban rail rail_electric rail_fast ship" speed="13.89" length="73.74" shape="246.01,420.51 240.36,404.69 233.91,380.81 222.73,364.43 211.65,358.92">
            <param key="origId" value="667661203 667661204"/>
        </lane>
    </edge>
    <edge id="746708190" from="6987711796" to="243494209" name="East Coast Parkway" priority="14" type="highway.motorway" spreadType="center" shape="165.01,100.58 247.09,131.04">
        <lane id="746708190_0" index="0" allow="private emergency authority army vip passenger hov taxi bus coach delivery truck trailer motorcycle evehicle custom1 custom2" speed="25.00" length="81.98" shape="165.93,109.45 242.79,137.98">
            <param key="origId" value="746708190"/>
        </lane>
        <lane id="746708190_1" index="1" allow="private emergency authority army vip passenger hov taxi bus coach delivery truck trailer motorcycle evehicle custom1 custom2" speed="25.00" length="81.98" shape="167.04,106.45 243.90,134.98">
            <param key="origId" value="746708190"/>
        </lane>
        <lane id="746708190_2" index="2" allow="private emergency authority army vip passenger hov taxi bus coach delivery truck trailer motorcycle evehicle custom1 custom2" speed="25.00" length="81.98" shape="168.16,103.45 245.02,131.98">
            <param key="origId" value="746708190"/>
        </lane>
        <lane id="746708190_3" index="3" allow="private emergency authority army vip passenger hov taxi bus coach delivery truck trailer motorcycle evehicle custom1 custom2" speed="25.00" length="81.98" shape="169.27,100.45 246.13,128.98">
            <param key="origId" value="746708190"/>
        </lane>
        <lane id="746708190_4" index="4" allow="private emergency authority army vip passenger hov taxi bus coach delivery truck trailer motorcycle evehicle custom1 custom2" speed="25.00" length="81.98" shape="170.38,97.45 247.24,125.98">
            <param key="origId" value="746708190"/>
        </lane>
        <lane id="746708190_5" index="5" allow="private emergency authority army vip passenger hov taxi bus coach delivery truck trailer motorcycle evehicle custom1 custom2" speed="25.00" length="81.98" shape="171.50,94.45 248.36,122.98">
            <param key="origId" value="746708190"/>
        </lane>
        <param key="ref" value="ECP"/>
    </edge>
    <edge id="74729033" from="243494209" to="243494210" name="East Coast Parkway" priority="14" type="highway.motorway" spreadType="center" shape="247.64,129.54 277.52,140.41 386.79,180.48 628.72,272.37">
        <lane id="74729033_0" index="0" allow="private emergency authority army vip passenger hov taxi bus coach delivery truck trailer motorcycle evehicle custom1 custom2" speed="25.00" length="402.97" shape="249.09,135.17 275.87,144.92 385.11,184.98 625.57,276.31">
            <param key="origId" value="74729033 477796386 633600746"/>
        </lane>
        <lane id="74729033_1" index="1" allow="private emergency authority army vip passenger hov taxi bus coach delivery truck trailer motorcycle evehicle custom1 custom2" speed="25.00" length="402.97" shape="249.66,131.98 276.97,141.91 386.23,181.98 626.71,273.32">
            <param key="origId" value="74729033 477796386 633600746"/>
        </lane>
        <lane id="74729033_2" index="2" allow="private emergency authority army vip passenger hov taxi bus coach delivery truck trailer motorcycle evehicle custom1 custom2" speed="25.00" length="402.97" shape="250.24,128.78 278.07,138.91 387.35,178.98 627.84,270.33">
            <param key="origId" value="74729033 477796386 633600746"/>
        </lane>
        <lane id="74729033_3" index="3" allow="private emergency authority army vip passenger hov taxi bus coach delivery truck trailer motorcycle evehicle custom1 custom2" speed="25.00" length="402.97" shape="250.81,125.58 279.17,135.90 388.47,175.98 628.98,267.33">
            <param key="origId" value="74729033 477796386 633600746"/>
        </lane>
        <param key="ref" value="ECP"/>
    </edge>

    <junction id="1143824925" type="dead_end" x="0.00" y="14.18" incLanes="226212627_0 226212627_1 226212627_2 226212627_3" intLanes="" shape="2.18,8.16 -2.18,20.20"/>
    <junction id="1143835785" type="dead_end" x="1221.27" y="461.31" incLanes="" intLanes="" shape="1219.28,467.39 1223.26,455.23"/>
    <junction id="1782907202" type="dead_end" x="1161.04" y="464.21" incLanes="477796387_0 477796387_1 477796387_2 477796387_3" intLanes="" shape="1159.10,470.31 1162.98,458.11"/>
    <junction id="1782944109" type="dead_end" x="87.62" y="0.00" incLanes="643894251_0" intLanes="" shape="87.62,0.00 88.49,-3.08 87.62,-0.00"/>
    <junction id="1833766755" type="dead_end" x="715.51" y="259.70" incLanes="-44488257_0" intLanes="" shape="715.51,259.70 714.45,262.72 715.51,259.70"/>
    <junction id="243494209" type="priority" x="247.64" y="129.54" incLanes="746708190_0 746708190_1 746708190_2 746708190_3 746708190_4 746708190_5" intLanes=":243494209_0_0 :243494209_0_1 :243494209_2_0 :243494209_2_1 :243494209_2_2 :243494209_2_3" shape="251.10,123.99 248.07,140.88 245.87,140.51 245.10,140.37 244.34,140.18 243.44,139.91 242.23,139.48 248.91,121.48 249.83,122.26 250.18,123.21 250.50,123.64">
        <request index="0" response="000000" foes="000000" cont="0"/>
        <request index="1" response="000000" foes="000000" cont="0"/>
        <request index="2" response="000000" foes="000000" cont="0"/>
        <request index="3" response="000000" foes="000000" cont="0"/>
        <request index="4" response="000000" foes="000000" cont="0"/>
        <request index="5" response="000000" foes="000000" cont="0"/>
    </junction>
    <junction id="243494210" type="priority" x="628.72" y="272.37" incLanes="74729033_0 74729033_1 74729033_2 74729033_3 467705312#1_0" intLanes=":243494210_0_0 :243494210_0_1 :243494210_0_2 :243494210_0_3 :243494210_4_0" shape="632.32,266.87 626.80,281.89 623.87,280.79 629.55,265.84">
        <request index="0" response="00000" foes="00000" cont="0"/>
        <request index="1" response="00000" foes="00000" cont="0"/>
        <request index="2" response="00000" foes="00000" cont="0"/>
        <request index="3" response="00000" foes="00000" cont="0"/>
        <request index="4" response="00000" foes="00000" cont="0"/>
    </junction>
    <junction id="245373631" type="dead_end" x="314.48" y="56.80" incLanes="474457762#1_0 474457762#1_1" intLanes="" shape="315.58,53.80 313.38,59.80"/>
    <junction id="247008588" type="dead_end" x="79.40" y="310.98" incLanes="-467705316_0" intLanes="" shape="79.40,310.98 80.76,308.08 79.40,310.98"/>
    <junction id="259577285" type="priority" x="371.42" y="373.75" incLanes="-23946430_0 464958961#1_0" intLanes=":259577285_0_0 :259577285_1_0" shape="373.01,370.97 370.04,376.64 372.76,370.85">
        <request index="0" response="00" foes="00" cont="0"/>
        <request index="1" response="00" foes="00" cont="0"/>
    </junction>
    <junction id="259577288" type="dead_end" x="576.93" y="457.27" incLanes="646702845_0" intLanes="" shape="576.93,457.27 575.32,460.04 576.93,457.27"/>
    <junction id="259577289" type="priority" x="343.01" y="323.17" incLanes="23946431_0 467705312#0_0" intLanes=":259577289_0_0 :259577289_1_0" shape="341.94,321.11 345.02,322.01 344.12,325.52 343.72,328.16 343.63,330.38 343.70,332.63 343.76,335.36 343.65,339.00 340.46,338.81 340.13,338.75 337.05,337.86">
        <request index="0" response="00" foes="10" cont="0"/>
        <request index="1" response="01" foes="01" cont="0"/>
    </junction>
    <junction id="3128990877" type="dead_end" x="100.87" y="241.62" incLanes="467689363_0" intLanes="" shape="100.87,241.62 101.87,238.58 100.87,241.62"/>
    <junction id="3128990883" type="dead_end" x="123.83" y="172.23" incLanes="-643389683_0" intLanes="" shape="123.83,172.23 124.82,169.19 123.83,172.23"/>
    <junction id="4600009763" type="dead_end" x="291.43" y="443.17" incLanes="467725330_0 467725330_1" intLanes="" shape="288.45,442.00 294.41,444.34"/>
    <junction id="4600033625" type="priority" x="210.79" y="360.28" incLanes="667661203_0 467705316_0" intLanes=":4600033625_0_0 :4600033625_1_0" shape="212.36,357.49 209.51,363.22 211.76,357.22 211.99,357.31 212.07,357.35 212.14,357.38">
        <request index="0" response="00" foes="00" cont="0"/>
        <request index="1" response="00" foes="00" cont="0"/>
    </junction>
    <junction id="4619872133" type="priority" x="321.02" y="351.94" incLanes="658242872_0 658242872_1" intLanes=":4619872133_0_0 :4619872133_0_1" shape="317.86,351.41 324.20,352.27 324.14,352.67">
        <request index="0" response="00" foes="00" cont="0"/>
        <request index="1" response="00" foes="00" cont="0"/>
    </junction>
    <junction id="4684024315" type="dead_end" x="131.18" y="84.49" incLanes="" intLanes="" shape="133.68,78.60 128.68,90.38"/>
    <junction id="477796387-AddedOnRampNode" type="priority" x="722.58" y="306.86" incLanes="477796387-AddedOnRampEdge_0 477796387-AddedOnRampEdge_1 477796387-AddedOnRampEdge_2 477796387-AddedOnRampEdge_3 477796387-AddedOnRampEdge_4" intLanes=":477796387-AddedOnRampNode_0_0 :477796387-AddedOnRampNode_0_1 :477796387-AddedOnRampNode_0_2 :477796387-AddedOnRampNode_0_3" shape="728.54,302.23 724.13,314.25 721.00,313.98 718.65,314.76 717.28,314.89 715.51,314.50 721.03,299.48">
        <request index="0" response="0000" foes="0000" cont="0"/>
        <request index="1" response="0000" foes="0000" cont="0"/>
        <request index="2" response="0000" foes="0000" cont="0"/>
        <request index="3" response="0000" foes="0000" cont="0"/>
    </junction>
    <junction id="5270588905" type="priority" x="332.40" y="368.36" incLanes="464958961#0_0" intLanes=":5270588905_0_0 :5270588905_1_0" shape="331.62,363.90 334.76,364.50 334.76,365.26 334.91,365.48 335.15,365.59 335.48,365.60 335.90,365.49 336.93,368.52 334.88,369.16 334.16,369.40 333.48,369.71 332.71,370.19 331.74,370.92 329.76,368.40 330.99,367.10 331.24,366.48 331.36,365.79 331.46,364.96">
        <request index="0" response="00" foes="00" cont="0"/>
        <request index="1" response="00" foes="00" cont="0"/>
    </junction>
    <junction id="5270588906" type="dead_end" x="306.00" y="422.98" incLanes="" intLanes="" shape="303.02,421.82 308.98,424.14"/>
    <junction id="5680876838" type="priority" x="321.98" y="376.55" incLanes="474457762#0_0 474457762#0_1" intLanes=":5680876838_0_0 :5680876838_1_0 :5680876838_1_1" shape="320.80,367.86 327.02,369.37 326.95,370.08 327.05,370.24 327.23,370.26 327.49,370.15 327.84,369.91 329.82,372.42 327.65,373.87 326.85,374.39 326.19,375.00 325.63,375.88 325.13,377.21 319.00,375.34">
        <request index="0" response="000" foes="000" cont="0"/>
        <request index="1" response="000" foes="000" cont="0"/>
        <request index="2" response="000" foes="000" cont="0"/>
    </junction>
    <junction id="5680876881" type="priority" x="323.92" y="330.71" incLanes="22810642_0 22810642_1" intLanes=":5680876881_0_0 :5680876881_0_1" shape="320.75,330.23 327.12,330.93 327.07,331.27 320.73,330.41">
        <request index="0" response="00" foes="00" cont="0"/>
        <request index="1" response="00" foes="00" cont="0"/>
    </junction>
    <junction id="6878915100" type="priority" x="244.50" y="421.05" incLanes="-667661204_0" intLanes=":6878915100_0_0" shape="244.50,421.05 241.49,422.13 244.50,421.05">
        <request index="0" response="0" foes="0" cont="0"/>
    </junction>
    <junction id="6987711796" type="priority" x="165.57" y="99.08" incLanes="474450057_0 474450057_1 474450057_2 474450057_3" intLanes=":6987711796_0_0 :6987711796_0_1 :6987711796_0_2 :6987711796_0_3 :6987711796_0_4 :6987711796_0_5" shape="172.05,92.95 165.37,110.95 162.83,108.68 162.39,107.28 161.96,105.85 161.12,104.53 159.47,103.44 164.47,91.66 167.21,92.37 168.24,92.37 169.27,92.36 170.48,92.50">
        <request index="0" response="000000" foes="000000" cont="0"/>
        <request index="1" response="000000" foes="000000" cont="0"/>
        <request index="2" response="000000" foes="000000" cont="0"/>
        <request index="3" response="000000" foes="000000" cont="0"/>
        <request index="4" response="000000" foes="000000" cont="0"/>
        <request index="5" response="000000" foes="000000" cont="0"/>
    </junction>

    <connection from="-23946430" to="23946431" fromLane="0" toLane="0" via=":259577285_0_0" dir="s" state="M"/>
    <connection from="-667661204" to="667661203" fromLane="0" toLane="0" via=":6878915100_0_0" dir="T" state="M"/>
    <connection from="22810642" to="658242872" fromLane="0" toLane="0" via=":5680876881_0_0" dir="s" state="M"/>
    <connection from="22810642" to="658242872" fromLane="1" toLane="1" via=":5680876881_0_1" dir="s" state="M"/>
    <connection from="23946431" to="467705312#1" fromLane="0" toLane="0" via=":259577289_0_0" dir="s" state="M"/>
    <connection from="464958961#0" to="464958961#1" fromLane="0" toLane="0" via=":5270588905_0_0" dir="s" state="M"/>
    <connection from="464958961#0" to="467705312#0" fromLane="0" toLane="0" via=":5270588905_1_0" dir="R" state="M"/>
    <connection from="464958961#1" to="646702845" fromLane="0" toLane="0" via=":259577285_1_0" dir="s" state="M"/>
    <connection from="467705312#0" to="467705312#1" fromLane="0" toLane="0" via=":259577289_1_0" dir="s" state="m"/>
    <connection from="467705312#1" to="477796387-AddedOnRampEdge" fromLane="0" toLane="0" via=":243494210_4_0" dir="s" state="M"/>
    <connection from="467705316" to="-667661204" fromLane="0" toLane="0" via=":4600033625_1_0" dir="s" state="M"/>
    <connection from="474450057" to="746708190" fromLane="0" toLane="0" via=":6987711796_0_0" dir="s" state="M"/>
    <connection from="474450057" to="746708190" fromLane="0" toLane="1" via=":6987711796_0_1" dir="s" state="M"/>
    <connection from="474450057" to="746708190" fromLane="0" toLane="2" via=":6987711796_0_2" dir="s" state="M"/>
    <connection from="474450057" to="746708190" fromLane="1" toLane="3" via=":6987711796_0_3" dir="s" state="M"/>
    <connection from="474450057" to="746708190" fromLane="2" toLane="4" via=":6987711796_0_4" dir="s" state="M"/>
    <connection from="474450057" to="746708190" fromLane="3" toLane="5" via=":6987711796_0_5" dir="s" state="M"/>
    <connection from="474457762#0" to="464958961#0" fromLane="0" toLane="0" via=":5680876838_0_0" dir="L" state="M"/>
    <connection from="474457762#0" to="474457762#1" fromLane="0" toLane="0" via=":5680876838_1_0" dir="s" state="M"/>
    <connection from="474457762#0" to="474457762#1" fromLane="1" toLane="1" via=":5680876838_1_1" dir="s" state="M"/>
    <connection from="477796387-AddedOnRampEdge" to="477796387" fromLane="1" toLane="0" via=":477796387-AddedOnRampNode_0_0" dir="s" state="M"/>
    <connection from="477796387-AddedOnRampEdge" to="477796387" fromLane="2" toLane="1" via=":477796387-AddedOnRampNode_0_1" dir="s" state="M"/>
    <connection from="477796387-AddedOnRampEdge" to="477796387" fromLane="3" toLane="2" via=":477796387-AddedOnRampNode_0_2" dir="s" state="M"/>
    <connection from="477796387-AddedOnRampEdge" to="477796387" fromLane="4" toLane="3" via=":477796387-AddedOnRampNode_0_3" dir="s" state="M"/>
    <connection from="658242872" to="467725330" fromLane="0" toLane="0" via=":4619872133_0_0" dir="s" state="M"/>
    <connection from="658242872" to="467725330" fromLane="1" toLane="1" via=":4619872133_0_1" dir="s" state="M"/>
    <connection from="667661203" to="-467705316" fromLane="0" toLane="0" via=":4600033625_0_0" dir="s" state="M"/>
    <connection from="746708190" to="22810642" fromLane="0" toLane="0" via=":243494209_0_0" dir="R" state="M"/>
    <connection from="746708190" to="22810642" fromLane="1" toLane="1" via=":243494209_0_1" dir="R" state="M"/>
    <connection from="746708190" to="74729033" fromLane="2" toLane="0" via=":243494209_2_0" dir="s" state="M"/>
    <connection from="746708190" to="74729033" fromLane="3" toLane="1" via=":243494209_2_1" dir="s" state="M"/>
    <connection from="746708190" to="74729033" fromLane="4" toLane="2" via=":243494209_2_2" dir="s" state="M"/>
    <connection from="746708190" to="74729033" fromLane="5" toLane="3" via=":243494209_2_3" dir="s" state="M"/>
    <connection from="74729033" to="477796387-AddedOnRampEdge" fromLane="0" toLane="1" via=":243494210_0_0" dir="s" state="M"/>
    <connection from="74729033" to="477796387-AddedOnRampEdge" fromLane="1" toLane="2" via=":243494210_0_1" dir="s" state="M"/>
    <connection from="74729033" to="477796387-AddedOnRampEdge" fromLane="2" toLane="3" via=":243494210_0_2" dir="s" state="M"/>
    <connection from="74729033" to="477796387-AddedOnRampEdge" fromLane="3" toLane="4" via=":243494210_0_3" dir="s" state="M"/>

    <connection from=":243494209_0" to="22810642" fromLane="0" toLane="0" dir="R" state="M"/>
    <connection from=":243494209_0" to="22810642" fromLane="1" toLane="1" dir="R" state="M"/>
    <connection from=":243494209_2" to="74729033" fromLane="0" toLane="0" dir="s" state="M"/>
    <connection from=":243494209_2" to="74729033" fromLane="1" toLane="1" dir="s" state="M"/>
    <connection from=":243494209_2" to="74729033" fromLane="2" toLane="2" dir="s" state="M"/>
    <connection from=":243494209_2" to="74729033" fromLane="3" toLane="3" dir="s" state="M"/>
    <connection from=":243494210_0" to="477796387-AddedOnRampEdge" fromLane="0" toLane="1" dir="s" state="M"/>
    <connection from=":243494210_0" to="477796387-AddedOnRampEdge" fromLane="1" toLane="2" dir="s" state="M"/>
    <connection from=":243494210_0" to="477796387-AddedOnRampEdge" fromLane="2" toLane="3" dir="s" state="M"/>
    <connection from=":243494210_0" to="477796387-AddedOnRampEdge" fromLane="3" toLane="4" dir="s" state="M"/>
    <connection from=":243494210_4" to="477796387-AddedOnRampEdge" fromLane="0" toLane="0" dir="s" state="M"/>
    <connection from=":259577285_0" to="23946431" fromLane="0" toLane="0" dir="s" state="M"/>
    <connection from=":259577285_1" to="646702845" fromLane="0" toLane="0" dir="s" state="M"/>
    <connection from=":259577289_0" to="467705312#1" fromLane="0" toLane="0" dir="s" state="M"/>
    <connection from=":259577289_1" to="467705312#1" fromLane="0" toLane="0" dir="s" state="M"/>
    <connection from=":4600033625_0" to="-467705316" fromLane="0" toLane="0" dir="s" state="M"/>
    <connection from=":4600033625_1" to="-667661204" fromLane="0" toLane="0" dir="s" state="M"/>
    <connection from=":4619872133_0" to="467725330" fromLane="0" toLane="0" dir="s" state="M"/>
    <connection from=":4619872133_0" to="467725330" fromLane="1" toLane="1" dir="s" state="M"/>
    <connection from=":477796387-AddedOnRampNode_0" to="477796387" fromLane="0" toLane="0" dir="s" state="M"/>
    <connection from=":477796387-AddedOnRampNode_0" to="477796387" fromLane="1" toLane="1" dir="s" state="M"/>
    <connection from=":477796387-AddedOnRampNode_0" to="477796387" fromLane="2" toLane="2" dir="s" state="M"/>
    <connection from=":477796387-AddedOnRampNode_0" to="477796387" fromLane="3" toLane="3" dir="s" state="M"/>
    <connection from=":5270588905_0" to="464958961#1" fromLane="0" toLane="0" dir="s" state="M"/>
    <connection from=":5270588905_1" to="467705312#0" fromLane="0" toLane="0" dir="R" state="M"/>
    <connection from=":5680876838_0" to="464958961#0" fromLane="0" toLane="0" dir="L" state="M"/>
    <connection from=":5680876838_1" to="474457762#1" fromLane="0" toLane="0" dir="s" state="M"/>
    <connection from=":5680876838_1" to="474457762#1" fromLane="1" toLane="1" dir="s" state="M"/>
    <connection from=":5680876881_0" to="658242872" fromLane="0" toLane="0" dir="s" state="M"/>
    <connection from=":5680876881_0" to="658242872" fromLane="1" toLane="1" dir="s" state="M"/>
    <connection from=":6878915100_0" to="667661203" fromLane="0" toLane="0" dir="T" state="M"/>
    <connection from=":6987711796_0" to="746708190" fromLane="0" toLane="0" dir="s" state="M"/>
    <connection from=":6987711796_0" to="746708190" fromLane="1" toLane="1" dir="s" state="M"/>
    <connection from=":6987711796_0" to="746708190" fromLane="2" toLane="2" dir="s" state="M"/>
    <connection from=":6987711796_0" to="746708190" fromLane="3" toLane="3" dir="s" state="M"/>
    <connection from=":6987711796_0" to="746708190" fromLane="4" toLane="4" dir="s" state="M"/>
    <connection from=":6987711796_0" to="746708190" fromLane="5" toLane="5" dir="s" state="M"/>

</net>
