<?xml version="1.0" encoding="UTF-8"?>

<!-- generated on 2023-07-17 10:18:18 by Eclipse SUMO netconvert Version 1.17.0
<configuration xmlns:xsi="http://www.w3.org/2001/XMLSchema-instance" xsi:noNamespaceSchemaLocation="http://sumo.dlr.de/xsd/netconvertConfiguration.xsd">

    <input>
        <sumo-net-file value="osm.net.xml.gz"/>
    </input>

    <output>
        <output-file value="osm.net.xml"/>
        <output.street-names value="true"/>
    </output>

    <processing>
        <geometry.min-radius.fix.railways value="false"/>
        <geometry.max-grade.fix value="false"/>
        <offset.disable-normalization value="true"/>
        <lefthand value="1"/>
    </processing>

    <junctions>
        <no-turnarounds value="true"/>
        <junctions.corner-detail value="5"/>
        <junctions.limit-turn-speed value="5.50"/>
        <rectangular-lane-cut value="0"/>
    </junctions>

    <pedestrian>
        <walkingareas value="0"/>
    </pedestrian>

</configuration>
-->

<net version="1.16" junctionCornerDetail="5" lefthand="true" limitTurnSpeed="5.50" xmlns:xsi="http://www.w3.org/2001/XMLSchema-instance" xsi:noNamespaceSchemaLocation="http://sumo.dlr.de/xsd/net_file.xsd">

    <location netOffset="-369684.43,-140375.66" convBoundary="-1.01,0.00,887.02,617.29" origBoundary="103.828681,1.269754,103.836654,1.275327" projParameter="+proj=utm +zone=48 +ellps=WGS84 +datum=WGS84 +units=m +no_defs"/>

    <type id="highway.bridleway" priority="1" numLanes="1" speed="2.78" allow="pedestrian" oneway="1" width="2.00"/>
    <type id="highway.bus_guideway" priority="1" numLanes="1" speed="27.78" allow="bus" oneway="1"/>
    <type id="highway.cycleway" priority="1" numLanes="1" speed="5.56" allow="bicycle" oneway="0" width="1.00"/>
    <type id="highway.footway" priority="1" numLanes="1" speed="2.78" allow="pedestrian" oneway="1" width="2.00"/>
    <type id="highway.ford" priority="1" numLanes="1" speed="2.78" allow="army" oneway="0"/>
    <type id="highway.living_street" priority="2" numLanes="1" speed="2.78" disallow="tram rail_urban rail rail_electric rail_fast ship" oneway="0"/>
    <type id="highway.motorway" priority="14" numLanes="2" speed="39.44" allow="private emergency authority army vip passenger hov taxi bus coach delivery truck trailer motorcycle evehicle custom1 custom2" oneway="1"/>
    <type id="highway.motorway_link" priority="9" numLanes="1" speed="22.22" allow="private emergency authority army vip passenger hov taxi bus coach delivery truck trailer motorcycle evehicle custom1 custom2" oneway="1"/>
    <type id="highway.path" priority="1" numLanes="1" speed="5.56" allow="pedestrian bicycle" oneway="0" width="2.00"/>
    <type id="highway.pedestrian" priority="1" numLanes="1" speed="2.78" allow="pedestrian" oneway="1" width="2.00"/>
    <type id="highway.primary" priority="12" numLanes="2" speed="27.78" disallow="tram rail_urban rail rail_electric rail_fast ship" oneway="0"/>
    <type id="highway.primary_link" priority="7" numLanes="1" speed="22.22" disallow="tram rail_urban rail rail_electric rail_fast ship" oneway="0"/>
    <type id="highway.raceway" priority="15" numLanes="2" speed="83.33" allow="vip" oneway="0"/>
    <type id="highway.residential" priority="3" numLanes="1" speed="13.89" disallow="tram rail_urban rail rail_electric rail_fast ship" oneway="0"/>
    <type id="highway.secondary" priority="11" numLanes="1" speed="27.78" disallow="tram rail_urban rail rail_electric rail_fast ship" oneway="0"/>
    <type id="highway.secondary_link" priority="6" numLanes="1" speed="22.22" disallow="tram rail_urban rail rail_electric rail_fast ship" oneway="0"/>
    <type id="highway.service" priority="1" numLanes="1" speed="5.56" allow="pedestrian delivery bicycle" oneway="0"/>
    <type id="highway.stairs" priority="1" numLanes="1" speed="1.39" allow="pedestrian" oneway="1" width="2.00"/>
    <type id="highway.step" priority="1" numLanes="1" speed="1.39" allow="pedestrian" oneway="1" width="2.00"/>
    <type id="highway.steps" priority="1" numLanes="1" speed="1.39" allow="pedestrian" oneway="1" width="2.00"/>
    <type id="highway.tertiary" priority="10" numLanes="1" speed="22.22" disallow="tram rail_urban rail rail_electric rail_fast ship" oneway="0"/>
    <type id="highway.tertiary_link" priority="5" numLanes="1" speed="22.22" disallow="tram rail_urban rail rail_electric rail_fast ship" oneway="0"/>
    <type id="highway.track" priority="1" numLanes="1" speed="5.56" allow="pedestrian motorcycle moped bicycle" oneway="0"/>
    <type id="highway.trunk" priority="13" numLanes="2" speed="27.78" disallow="pedestrian bicycle tram rail_urban rail rail_electric rail_fast ship" oneway="0"/>
    <type id="highway.trunk_link" priority="8" numLanes="1" speed="22.22" disallow="pedestrian bicycle tram rail_urban rail rail_electric rail_fast ship" oneway="0"/>
    <type id="highway.unclassified" priority="4" numLanes="1" speed="13.89" disallow="tram rail_urban rail rail_electric rail_fast ship" oneway="0"/>
    <type id="highway.unsurfaced" priority="1" numLanes="1" speed="8.33" disallow="tram rail_urban rail rail_electric rail_fast ship" oneway="0"/>
    <type id="railway.highspeed" priority="21" numLanes="1" speed="69.44" allow="rail_fast" oneway="1"/>
    <type id="railway.light_rail" priority="19" numLanes="1" speed="27.78" allow="rail_urban" oneway="1"/>
    <type id="railway.preserved" priority="16" numLanes="1" speed="27.78" allow="rail" oneway="1"/>
    <type id="railway.rail" priority="20" numLanes="1" speed="44.44" allow="rail" oneway="1"/>
    <type id="railway.subway" priority="18" numLanes="1" speed="27.78" allow="rail_urban" oneway="1"/>
    <type id="railway.tram" priority="17" numLanes="1" speed="13.89" allow="tram" oneway="1"/>

    <edge id=":1363479411_0" function="internal">
        <lane id=":1363479411_0_0" index="0" allow="private emergency authority army vip passenger hov taxi bus coach delivery truck trailer motorcycle evehicle custom1 custom2" speed="13.89" length="0.28" shape="303.09,225.54 303.33,225.75"/>
        <lane id=":1363479411_0_1" index="1" allow="private emergency authority army vip passenger hov taxi bus coach delivery truck trailer motorcycle evehicle custom1 custom2" speed="13.89" length="0.28" shape="305.20,223.13 305.38,223.29"/>
    </edge>
    <edge id=":1363479441_0" function="internal">
        <lane id=":1363479441_0_0" index="0" allow="private emergency authority army vip passenger hov taxi bus coach delivery truck trailer motorcycle evehicle custom1 custom2" speed="13.89" length="7.55" shape="464.15,326.99 466.37,327.15 467.88,327.59 469.39,327.96 471.59,327.89"/>
    </edge>
    <edge id=":1363479454_0" function="internal">
        <lane id=":1363479454_0_0" index="0" allow="private emergency authority army vip passenger hov taxi bus coach delivery truck trailer motorcycle evehicle custom1 custom2" speed="13.89" length="15.35" shape="119.32,500.38 117.07,503.46 114.79,506.60 112.42,509.65 109.89,512.48"/>
    </edge>
    <edge id=":1363479454_1" function="internal">
        <lane id=":1363479454_1_0" index="0" allow="private emergency authority army vip passenger hov taxi bus coach delivery truck trailer motorcycle evehicle custom1 custom2" speed="13.89" length="15.35" shape="121.86,502.89 118.82,505.18 115.72,507.50 112.69,509.92 109.89,512.48"/>
    </edge>
    <edge id=":1363479459_0" function="internal">
        <lane id=":1363479459_0_0" index="0" allow="private emergency authority army vip passenger hov taxi bus coach delivery truck trailer motorcycle evehicle custom1 custom2" speed="18.05" length="3.06" shape="68.33,551.81 66.03,553.83"/>
    </edge>
    <edge id=":1363479459_1" function="internal">
        <lane id=":1363479459_1_0" index="0" allow="private emergency authority army vip passenger hov taxi bus coach delivery truck trailer motorcycle evehicle custom1 custom2" speed="22.22" length="2.86" shape="70.33,554.44 68.09,556.28"/>
        <lane id=":1363479459_1_1" index="1" allow="private emergency authority army vip passenger hov taxi bus coach delivery truck trailer motorcycle evehicle custom1 custom2" speed="22.22" length="2.86" shape="72.34,556.92 70.16,558.72"/>
    </edge>
    <edge id=":388571817_0" function="internal">
        <lane id=":388571817_0_0" index="0" allow="private emergency authority army vip passenger hov taxi bus coach delivery truck trailer motorcycle evehicle custom1 custom2" speed="18.05" length="3.03" shape="98.78,567.48 100.98,565.35"/>
        <lane id=":388571817_0_1" index="1" allow="private emergency authority army vip passenger hov taxi bus coach delivery truck trailer motorcycle evehicle custom1 custom2" speed="18.05" length="3.03" shape="96.58,565.16 98.73,563.07"/>
    </edge>
    <edge id=":388571817_2" function="internal">
        <lane id=":388571817_2_0" index="0" allow="private emergency authority army vip passenger hov taxi bus coach delivery truck trailer motorcycle evehicle custom1 custom2" speed="22.22" length="3.40" shape="94.37,562.84 95.23,562.38 96.00,562.39 96.77,562.41 97.61,561.93"/>
        <lane id=":388571817_2_1" index="1" allow="private emergency authority army vip passenger hov taxi bus coach delivery truck trailer motorcycle evehicle custom1 custom2" speed="22.22" length="3.40" shape="92.17,560.52 95.36,559.65"/>
    </edge>
    <edge id=":388571820_0" function="internal">
        <lane id=":388571820_0_0" index="0" allow="private emergency authority army vip passenger hov taxi bus coach delivery truck trailer motorcycle evehicle custom1 custom2" speed="15.28" length="26.70" shape="472.82,327.70 477.21,327.64 483.03,328.13 490.42,328.51 499.49,328.09"/>
    </edge>
    <edge id=":388571820_1" function="internal">
        <lane id=":388571820_1_0" index="0" disallow="tram rail_urban rail rail_electric rail_fast ship" speed="16.67" length="26.15" shape="472.62,324.25 480.51,324.74 485.91,325.27 491.31,325.45 499.16,324.91"/>
        <lane id=":388571820_1_1" index="1" disallow="tram rail_urban rail rail_electric rail_fast ship" speed="16.67" length="26.15" shape="472.74,321.05 480.49,321.54 485.81,322.06 491.11,322.25 498.83,321.73"/>
        <lane id=":388571820_1_2" index="2" disallow="tram rail_urban rail rail_electric rail_fast ship" speed="16.67" length="26.15" shape="472.85,317.85 480.48,318.34 485.70,318.86 490.91,319.06 498.50,318.54"/>
    </edge>
    <edge id=":4600806706_0" function="internal">
        <lane id=":4600806706_0_0" index="0" allow="private emergency authority army vip passenger hov taxi bus coach delivery truck trailer motorcycle evehicle custom1 custom2" speed="13.89" length="0.30" shape="711.95,267.67 711.65,267.67"/>
    </edge>
    <edge id=":566195383_0" function="internal">
        <lane id=":566195383_0_0" index="0" disallow="pedestrian bicycle tram rail_urban rail rail_electric rail_fast ship" speed="19.44" length="7.07" shape="175.48,75.68 170.47,70.95"/>
        <lane id=":566195383_0_1" index="1" disallow="pedestrian bicycle tram rail_urban rail rail_electric rail_fast ship" speed="19.44" length="7.07" shape="173.71,78.35 168.41,73.40"/>
    </edge>
    <edge id=":566195383_2" function="internal">
        <lane id=":566195383_2_0" index="0" allow="private emergency authority army vip passenger hov taxi bus coach delivery truck trailer motorcycle evehicle custom1 custom2" speed="15.28" length="6.98" shape="171.54,80.85 166.35,75.85"/>
        <lane id=":566195383_2_1" index="1" allow="private emergency authority army vip passenger hov taxi bus coach delivery truck trailer motorcycle evehicle custom1 custom2" speed="15.28" length="6.98" shape="169.16,83.00 164.29,78.30"/>
    </edge>
    <edge id=":566522004_0" function="internal">
        <lane id=":566522004_0_0" index="0" disallow="tram rail_urban rail rail_electric rail_fast ship" speed="18.05" length="0.26" shape="365.51,226.68 365.27,226.49"/>
        <lane id=":566522004_0_1" index="1" disallow="tram rail_urban rail rail_electric rail_fast ship" speed="18.05" length="0.26" shape="363.45,229.13 363.28,228.99"/>
    </edge>
    <edge id=":566522006_0" function="internal">
        <lane id=":566522006_0_0" index="0" allow="private emergency authority army vip passenger hov taxi bus coach delivery truck trailer motorcycle evehicle custom1 custom2" speed="16.66" length="3.63" shape="510.29,269.90 509.14,269.87 508.35,269.89 507.57,269.97 506.43,270.11"/>
        <lane id=":566522006_0_1" index="1" allow="private emergency authority army vip passenger hov taxi bus coach delivery truck trailer motorcycle evehicle custom1 custom2" speed="16.66" length="3.63" shape="510.16,273.10 509.16,273.07 508.47,273.09 507.79,273.17 506.79,273.29"/>
    </edge>
    <edge id=":566522006_2" function="internal">
        <lane id=":566522006_2_0" index="0" allow="private emergency authority army vip passenger hov taxi bus coach delivery truck trailer motorcycle evehicle custom1 custom2" speed="22.22" length="2.65" shape="510.03,276.29 507.14,276.27"/>
        <lane id=":566522006_2_1" index="1" allow="private emergency authority army vip passenger hov taxi bus coach delivery truck trailer motorcycle evehicle custom1 custom2" speed="22.22" length="2.65" shape="509.90,279.49 507.50,279.46"/>
    </edge>
    <edge id=":566522008_0" function="internal">
        <lane id=":566522008_0_0" index="0" disallow="tram rail_urban rail rail_electric rail_fast ship" speed="18.05" length="0.29" shape="350.84,282.11 351.08,282.33"/>
        <lane id=":566522008_0_1" index="1" disallow="tram rail_urban rail rail_electric rail_fast ship" speed="18.05" length="0.29" shape="352.97,279.72 353.19,279.92"/>
        <lane id=":566522008_0_2" index="2" disallow="tram rail_urban rail rail_electric rail_fast ship" speed="18.05" length="0.29" shape="355.10,277.34 355.30,277.51"/>
    </edge>
    <edge id=":597109205_0" function="internal">
        <lane id=":597109205_0_0" index="0" disallow="pedestrian bicycle tram rail_urban rail rail_electric rail_fast ship" speed="19.44" length="4.39" shape="188.92,138.31 193.28,137.99"/>
        <lane id=":597109205_0_1" index="1" disallow="pedestrian bicycle tram rail_urban rail rail_electric rail_fast ship" speed="19.44" length="4.39" shape="191.08,135.95 195.46,135.65"/>
        <lane id=":597109205_0_2" index="2" disallow="pedestrian bicycle tram rail_urban rail rail_electric rail_fast ship" speed="19.44" length="4.39" shape="193.24,133.59 197.64,133.31"/>
    </edge>
    <edge id=":597109205_3" function="internal">
        <lane id=":597109205_3_0" index="0" allow="private emergency authority army vip passenger hov taxi bus coach delivery truck trailer motorcycle evehicle custom1 custom2" speed="16.66" length="5.48" shape="195.40,131.23 194.54,136.64"/>
        <lane id=":597109205_3_1" index="1" allow="private emergency authority army vip passenger hov taxi bus coach delivery truck trailer motorcycle evehicle custom1 custom2" speed="16.66" length="5.47" shape="197.55,128.86 196.75,134.27"/>
    </edge>
    <edge id=":597109206_0" function="internal">
        <lane id=":597109206_0_0" index="0" allow="private emergency authority army vip passenger hov taxi bus coach delivery truck trailer motorcycle evehicle custom1 custom2" speed="16.66" length="31.28" shape="297.41,235.50 318.85,258.27"/>
    </edge>
    <edge id=":597109206_1" function="internal">
        <lane id=":597109206_1_0" index="0" disallow="tram rail_urban rail rail_electric rail_fast ship" speed="19.44" length="31.27" shape="297.41,235.50 321.36,255.73"/>
        <lane id=":597109206_1_1" index="1" disallow="tram rail_urban rail rail_electric rail_fast ship" speed="19.44" length="31.27" shape="299.60,233.16 323.50,253.34"/>
        <lane id=":597109206_1_2" index="2" disallow="tram rail_urban rail rail_electric rail_fast ship" speed="19.44" length="31.27" shape="301.79,230.83 325.63,250.96"/>
    </edge>
    <edge id=":7165291004_0" function="internal">
        <lane id=":7165291004_0_0" index="0" disallow="tram rail_urban rail rail_electric rail_fast ship" speed="16.67" length="8.20" shape="530.04,321.73 532.42,321.74 534.04,322.13 535.67,322.55 538.05,322.62"/>
        <lane id=":7165291004_0_1" index="1" disallow="tram rail_urban rail rail_electric rail_fast ship" speed="16.67" length="8.20" shape="529.71,318.55 532.12,318.55 533.76,318.95 535.40,319.36 537.81,319.43"/>
        <lane id=":7165291004_0_2" index="2" disallow="tram rail_urban rail rail_electric rail_fast ship" speed="16.67" length="8.20" shape="529.39,315.36 531.81,315.37 533.47,315.76 535.13,316.17 537.57,316.24"/>
    </edge>

    <edge id="-652173771" from="246801938" to="4600811395" name="Raeburn Park" priority="3" type="highway.residential" shape="542.65,372.31 566.25,372.93 575.82,373.22 611.47,374.25 638.18,375.71 641.90,375.79 681.90,376.55 768.31,378.18 825.76,379.37 830.06,379.45">
        <lane id="-652173771_0" index="0" disallow="tram rail_urban rail rail_electric rail_fast ship" speed="13.89" length="287.53" shape="542.61,373.91 566.21,374.53 575.77,374.82 611.40,375.85 638.12,377.31 641.87,377.39 681.87,378.15 768.28,379.78 825.73,380.97 830.03,381.05">
            <param key="origId" value="652173771 477776453 759492450 745016764 652173770"/>
        </lane>
    </edge>
    <edge id="121902741" from="566522006" to="1363479459" name="Ayer Rajah Expressway" priority="14" type="highway.motorway" spreadType="center" shape="508.58,277.83 456.28,279.41 443.15,282.47 432.24,284.80 421.18,288.44 405.31,293.70 393.57,298.07 377.71,305.38 359.06,314.73 343.46,323.55 325.40,335.08 305.57,349.69 158.92,478.17 109.14,525.09 70.16,556.63">
        <lane id="121902741_0" index="0" allow="private emergency authority army vip passenger hov taxi bus coach delivery truck trailer motorcycle evehicle custom1 custom2" speed="22.22" length="530.90" shape="507.14,276.27 456.07,277.82 442.80,280.91 431.82,283.25 420.68,286.92 404.78,292.19 392.96,296.59 377.02,303.94 358.31,313.32 342.64,322.18 324.49,333.76 304.57,348.44 157.84,476.99 108.09,523.88 70.33,554.44">
            <param key="origId" value="121902741 121902739"/>
        </lane>
        <lane id="121902741_1" index="1" allow="private emergency authority army vip passenger hov taxi bus coach delivery truck trailer motorcycle evehicle custom1 custom2" speed="22.22" length="530.90" shape="507.50,279.46 456.49,281.00 443.50,284.03 432.66,286.35 421.68,289.96 405.84,295.21 394.18,299.55 378.40,306.82 359.81,316.14 344.28,324.92 326.31,336.40 306.57,350.94 160.00,479.35 110.19,526.30 72.34,556.92">
            <param key="origId" value="121902741 121902739"/>
        </lane>
        <param key="ref" value="AYE"/>
    </edge>
    <edge id="121902742" from="597109206" to="1363479454" priority="9" type="highway.motorway_link" spreadType="center" shape="270.39,205.81 319.20,258.65 325.48,268.23 328.57,275.63 328.49,281.56 328.60,287.36 327.09,292.56 323.94,297.77 318.47,303.92 309.13,312.84 208.45,404.69 175.54,434.71 166.58,442.74 156.31,453.39 147.64,463.02 111.02,511.34">
        <lane id="121902742_0" index="0" allow="private emergency authority army vip passenger hov taxi bus coach delivery truck trailer motorcycle evehicle custom1 custom2" speed="13.89" length="331.86" shape="318.85,258.27 319.20,258.65 325.48,268.23 328.57,275.63 328.49,281.56 328.60,287.36 327.09,292.56 323.94,297.77 318.47,303.92 309.13,312.84 208.45,404.69 175.54,434.71 166.58,442.74 156.31,453.39 147.64,463.02 119.32,500.38">
            <param key="origId" value="121902742"/>
        </lane>
    </edge>
    <edge id="121902743" from="1363479411" to="1363479432" name="Keppel Road" priority="9" type="highway.motorway_link" spreadType="center" shape="304.25,224.43 360.73,271.79 377.48,283.60 385.26,288.26 394.95,292.49 405.54,296.12 419.19,299.62 431.39,301.37 454.25,303.85 887.02,301.29">
        <lane id="121902743_0" index="0" allow="private emergency authority army vip passenger hov taxi bus coach delivery truck trailer motorcycle evehicle custom1 custom2" speed="13.89" length="607.09" shape="303.33,225.75 359.75,273.06 376.61,284.94 384.53,289.69 394.37,293.98 405.08,297.65 418.88,301.19 431.19,302.96 454.17,305.45 887.03,302.89">
            <param key="origId" value="121902743 121903655"/>
        </lane>
        <lane id="121902743_1" index="1" allow="private emergency authority army vip passenger hov taxi bus coach delivery truck trailer motorcycle evehicle custom1 custom2" speed="13.89" length="607.09" shape="305.38,223.29 361.71,270.52 378.35,282.26 385.99,286.83 395.53,291.00 406.00,294.59 419.50,298.05 431.59,299.78 454.33,302.25 887.01,299.69">
            <param key="origId" value="121902743 121903655"/>
        </lane>
    </edge>
    <edge id="121902744" from="4600806706" to="1363479454" name="Keppel Road" priority="9" type="highway.motorway_link" spreadType="center" shape="711.80,267.67 506.31,261.71 465.98,260.25 438.04,260.82 428.31,261.56 416.37,263.63 405.10,266.89 389.56,272.79 374.02,280.88 359.96,289.34 344.79,300.93 329.44,314.72 156.80,475.63 111.02,511.34">
        <lane id="121902744_0" index="0" allow="private emergency authority army vip passenger hov taxi bus coach delivery truck trailer motorcycle evehicle custom1 custom2" speed="13.89" length="677.93" shape="711.65,267.67 506.31,261.71 465.98,260.25 438.04,260.82 428.31,261.56 416.37,263.63 405.10,266.89 389.56,272.79 374.02,280.88 359.96,289.34 344.79,300.93 329.44,314.72 156.80,475.63 121.86,502.89">
            <param key="origId" value="121902744 122065454"/>
        </lane>
    </edge>
    <edge id="122065454#1" from="1363479454" to="1363479459" name="Keppel Road" priority="9" type="highway.motorway_link" spreadType="center" shape="111.02,511.34 95.00,527.50 67.07,552.96">
        <lane id="122065454#1_0" index="0" allow="private emergency authority army vip passenger hov taxi bus coach delivery truck trailer motorcycle evehicle custom1 custom2" speed="13.89" length="57.24" shape="109.89,512.48 95.00,527.50 68.33,551.81">
            <param key="origId" value="122065454"/>
        </lane>
    </edge>
    <edge id="162783048" from="566195383" to="6769791247" name="West Coast Highway" priority="13" type="highway.trunk" spreadType="center">
        <lane id="162783048_0" index="0" disallow="pedestrian bicycle tram rail_urban rail rail_electric rail_fast ship" speed="19.44" length="71.93" shape="170.47,70.95 115.39,24.68">
            <param key="origId" value="162783048"/>
        </lane>
        <lane id="162783048_1" index="1" disallow="pedestrian bicycle tram rail_urban rail rail_electric rail_fast ship" speed="19.44" length="71.93" shape="168.41,73.40 113.33,27.13">
            <param key="origId" value="162783048"/>
        </lane>
        <lane id="162783048_2" index="2" disallow="pedestrian bicycle tram rail_urban rail rail_electric rail_fast ship" speed="19.44" length="71.93" shape="166.35,75.85 111.27,29.59">
            <param key="origId" value="162783048"/>
        </lane>
        <lane id="162783048_3" index="3" disallow="pedestrian bicycle tram rail_urban rail rail_electric rail_fast ship" speed="19.44" length="71.93" shape="164.29,78.30 109.21,32.04">
            <param key="origId" value="162783048"/>
        </lane>
    </edge>
    <edge id="162783049" from="26782068" to="597109205" name="West Coast Highway" priority="13" type="highway.trunk" spreadType="center" shape="47.09,0.00 73.54,24.24 132.30,78.10 157.66,100.90 174.58,116.54 194.17,134.44">
        <lane id="162783049_0" index="0" disallow="pedestrian bicycle tram rail_urban rail rail_electric rail_fast ship" speed="19.44" length="198.00" shape="42.77,4.72 69.22,28.96 128.00,82.84 153.35,105.63 170.25,121.25 188.92,138.31">
            <param key="origId" value="162783049 477918915 477918916"/>
        </lane>
        <lane id="162783049_1" index="1" disallow="pedestrian bicycle tram rail_urban rail rail_electric rail_fast ship" speed="19.44" length="198.00" shape="44.93,2.36 71.38,26.60 130.15,80.47 155.50,103.26 172.41,118.90 191.08,135.95">
            <param key="origId" value="162783049 477918915 477918916"/>
        </lane>
        <lane id="162783049_2" index="2" disallow="pedestrian bicycle tram rail_urban rail rail_electric rail_fast ship" speed="19.44" length="198.00" shape="47.09,-0.00 73.54,24.24 132.30,78.10 157.66,100.90 174.58,116.54 193.24,133.59">
            <param key="origId" value="162783049 477918915 477918916"/>
        </lane>
        <lane id="162783049_3" index="3" disallow="pedestrian bicycle tram rail_urban rail rail_electric rail_fast ship" speed="19.44" length="198.00" shape="49.25,-2.36 75.70,21.88 134.45,75.73 159.82,98.54 176.75,114.18 195.40,131.23">
            <param key="origId" value="162783049 477918915 477918916"/>
        </lane>
        <lane id="162783049_4" index="4" disallow="pedestrian bicycle tram rail_urban rail rail_electric rail_fast ship" speed="19.44" length="198.00" shape="51.41,-4.72 77.86,19.52 136.60,73.36 161.97,96.17 178.91,111.83 197.55,128.86">
            <param key="origId" value="162783049 477918915 477918916"/>
        </lane>
    </edge>
    <edge id="162783054" from="597109205" to="597109206" name="Keppel Road" priority="12" type="highway.primary" spreadType="center">
        <lane id="162783054_0" index="0" disallow="tram rail_urban rail rail_electric rail_fast ship" speed="19.44" length="142.67" shape="193.28,137.99 297.41,235.50">
            <param key="origId" value="162783054"/>
        </lane>
        <lane id="162783054_1" index="1" disallow="tram rail_urban rail rail_electric rail_fast ship" speed="19.44" length="142.67" shape="195.46,135.65 299.60,233.16">
            <param key="origId" value="162783054"/>
        </lane>
        <lane id="162783054_2" index="2" disallow="tram rail_urban rail rail_electric rail_fast ship" speed="19.44" length="142.67" shape="197.64,133.31 301.79,230.83">
            <param key="origId" value="162783054"/>
        </lane>
    </edge>
    <edge id="223868454" from="388571817" to="1363479432" name="Ayer Rajah Expressway" priority="14" type="highway.motorway" spreadType="center" shape="95.47,561.80 117.78,539.55 172.15,490.13 317.12,364.21 335.73,349.46 351.72,338.37 369.20,328.00 382.86,320.11 398.86,312.66 419.86,304.34 440.57,299.22 456.13,296.44 483.16,294.40 602.85,294.34 887.02,301.29">
        <lane id="223868454_0" index="0" allow="private emergency authority army vip passenger hov taxi bus coach delivery truck trailer motorcycle evehicle custom1 custom2" speed="22.22" length="883.30" shape="97.61,561.93 118.88,540.71 173.21,491.33 318.14,365.44 336.68,350.75 352.59,339.72 370.01,329.38 383.60,321.53 399.49,314.13 420.35,305.87 440.90,300.79 456.33,298.03 483.22,296.00 602.83,295.94 886.98,302.89">
            <param key="origId" value="223868454 767423670 121902740 15005218"/>
        </lane>
        <lane id="223868454_1" index="1" allow="private emergency authority army vip passenger hov taxi bus coach delivery truck trailer motorcycle evehicle custom1 custom2" speed="22.22" length="883.30" shape="95.36,559.65 116.68,538.39 171.09,488.93 316.10,362.98 334.78,348.17 350.85,337.02 368.39,326.62 382.12,318.69 398.23,311.19 419.37,302.81 440.24,297.65 455.93,294.85 483.10,292.80 602.87,292.74 887.06,299.69">
            <param key="origId" value="223868454 767423670 121902740 15005218"/>
        </lane>
        <param key="ref" value="AYE"/>
    </edge>
    <edge id="223868455" from="1363479459" to="4726253261" name="Ayer Rajah Expressway" priority="14" type="highway.motorway" spreadType="center" shape="69.13,555.40 49.76,571.74 -1.01,613.12">
        <lane id="223868455_0" index="0" allow="private emergency authority army vip passenger hov taxi bus coach delivery truck trailer motorcycle evehicle custom1 custom2" speed="22.22" length="89.48" acceleration="1" shape="66.03,553.83 47.72,569.28 -3.03,610.64">
            <param key="origId" value="223868455"/>
        </lane>
        <lane id="223868455_1" index="1" allow="private emergency authority army vip passenger hov taxi bus coach delivery truck trailer motorcycle evehicle custom1 custom2" speed="22.22" length="89.48" shape="68.09,556.28 49.76,571.74 -1.01,613.12">
            <param key="origId" value="223868455"/>
        </lane>
        <lane id="223868455_2" index="2" allow="private emergency authority army vip passenger hov taxi bus coach delivery truck trailer motorcycle evehicle custom1 custom2" speed="22.22" length="89.48" shape="70.16,558.72 51.80,574.20 1.01,615.60">
            <param key="origId" value="223868455"/>
        </lane>
        <param key="ref" value="AYE"/>
    </edge>
    <edge id="22892546" from="566522004" to="566195383" name="Keppel Road" priority="12" type="highway.primary" spreadType="center" shape="364.38,227.82 222.37,115.26 191.55,90.59 171.58,74.60 151.36,61.17">
        <lane id="22892546_0" index="0" disallow="tram rail_urban rail rail_electric rail_fast ship" speed="19.44" length="242.28" shape="365.27,226.49 223.37,114.01 192.55,89.34 175.48,75.68">
            <param key="origId" value="22892546 758632546 477960409 477960406"/>
        </lane>
        <lane id="22892546_1" index="1" disallow="tram rail_urban rail rail_electric rail_fast ship" speed="19.44" length="242.28" shape="363.28,228.99 221.37,116.51 190.55,91.84 173.71,78.35">
            <param key="origId" value="22892546 758632546 477960409 477960406"/>
        </lane>
    </edge>
    <edge id="33913122" from="566522008" to="388571820" name="Keppel Road" priority="12" type="highway.primary" spreadType="center" shape="353.08,279.82 368.63,293.41 384.74,305.90 399.35,313.61 415.82,318.21 433.40,320.59 454.32,320.39 508.60,322.33">
        <lane id="33913122_0" index="0" disallow="tram rail_urban rail rail_electric rail_fast ship" speed="16.67" length="131.60" shape="351.08,282.33 366.60,295.88 383.00,308.60 398.16,316.60 415.17,321.35 433.20,323.79 454.28,323.59 472.62,324.25">
            <param key="origId" value="33913122"/>
        </lane>
        <lane id="33913122_1" index="1" disallow="tram rail_urban rail rail_electric rail_fast ship" speed="16.67" length="131.60" shape="353.19,279.92 368.63,293.41 384.74,305.90 399.35,313.61 415.82,318.21 433.40,320.59 454.32,320.39 472.74,321.05">
            <param key="origId" value="33913122"/>
        </lane>
        <lane id="33913122_2" index="2" disallow="tram rail_urban rail rail_electric rail_fast ship" speed="16.67" length="131.60" shape="355.30,277.51 370.66,290.94 386.48,303.20 400.54,310.62 416.47,315.07 433.60,317.39 454.36,317.19 472.85,317.85">
            <param key="origId" value="33913122"/>
        </lane>
    </edge>
    <edge id="33913321#0" from="388571817" to="1363479441" priority="9" type="highway.motorway_link" spreadType="center" shape="98.77,565.28 109.51,554.72 178.39,499.85 339.89,365.23 359.68,352.72 377.06,344.62 389.46,340.21 397.56,338.08 406.30,335.79 424.99,331.73 441.89,329.67 452.28,329.08 467.92,328.44">
        <lane id="33913321#0_0" index="0" allow="private emergency authority army vip passenger hov taxi bus coach delivery truck trailer motorcycle evehicle custom1 custom2" speed="13.89" length="443.51" shape="100.98,565.35 110.57,555.92 179.40,501.09 340.83,366.53 360.45,354.13 377.67,346.10 389.93,341.74 397.97,339.63 406.67,337.35 425.26,333.31 442.03,331.26 452.36,330.68 464.28,330.19">
            <param key="origId" value="33913321"/>
        </lane>
        <lane id="33913321#0_1" index="1" allow="private emergency authority army vip passenger hov taxi bus coach delivery truck trailer motorcycle evehicle custom1 custom2" speed="13.89" length="443.51" shape="98.73,563.07 108.45,553.52 177.38,498.61 338.95,363.93 358.91,351.31 376.45,343.14 388.99,338.68 397.15,336.53 405.93,334.23 424.72,330.15 441.75,328.08 452.20,327.48 464.15,326.99">
            <param key="origId" value="33913321"/>
        </lane>
    </edge>
    <edge id="44582902" from="566522006" to="566195383" name="Ayer Rajah Expressway" priority="9" type="highway.motorway_link" spreadType="center" shape="508.84,271.44 487.64,273.87 479.65,273.06 464.28,272.34 456.53,272.51 451.71,272.81 440.72,272.79 427.58,272.96 416.40,272.85 402.99,271.01 390.98,267.76 381.30,263.83 373.49,259.66 364.05,253.30 337.46,232.01 318.19,215.16 193.03,103.25 168.11,79.82 151.36,61.17">
        <lane id="44582902_0" index="0" allow="private emergency authority army vip passenger hov taxi bus coach delivery truck trailer motorcycle evehicle custom1 custom2" speed="11.11" length="405.75" shape="506.43,270.11 487.63,272.26 479.77,271.46 464.30,270.74 456.46,270.91 451.66,271.21 440.71,271.19 427.58,271.36 416.52,271.25 403.31,269.44 391.49,266.24 381.98,262.38 374.32,258.29 365.00,252.01 338.49,230.78 319.25,213.96 194.11,102.07 171.54,80.85">
            <param key="origId" value="44582902 122290405 477918914"/>
        </lane>
        <lane id="44582902_1" index="1" allow="private emergency authority army vip passenger hov taxi bus coach delivery truck trailer motorcycle evehicle custom1 custom2" speed="11.11" length="405.75" shape="506.79,273.29 487.65,275.48 479.53,274.66 464.26,273.94 456.60,274.11 451.76,274.41 440.73,274.39 427.58,274.56 416.28,274.45 402.67,272.58 390.47,269.28 380.62,265.28 372.66,261.03 363.10,254.59 336.43,233.24 317.13,216.36 191.95,104.43 169.16,83.00">
            <param key="origId" value="44582902 122290405 477918914"/>
        </lane>
    </edge>
    <edge id="479543067" from="4726253262" to="388571817" name="Ayer Rajah Expressway" priority="14" type="highway.motorway" spreadType="center" shape="39.35,617.29 66.30,591.71 96.57,562.96">
        <lane id="479543067_0" index="0" allow="private emergency authority army vip passenger hov taxi bus coach delivery truck trailer motorcycle evehicle custom1 custom2" speed="22.22" length="77.40" shape="42.65,620.78 69.61,595.19 98.78,567.48">
            <param key="origId" value="479543067"/>
        </lane>
        <lane id="479543067_1" index="1" allow="private emergency authority army vip passenger hov taxi bus coach delivery truck trailer motorcycle evehicle custom1 custom2" speed="22.22" length="77.40" shape="40.45,618.45 67.40,592.87 96.58,565.16">
            <param key="origId" value="479543067"/>
        </lane>
        <lane id="479543067_2" index="2" allow="private emergency authority army vip passenger hov taxi bus coach delivery truck trailer motorcycle evehicle custom1 custom2" speed="22.22" length="77.40" shape="38.24,616.13 65.20,590.55 94.37,562.84">
            <param key="origId" value="479543067"/>
        </lane>
        <lane id="479543067_3" index="3" allow="private emergency authority army vip passenger hov taxi bus coach delivery truck trailer motorcycle evehicle custom1 custom2" speed="22.22" length="77.40" shape="36.04,613.81 62.99,588.23 92.17,560.52">
            <param key="origId" value="479543067"/>
        </lane>
        <param key="ref" value="AYE"/>
    </edge>
    <edge id="632481867" from="597109206" to="566522008" name="Keppel Road" priority="12" type="highway.primary" spreadType="center">
        <lane id="632481867_0" index="0" disallow="tram rail_urban rail rail_electric rail_fast ship" speed="19.44" length="39.56" shape="321.36,255.73 350.84,282.11">
            <param key="origId" value="632481867"/>
        </lane>
        <lane id="632481867_1" index="1" disallow="tram rail_urban rail rail_electric rail_fast ship" speed="19.44" length="39.56" shape="323.50,253.34 352.97,279.72">
            <param key="origId" value="632481867"/>
        </lane>
        <lane id="632481867_2" index="2" disallow="tram rail_urban rail rail_electric rail_fast ship" speed="19.44" length="39.56" shape="325.63,250.96 355.10,277.34">
            <param key="origId" value="632481867"/>
        </lane>
    </edge>
    <edge id="633306710" from="1363479441" to="388571820" name="Ayer Rajah Expressway" priority="9" type="highway.motorway_link" spreadType="center">
        <lane id="633306710_0" index="0" allow="private emergency authority army vip passenger hov taxi bus coach delivery truck trailer motorcycle evehicle custom1 custom2" speed="13.89" length="1.25" shape="471.59,327.89 472.82,327.70">
            <param key="origId" value="633306710"/>
        </lane>
    </edge>
    <edge id="633306711" from="388571820" to="7165291004" name="Keppel Road" priority="12" type="highway.primary" spreadType="center">
        <lane id="633306711_0" index="0" disallow="tram rail_urban rail rail_electric rail_fast ship" speed="16.67" length="31.05" shape="499.49,328.09 530.37,324.91">
            <param key="origId" value="633306711"/>
        </lane>
        <lane id="633306711_1" index="1" disallow="tram rail_urban rail rail_electric rail_fast ship" speed="16.67" length="31.05" shape="499.16,324.91 530.04,321.73">
            <param key="origId" value="633306711"/>
        </lane>
        <lane id="633306711_2" index="2" disallow="tram rail_urban rail rail_electric rail_fast ship" speed="16.67" length="31.05" shape="498.83,321.73 529.71,318.55">
            <param key="origId" value="633306711"/>
        </lane>
        <lane id="633306711_3" index="3" disallow="tram rail_urban rail rail_electric rail_fast ship" speed="16.67" length="31.05" shape="498.50,318.54 529.39,315.36">
            <param key="origId" value="633306711"/>
        </lane>
    </edge>
    <edge id="633314351" from="388569722" to="566522004" name="Keppel Road" priority="12" type="highway.primary" spreadType="center" shape="842.69,278.19 750.49,273.56 729.21,272.80 550.53,266.43 528.73,265.65 458.90,263.16 438.35,261.42 427.62,259.82 418.07,258.07 407.79,255.16 397.87,251.45 383.33,243.72 364.38,227.82">
        <lane id="633314351_0" index="0" disallow="tram rail_urban rail rail_electric rail_fast ship" speed="16.67" length="487.62" shape="842.77,276.59 750.56,271.96 729.27,271.20 550.59,264.83 528.79,264.05 459.00,261.56 438.54,259.83 427.88,258.24 418.43,256.51 408.29,253.64 398.53,249.99 384.23,242.39 365.51,226.68">
            <param key="origId" value="633314351 721709061 758632547 265150819"/>
        </lane>
        <lane id="633314351_1" index="1" disallow="tram rail_urban rail rail_electric rail_fast ship" speed="16.67" length="487.62" shape="842.61,279.79 750.42,275.16 729.15,274.40 550.47,268.03 528.67,267.25 458.80,264.76 438.16,263.01 427.36,261.40 417.71,259.63 407.29,256.68 397.21,252.91 382.43,245.05 363.45,229.13">
            <param key="origId" value="633314351 721709061 758632547 265150819"/>
        </lane>
    </edge>
    <edge id="649560473" from="141882837" to="566522006" name="Ayer Rajah Expressway" priority="14" type="highway.motorway" spreadType="center" shape="883.80,284.15 630.62,279.58 508.71,274.64">
        <lane id="649560473_0" index="0" allow="private emergency authority army vip passenger hov taxi bus coach delivery truck trailer motorcycle evehicle custom1 custom2" speed="22.22" length="373.84" shape="883.89,279.35 630.76,274.78 510.29,269.90">
            <param key="origId" value="649560473 720151003"/>
        </lane>
        <lane id="649560473_1" index="1" allow="private emergency authority army vip passenger hov taxi bus coach delivery truck trailer motorcycle evehicle custom1 custom2" speed="22.22" length="373.84" shape="883.83,282.55 630.67,277.98 510.16,273.10">
            <param key="origId" value="649560473 720151003"/>
        </lane>
        <lane id="649560473_2" index="2" allow="private emergency authority army vip passenger hov taxi bus coach delivery truck trailer motorcycle evehicle custom1 custom2" speed="22.22" length="373.84" shape="883.77,285.75 630.57,281.18 510.03,276.29">
            <param key="origId" value="649560473 720151003"/>
        </lane>
        <lane id="649560473_3" index="3" allow="private emergency authority army vip passenger hov taxi bus coach delivery truck trailer motorcycle evehicle custom1 custom2" speed="22.22" length="373.84" shape="883.71,288.95 630.48,284.38 509.90,279.49">
            <param key="origId" value="649560473 720151003"/>
        </lane>
        <param key="ref" value="AYE"/>
    </edge>
    <edge id="652173770" from="4600811395" to="246801938" name="Raeburn Park" priority="3" type="highway.residential" shape="830.06,379.45 825.76,379.37 768.31,378.18 681.90,376.55 641.90,375.79 638.18,375.71 611.47,374.25 575.82,373.22 566.25,372.93 542.65,372.31">
        <lane id="652173770_0" index="0" disallow="tram rail_urban rail rail_electric rail_fast ship" speed="13.89" length="287.50" shape="830.09,377.85 825.79,377.77 768.34,376.58 681.93,374.95 641.93,374.19 638.24,374.11 611.54,372.65 575.87,371.62 566.29,371.33 542.69,370.71">
            <param key="origId" value="652173770 745016764 759492450 477776453 652173771"/>
        </lane>
    </edge>
    <edge id="654449868" from="388569722" to="4600806706" name="Everton Road" priority="9" type="highway.motorway_link" spreadType="center" shape="842.69,278.19 816.61,272.76 786.31,271.30 740.69,268.46 711.80,267.67">
        <lane id="654449868_0" index="0" allow="private emergency authority army vip passenger hov taxi bus coach delivery truck trailer motorcycle evehicle custom1 custom2" speed="13.89" length="131.27" shape="842.53,278.16 816.61,272.76 786.31,271.30 740.69,268.46 711.95,267.67">
            <param key="origId" value="654449868"/>
        </lane>
    </edge>
    <edge id="721709060" from="597109205" to="1363479411" name="Keppel Road" priority="9" type="highway.motorway_link" spreadType="center" shape="194.17,134.44 227.91,157.61 304.25,224.43">
        <lane id="721709060_0" index="0" allow="private emergency authority army vip passenger hov taxi bus coach delivery truck trailer motorcycle evehicle custom1 custom2" speed="13.89" length="140.46" shape="194.54,136.64 226.93,158.88 303.09,225.54">
            <param key="origId" value="721709060"/>
        </lane>
        <lane id="721709060_1" index="1" allow="private emergency authority army vip passenger hov taxi bus coach delivery truck trailer motorcycle evehicle custom1 custom2" speed="13.89" length="140.46" shape="196.75,134.27 228.89,156.34 305.20,223.13">
            <param key="origId" value="721709060"/>
        </lane>
    </edge>
    <edge id="767423672" from="7165291004" to="6473302982" name="Keppel Road" priority="12" type="highway.primary" spreadType="center" shape="533.84,319.73 558.66,317.84 693.79,308.32 753.13,307.71 790.44,307.83 845.50,309.40">
        <lane id="767423672_0" index="0" disallow="tram rail_urban rail rail_electric rail_fast ship" speed="16.67" length="308.11" shape="538.05,322.62 558.89,321.03 693.92,311.52 753.14,310.91 790.39,311.03 845.41,312.60">
            <param key="origId" value="767423672 223868461 721709062"/>
        </lane>
        <lane id="767423672_1" index="1" disallow="tram rail_urban rail rail_electric rail_fast ship" speed="16.67" length="308.11" shape="537.81,319.43 558.66,317.84 693.79,308.32 753.13,307.71 790.44,307.83 845.50,309.40">
            <param key="origId" value="767423672 223868461 721709062"/>
        </lane>
        <lane id="767423672_2" index="2" disallow="tram rail_urban rail rail_electric rail_fast ship" speed="16.67" length="308.11" shape="537.57,316.24 558.43,314.65 693.66,305.12 753.12,304.51 790.49,304.63 845.59,306.20">
            <param key="origId" value="767423672 223868461 721709062"/>
        </lane>
    </edge>

    <junction id="1363479411" type="priority" x="304.25" y="224.43" incLanes="721709060_0 721709060_1" intLanes=":1363479411_0_0 :1363479411_0_1" shape="306.41,222.07 302.30,226.97 302.04,226.75 306.25,221.93">
        <request index="0" response="00" foes="00" cont="0"/>
        <request index="1" response="00" foes="00" cont="0"/>
    </junction>
    <junction id="1363479432" type="dead_end" x="887.02" y="301.29" incLanes="121902743_0 121902743_1 223868454_0 223868454_1" intLanes="" shape="887.04,304.49 887.00,298.09 886.94,304.49 887.10,298.09"/>
    <junction id="1363479441" type="priority" x="467.92" y="328.44" incLanes="33913321#0_0 33913321#0_1" intLanes=":1363479441_0_0" shape="471.35,326.31 471.82,329.47 469.03,330.30 468.10,330.79 467.16,331.25 465.99,331.60 464.35,331.79 464.08,325.39 466.79,325.69 467.73,326.00 468.67,326.28 469.81,326.42">
        <request index="0" response="0" foes="0" cont="0"/>
    </junction>
    <junction id="1363479454" type="priority" x="111.02" y="511.34" incLanes="121902742_0 121902744_0" intLanes=":1363479454_0_0 :1363479454_1_0" shape="118.05,499.42 120.60,501.35 120.87,501.62 122.84,504.15 120.27,506.09 118.31,507.47 116.69,508.61 115.13,509.80 113.34,511.36 111.03,513.61 108.75,511.35 110.97,509.02 112.51,507.21 113.68,505.63 114.79,504.00 116.14,502.02">
        <request index="0" response="00" foes="10" cont="0"/>
        <request index="1" response="01" foes="01" cont="0"/>
    </junction>
    <junction id="1363479459" type="priority" x="70.16" y="556.63" incLanes="122065454#1_0 121902741_0 121902741_1" intLanes=":1363479459_0_0 :1363479459_1_0 :1363479459_1_1" shape="67.25,550.63 69.41,552.99 69.32,553.19 73.35,558.17 71.19,559.94 65.00,552.61">
        <request index="0" response="000" foes="000" cont="0"/>
        <request index="1" response="000" foes="000" cont="0"/>
        <request index="2" response="000" foes="000" cont="0"/>
    </junction>
    <junction id="141882837" type="dead_end" x="883.74" y="287.35" incLanes="" intLanes="" shape="883.68,290.55 883.91,277.75"/>
    <junction id="246801938" type="dead_end" x="542.65" y="372.31" incLanes="652173770_0" intLanes="" shape="542.65,372.31 542.73,369.11 542.65,372.31"/>
    <junction id="26782068" type="dead_end" x="47.09" y="0.00" incLanes="" intLanes="" shape="52.50,-5.90 41.68,5.90"/>
    <junction id="388569722" type="dead_end" x="842.69" y="278.19" incLanes="" intLanes="" shape="842.53,281.39 842.85,274.99 842.36,279.76 843.02,276.62"/>
    <junction id="388571817" type="priority" x="95.47" y="561.80" incLanes="479543067_0 479543067_1 479543067_2 479543067_3" intLanes=":388571817_0_0 :388571817_0_1 :388571817_2_0 :388571817_2_1" shape="94.24,558.50 102.10,566.49 99.88,568.64 91.07,559.36">
        <request index="0" response="0000" foes="0000" cont="0"/>
        <request index="1" response="0000" foes="0000" cont="0"/>
        <request index="2" response="0000" foes="0000" cont="0"/>
        <request index="3" response="0000" foes="0000" cont="0"/>
    </junction>
    <junction id="388571820" type="priority" x="508.60" y="322.33" incLanes="633306710_0 33913122_0 33913122_1 33913122_2" intLanes=":388571820_0_0 :388571820_1_0 :388571820_1_1 :388571820_1_2" shape="498.34,316.95 499.65,329.69 494.00,329.99 489.80,329.75 486.33,329.26 482.86,328.81 478.68,328.72 473.06,329.29 472.58,326.12 472.57,325.85 472.91,316.25 478.33,316.55 482.34,316.92 485.65,317.26 488.95,317.45 492.94,317.39">
        <request index="0" response="0000" foes="0000" cont="0"/>
        <request index="1" response="0000" foes="0000" cont="0"/>
        <request index="2" response="0000" foes="0000" cont="0"/>
        <request index="3" response="0000" foes="0000" cont="0"/>
    </junction>
    <junction id="4600806706" type="priority" x="711.80" y="267.67" incLanes="654449868_0" intLanes=":4600806706_0_0" shape="711.99,266.07 711.91,269.27 711.60,269.26 711.70,266.07">
        <request index="0" response="0" foes="0" cont="0"/>
    </junction>
    <junction id="4600811395" type="dead_end" x="830.06" y="379.45" incLanes="-652173771_0" intLanes="" shape="830.06,379.45 830.00,382.65 830.06,379.45"/>
    <junction id="4726253261" type="dead_end" x="0.00" y="614.36" incLanes="223868455_0 223868455_1 223868455_2" intLanes="" shape="-4.04,609.40 2.02,616.84"/>
    <junction id="4726253262" type="dead_end" x="38.24" y="616.13" incLanes="" intLanes="" shape="34.94,612.65 43.75,621.94"/>
    <junction id="566195383" type="priority" x="151.36" y="61.17" incLanes="22892546_0 22892546_1 44582902_0 44582902_1" intLanes=":566195383_0_0 :566195383_0_1 :566195383_2_0 :566195383_2_1" shape="176.37,74.34 172.82,79.69 172.74,79.78 167.96,84.07 163.26,79.53 171.50,69.73">
        <request index="0" response="0000" foes="0000" cont="0"/>
        <request index="1" response="0000" foes="0000" cont="0"/>
        <request index="2" response="0000" foes="0000" cont="0"/>
        <request index="3" response="0000" foes="0000" cont="0"/>
    </junction>
    <junction id="566522004" type="priority" x="364.38" y="227.82" incLanes="633314351_0 633314351_1" intLanes=":566522004_0_0 :566522004_0_1" shape="366.54,225.45 362.42,230.36 362.29,230.25 366.27,225.23">
        <request index="0" response="00" foes="00" cont="0"/>
        <request index="1" response="00" foes="00" cont="0"/>
    </junction>
    <junction id="566522006" type="priority" x="508.58" y="277.83" incLanes="649560473_0 649560473_1 649560473_2 649560473_3" intLanes=":566522006_0_0 :566522006_0_1 :566522006_2_0 :566522006_2_1" shape="510.35,268.30 509.84,281.09 507.69,281.06 506.24,268.52 507.76,268.34 508.29,268.29 508.83,268.27 509.48,268.27">
        <request index="0" response="0000" foes="0000" cont="0"/>
        <request index="1" response="0000" foes="0000" cont="0"/>
        <request index="2" response="0000" foes="0000" cont="0"/>
        <request index="3" response="0000" foes="0000" cont="0"/>
    </junction>
    <junction id="566522008" type="priority" x="353.08" y="279.82" incLanes="632481867_0 632481867_1 632481867_2" intLanes=":566522008_0_0 :566522008_0_1 :566522008_0_2" shape="356.35,276.30 350.03,283.53 349.77,283.30 356.17,276.15">
        <request index="0" response="000" foes="000" cont="0"/>
        <request index="1" response="000" foes="000" cont="0"/>
        <request index="2" response="000" foes="000" cont="0"/>
    </junction>
    <junction id="597109205" type="priority" x="194.17" y="134.44" incLanes="162783049_0 162783049_1 162783049_2 162783049_3 162783049_4" intLanes=":597109205_0_0 :597109205_0_1 :597109205_0_2 :597109205_3_0 :597109205_3_1" shape="197.85,133.08 192.19,139.16 187.84,139.49 198.63,127.68">
        <request index="0" response="00000" foes="00000" cont="0"/>
        <request index="1" response="00000" foes="00000" cont="0"/>
        <request index="2" response="00000" foes="00000" cont="0"/>
        <request index="3" response="00000" foes="00000" cont="0"/>
        <request index="4" response="00000" foes="00000" cont="0"/>
    </junction>
    <junction id="597109206" type="priority" x="270.39" y="205.81" incLanes="162783054_0 162783054_1 162783054_2" intLanes=":597109206_0_0 :597109206_1_0 :597109206_1_1 :597109206_1_2" shape="326.70,249.76 320.29,256.92 320.03,257.19 317.68,259.36 296.32,236.67 302.88,229.66">
        <request index="0" response="0000" foes="0000" cont="0"/>
        <request index="1" response="0000" foes="0000" cont="0"/>
        <request index="2" response="0000" foes="0000" cont="0"/>
        <request index="3" response="0000" foes="0000" cont="0"/>
    </junction>
    <junction id="6473302982" type="dead_end" x="845.50" y="309.40" incLanes="767423672_0 767423672_1 767423672_2" intLanes="" shape="845.36,314.20 845.64,304.60"/>
    <junction id="6769791247" type="dead_end" x="112.30" y="28.36" incLanes="162783048_0 162783048_1 162783048_2 162783048_3" intLanes="" shape="116.42,23.46 108.18,33.26"/>
    <junction id="7165291004" type="priority" x="533.84" y="319.73" incLanes="633306711_0 633306711_1 633306711_2 633306711_3" intLanes=":7165291004_0_0 :7165291004_0_1 :7165291004_0_2" shape="537.45,314.64 538.18,324.21 535.31,324.85 534.35,325.32 533.39,325.80 532.20,326.21 530.53,326.50 529.22,313.77 532.27,313.88 533.33,314.17 534.40,314.46 535.69,314.66">
        <request index="0" response="000" foes="000" cont="0"/>
        <request index="1" response="000" foes="000" cont="0"/>
        <request index="2" response="000" foes="000" cont="0"/>
    </junction>

    <connection from="121902741" to="223868455" fromLane="0" toLane="1" via=":1363479459_1_0" dir="s" state="M"/>
    <connection from="121902741" to="223868455" fromLane="1" toLane="2" via=":1363479459_1_1" dir="s" state="M"/>
    <connection from="121902742" to="122065454#1" fromLane="0" toLane="0" via=":1363479454_0_0" dir="s" state="M"/>
    <connection from="121902744" to="122065454#1" fromLane="0" toLane="0" via=":1363479454_1_0" dir="s" state="m"/>
    <connection from="122065454#1" to="223868455" fromLane="0" toLane="0" via=":1363479459_0_0" dir="s" state="M"/>
    <connection from="162783049" to="162783054" fromLane="0" toLane="0" via=":597109205_0_0" dir="s" state="M"/>
    <connection from="162783049" to="162783054" fromLane="1" toLane="1" via=":597109205_0_1" dir="s" state="M"/>
    <connection from="162783049" to="162783054" fromLane="2" toLane="2" via=":597109205_0_2" dir="s" state="M"/>
    <connection from="162783049" to="721709060" fromLane="3" toLane="0" via=":597109205_3_0" dir="R" state="M"/>
    <connection from="162783049" to="721709060" fromLane="4" toLane="1" via=":597109205_3_1" dir="R" state="M"/>
    <connection from="162783054" to="121902742" fromLane="0" toLane="0" via=":597109206_0_0" dir="s" state="M"/>
    <connection from="162783054" to="632481867" fromLane="0" toLane="0" via=":597109206_1_0" dir="s" state="M"/>
    <connection from="162783054" to="632481867" fromLane="1" toLane="1" via=":597109206_1_1" dir="s" state="M"/>
    <connection from="162783054" to="632481867" fromLane="2" toLane="2" via=":597109206_1_2" dir="s" state="M"/>
    <connection from="22892546" to="162783048" fromLane="0" toLane="0" via=":566195383_0_0" dir="s" state="M"/>
    <connection from="22892546" to="162783048" fromLane="1" toLane="1" via=":566195383_0_1" dir="s" state="M"/>
    <connection from="33913122" to="633306711" fromLane="0" toLane="1" via=":388571820_1_0" dir="s" state="M"/>
    <connection from="33913122" to="633306711" fromLane="1" toLane="2" via=":388571820_1_1" dir="s" state="M"/>
    <connection from="33913122" to="633306711" fromLane="2" toLane="3" via=":388571820_1_2" dir="s" state="M"/>
    <connection from="33913321#0" to="633306710" fromLane="1" toLane="0" via=":1363479441_0_0" dir="s" state="M"/>
    <connection from="44582902" to="162783048" fromLane="0" toLane="2" via=":566195383_2_0" dir="s" state="M"/>
    <connection from="44582902" to="162783048" fromLane="1" toLane="3" via=":566195383_2_1" dir="s" state="M"/>
    <connection from="479543067" to="33913321#0" fromLane="0" toLane="0" via=":388571817_0_0" dir="s" state="M"/>
    <connection from="479543067" to="33913321#0" fromLane="1" toLane="1" via=":388571817_0_1" dir="s" state="M"/>
    <connection from="479543067" to="223868454" fromLane="2" toLane="0" via=":388571817_2_0" dir="s" state="M"/>
    <connection from="479543067" to="223868454" fromLane="3" toLane="1" via=":388571817_2_1" dir="s" state="M"/>
    <connection from="632481867" to="33913122" fromLane="0" toLane="0" via=":566522008_0_0" dir="s" state="M"/>
    <connection from="632481867" to="33913122" fromLane="1" toLane="1" via=":566522008_0_1" dir="s" state="M"/>
    <connection from="632481867" to="33913122" fromLane="2" toLane="2" via=":566522008_0_2" dir="s" state="M"/>
    <connection from="633306710" to="633306711" fromLane="0" toLane="0" via=":388571820_0_0" dir="s" state="M"/>
    <connection from="633306711" to="767423672" fromLane="1" toLane="0" via=":7165291004_0_0" dir="s" state="M"/>
    <connection from="633306711" to="767423672" fromLane="2" toLane="1" via=":7165291004_0_1" dir="s" state="M"/>
    <connection from="633306711" to="767423672" fromLane="3" toLane="2" via=":7165291004_0_2" dir="s" state="M"/>
    <connection from="633314351" to="22892546" fromLane="0" toLane="0" via=":566522004_0_0" dir="s" state="M"/>
    <connection from="633314351" to="22892546" fromLane="1" toLane="1" via=":566522004_0_1" dir="s" state="M"/>
    <connection from="649560473" to="44582902" fromLane="0" toLane="0" via=":566522006_0_0" dir="s" state="M"/>
    <connection from="649560473" to="44582902" fromLane="1" toLane="1" via=":566522006_0_1" dir="s" state="M"/>
    <connection from="649560473" to="121902741" fromLane="2" toLane="0" via=":566522006_2_0" dir="s" state="M"/>
    <connection from="649560473" to="121902741" fromLane="3" toLane="1" via=":566522006_2_1" dir="s" state="M"/>
    <connection from="654449868" to="121902744" fromLane="0" toLane="0" via=":4600806706_0_0" dir="s" state="M"/>
    <connection from="721709060" to="121902743" fromLane="0" toLane="0" via=":1363479411_0_0" dir="s" state="M"/>
    <connection from="721709060" to="121902743" fromLane="1" toLane="1" via=":1363479411_0_1" dir="s" state="M"/>

    <connection from=":1363479411_0" to="121902743" fromLane="0" toLane="0" dir="s" state="M"/>
    <connection from=":1363479411_0" to="121902743" fromLane="1" toLane="1" dir="s" state="M"/>
    <connection from=":1363479441_0" to="633306710" fromLane="0" toLane="0" dir="s" state="M"/>
    <connection from=":1363479454_0" to="122065454#1" fromLane="0" toLane="0" dir="s" state="M"/>
    <connection from=":1363479454_1" to="122065454#1" fromLane="0" toLane="0" dir="s" state="M"/>
    <connection from=":1363479459_0" to="223868455" fromLane="0" toLane="0" dir="s" state="M"/>
    <connection from=":1363479459_1" to="223868455" fromLane="0" toLane="1" dir="s" state="M"/>
    <connection from=":1363479459_1" to="223868455" fromLane="1" toLane="2" dir="s" state="M"/>
    <connection from=":388571817_0" to="33913321#0" fromLane="0" toLane="0" dir="s" state="M"/>
    <connection from=":388571817_0" to="33913321#0" fromLane="1" toLane="1" dir="s" state="M"/>
    <connection from=":388571817_2" to="223868454" fromLane="0" toLane="0" dir="s" state="M"/>
    <connection from=":388571817_2" to="223868454" fromLane="1" toLane="1" dir="s" state="M"/>
    <connection from=":388571820_0" to="633306711" fromLane="0" toLane="0" dir="s" state="M"/>
    <connection from=":388571820_1" to="633306711" fromLane="0" toLane="1" dir="s" state="M"/>
    <connection from=":388571820_1" to="633306711" fromLane="1" toLane="2" dir="s" state="M"/>
    <connection from=":388571820_1" to="633306711" fromLane="2" toLane="3" dir="s" state="M"/>
    <connection from=":4600806706_0" to="121902744" fromLane="0" toLane="0" dir="s" state="M"/>
    <connection from=":566195383_0" to="162783048" fromLane="0" toLane="0" dir="s" state="M"/>
    <connection from=":566195383_0" to="162783048" fromLane="1" toLane="1" dir="s" state="M"/>
    <connection from=":566195383_2" to="162783048" fromLane="0" toLane="2" dir="s" state="M"/>
    <connection from=":566195383_2" to="162783048" fromLane="1" toLane="3" dir="s" state="M"/>
    <connection from=":566522004_0" to="22892546" fromLane="0" toLane="0" dir="s" state="M"/>
    <connection from=":566522004_0" to="22892546" fromLane="1" toLane="1" dir="s" state="M"/>
    <connection from=":566522006_0" to="44582902" fromLane="0" toLane="0" dir="s" state="M"/>
    <connection from=":566522006_0" to="44582902" fromLane="1" toLane="1" dir="s" state="M"/>
    <connection from=":566522006_2" to="121902741" fromLane="0" toLane="0" dir="s" state="M"/>
    <connection from=":566522006_2" to="121902741" fromLane="1" toLane="1" dir="s" state="M"/>
    <connection from=":566522008_0" to="33913122" fromLane="0" toLane="0" dir="s" state="M"/>
    <connection from=":566522008_0" to="33913122" fromLane="1" toLane="1" dir="s" state="M"/>
    <connection from=":566522008_0" to="33913122" fromLane="2" toLane="2" dir="s" state="M"/>
    <connection from=":597109205_0" to="162783054" fromLane="0" toLane="0" dir="s" state="M"/>
    <connection from=":597109205_0" to="162783054" fromLane="1" toLane="1" dir="s" state="M"/>
    <connection from=":597109205_0" to="162783054" fromLane="2" toLane="2" dir="s" state="M"/>
    <connection from=":597109205_3" to="721709060" fromLane="0" toLane="0" dir="R" state="M"/>
    <connection from=":597109205_3" to="721709060" fromLane="1" toLane="1" dir="R" state="M"/>
    <connection from=":597109206_0" to="121902742" fromLane="0" toLane="0" dir="s" state="M"/>
    <connection from=":597109206_1" to="632481867" fromLane="0" toLane="0" dir="s" state="M"/>
    <connection from=":597109206_1" to="632481867" fromLane="1" toLane="1" dir="s" state="M"/>
    <connection from=":597109206_1" to="632481867" fromLane="2" toLane="2" dir="s" state="M"/>
    <connection from=":7165291004_0" to="767423672" fromLane="0" toLane="0" dir="s" state="M"/>
    <connection from=":7165291004_0" to="767423672" fromLane="1" toLane="1" dir="s" state="M"/>
    <connection from=":7165291004_0" to="767423672" fromLane="2" toLane="2" dir="s" state="M"/>

</net>
