<?xml version="1.0" encoding="UTF-8"?>

<!-- generated on 2023-07-19 16:13:13 by Eclipse SUMO netconvert Version 1.17.0
<configuration xmlns:xsi="http://www.w3.org/2001/XMLSchema-instance" xsi:noNamespaceSchemaLocation="http://sumo.dlr.de/xsd/netconvertConfiguration.xsd">

    <input>
        <sumo-net-file value="osm.net.xml.gz"/>
    </input>

    <output>
        <output-file value="osm.net.xml"/>
        <output.street-names value="true"/>
    </output>

    <processing>
        <geometry.min-radius.fix.railways value="false"/>
        <geometry.max-grade.fix value="false"/>
        <offset.disable-normalization value="true"/>
        <lefthand value="1"/>
    </processing>

    <junctions>
        <no-turnarounds value="true"/>
        <junctions.corner-detail value="5"/>
        <junctions.limit-turn-speed value="5.50"/>
        <rectangular-lane-cut value="0"/>
    </junctions>

    <pedestrian>
        <walkingareas value="0"/>
    </pedestrian>

</configuration>
-->

<net version="1.16" junctionCornerDetail="5" lefthand="true" limitTurnSpeed="5.50" xmlns:xsi="http://www.w3.org/2001/XMLSchema-instance" xsi:noNamespaceSchemaLocation="http://sumo.dlr.de/xsd/net_file.xsd">

    <location netOffset="-362061.49,-147057.75" convBoundary="0.00,0.00,1086.37,564.22" origBoundary="103.760144,1.330164,103.769909,1.335265" projParameter="+proj=utm +zone=48 +ellps=WGS84 +datum=WGS84 +units=m +no_defs"/>

    <type id="highway.bridleway" priority="1" numLanes="1" speed="2.78" allow="pedestrian" oneway="1" width="2.00"/>
    <type id="highway.bus_guideway" priority="1" numLanes="1" speed="27.78" allow="bus" oneway="1"/>
    <type id="highway.cycleway" priority="1" numLanes="1" speed="5.56" allow="bicycle" oneway="0" width="1.00"/>
    <type id="highway.footway" priority="1" numLanes="1" speed="2.78" allow="pedestrian" oneway="1" width="2.00"/>
    <type id="highway.ford" priority="1" numLanes="1" speed="2.78" allow="army" oneway="0"/>
    <type id="highway.living_street" priority="2" numLanes="1" speed="2.78" disallow="tram rail_urban rail rail_electric rail_fast ship" oneway="0"/>
    <type id="highway.motorway" priority="14" numLanes="2" speed="39.44" allow="private emergency authority army vip passenger hov taxi bus coach delivery truck trailer motorcycle evehicle custom1 custom2" oneway="1"/>
    <type id="highway.motorway_link" priority="9" numLanes="1" speed="22.22" allow="private emergency authority army vip passenger hov taxi bus coach delivery truck trailer motorcycle evehicle custom1 custom2" oneway="1"/>
    <type id="highway.path" priority="1" numLanes="1" speed="5.56" allow="pedestrian bicycle" oneway="0" width="2.00"/>
    <type id="highway.pedestrian" priority="1" numLanes="1" speed="2.78" allow="pedestrian" oneway="1" width="2.00"/>
    <type id="highway.primary" priority="12" numLanes="2" speed="27.78" disallow="tram rail_urban rail rail_electric rail_fast ship" oneway="0"/>
    <type id="highway.primary_link" priority="7" numLanes="1" speed="22.22" disallow="tram rail_urban rail rail_electric rail_fast ship" oneway="0"/>
    <type id="highway.raceway" priority="15" numLanes="2" speed="83.33" allow="vip" oneway="0"/>
    <type id="highway.residential" priority="3" numLanes="1" speed="13.89" disallow="tram rail_urban rail rail_electric rail_fast ship" oneway="0"/>
    <type id="highway.secondary" priority="11" numLanes="1" speed="27.78" disallow="tram rail_urban rail rail_electric rail_fast ship" oneway="0"/>
    <type id="highway.secondary_link" priority="6" numLanes="1" speed="22.22" disallow="tram rail_urban rail rail_electric rail_fast ship" oneway="0"/>
    <type id="highway.service" priority="1" numLanes="1" speed="5.56" allow="pedestrian delivery bicycle" oneway="0"/>
    <type id="highway.stairs" priority="1" numLanes="1" speed="1.39" allow="pedestrian" oneway="1" width="2.00"/>
    <type id="highway.step" priority="1" numLanes="1" speed="1.39" allow="pedestrian" oneway="1" width="2.00"/>
    <type id="highway.steps" priority="1" numLanes="1" speed="1.39" allow="pedestrian" oneway="1" width="2.00"/>
    <type id="highway.tertiary" priority="10" numLanes="1" speed="22.22" disallow="tram rail_urban rail rail_electric rail_fast ship" oneway="0"/>
    <type id="highway.tertiary_link" priority="5" numLanes="1" speed="22.22" disallow="tram rail_urban rail rail_electric rail_fast ship" oneway="0"/>
    <type id="highway.track" priority="1" numLanes="1" speed="5.56" allow="pedestrian motorcycle moped bicycle" oneway="0"/>
    <type id="highway.trunk" priority="13" numLanes="2" speed="27.78" disallow="pedestrian bicycle tram rail_urban rail rail_electric rail_fast ship" oneway="0"/>
    <type id="highway.trunk_link" priority="8" numLanes="1" speed="22.22" disallow="pedestrian bicycle tram rail_urban rail rail_electric rail_fast ship" oneway="0"/>
    <type id="highway.unclassified" priority="4" numLanes="1" speed="13.89" disallow="tram rail_urban rail rail_electric rail_fast ship" oneway="0"/>
    <type id="highway.unsurfaced" priority="1" numLanes="1" speed="8.33" disallow="tram rail_urban rail rail_electric rail_fast ship" oneway="0"/>
    <type id="railway.highspeed" priority="21" numLanes="1" speed="69.44" allow="rail_fast" oneway="1"/>
    <type id="railway.light_rail" priority="19" numLanes="1" speed="27.78" allow="rail_urban" oneway="1"/>
    <type id="railway.preserved" priority="16" numLanes="1" speed="27.78" allow="rail" oneway="1"/>
    <type id="railway.rail" priority="20" numLanes="1" speed="44.44" allow="rail" oneway="1"/>
    <type id="railway.subway" priority="18" numLanes="1" speed="27.78" allow="rail_urban" oneway="1"/>
    <type id="railway.tram" priority="17" numLanes="1" speed="13.89" allow="tram" oneway="1"/>

    <edge id=":139694017_0" function="internal">
        <lane id=":139694017_0_0" index="0" allow="private emergency authority army vip passenger hov taxi bus coach delivery truck trailer motorcycle evehicle custom1 custom2" speed="25.00" length="2.45" shape="384.61,356.78 387.02,355.54"/>
        <lane id=":139694017_0_1" index="1" allow="private emergency authority army vip passenger hov taxi bus coach delivery truck trailer motorcycle evehicle custom1 custom2" speed="25.00" length="2.45" shape="383.24,353.88 385.42,352.77"/>
        <lane id=":139694017_0_2" index="2" allow="private emergency authority army vip passenger hov taxi bus coach delivery truck trailer motorcycle evehicle custom1 custom2" speed="25.00" length="2.45" shape="381.87,350.99 383.83,349.99"/>
    </edge>
    <edge id=":139694017_3" function="internal">
        <lane id=":139694017_3_0" index="0" allow="private emergency authority army vip passenger hov taxi bus coach delivery truck trailer motorcycle evehicle custom1 custom2" speed="19.45" length="2.96" shape="385.91,359.52 386.74,359.21 387.30,359.00 387.84,358.74 388.61,358.32"/>
    </edge>
    <edge id=":1492179247_0" function="internal">
        <lane id=":1492179247_0_0" index="0" allow="private emergency authority army vip passenger hov taxi bus coach delivery truck trailer motorcycle evehicle custom1 custom2" speed="13.89" length="4.73" shape="592.72,220.02 591.35,220.28 590.39,220.40 589.43,220.47 588.03,220.56"/>
    </edge>
    <edge id=":1492179247_1" function="internal">
        <lane id=":1492179247_1_0" index="0" allow="private emergency authority army vip passenger hov taxi bus coach delivery truck trailer motorcycle evehicle custom1 custom2" speed="13.89" length="7.17" shape="593.35,223.16 591.26,223.55 589.82,223.81 588.40,224.13 586.35,224.71"/>
    </edge>
    <edge id=":1492179285_0" function="internal">
        <lane id=":1492179285_0_0" index="0" allow="private emergency authority army vip passenger hov taxi bus coach delivery truck trailer motorcycle evehicle custom1 custom2" speed="13.89" length="7.77" shape="360.49,309.14 358.65,310.54 357.42,311.54 356.14,312.46 354.17,313.65"/>
    </edge>
    <edge id=":1492179285_1" function="internal">
        <lane id=":1492179285_1_0" index="0" allow="private emergency authority army vip passenger hov taxi bus coach delivery truck trailer motorcycle evehicle custom1 custom2" speed="13.89" length="7.97" shape="362.33,311.98 360.30,313.19 359.02,314.18 357.74,315.18 355.73,316.44"/>
    </edge>
    <edge id=":246294007_0" function="internal">
        <lane id=":246294007_0_0" index="0" allow="private emergency authority army vip passenger hov taxi bus coach delivery truck trailer motorcycle evehicle custom1 custom2" speed="13.89" length="0.29" shape="473.02,200.72 472.99,200.46"/>
        <lane id=":246294007_0_1" index="1" allow="private emergency authority army vip passenger hov taxi bus coach delivery truck trailer motorcycle evehicle custom1 custom2" speed="13.89" length="0.29" shape="469.86,201.20 469.82,200.89"/>
    </edge>
    <edge id=":3740791407_0" function="internal">
        <lane id=":3740791407_0_0" index="0" allow="private emergency authority army vip passenger hov taxi bus coach delivery truck trailer motorcycle evehicle custom1 custom2" speed="13.89" length="0.47" shape="736.39,198.35 736.19,198.34 736.04,198.34 735.90,198.35 735.70,198.37"/>
        <lane id=":3740791407_0_1" index="1" allow="private emergency authority army vip passenger hov taxi bus coach delivery truck trailer motorcycle evehicle custom1 custom2" speed="13.89" length="0.47" shape="736.27,201.55 736.20,201.55 736.16,201.55 736.11,201.55 736.04,201.56"/>
    </edge>
    <edge id=":3740792274_0" function="internal">
        <lane id=":3740792274_0_0" index="0" allow="private emergency authority army vip passenger hov taxi bus coach delivery truck trailer motorcycle evehicle custom1 custom2" speed="13.89" length="8.89" shape="435.17,128.60 436.57,137.38"/>
    </edge>
    <edge id=":3740792274_1" function="internal">
        <lane id=":3740792274_1_0" index="0" allow="private emergency authority army vip passenger hov taxi bus coach delivery truck trailer motorcycle evehicle custom1 custom2" speed="13.89" length="8.79" shape="438.36,128.33 438.64,130.92 438.97,132.67 439.40,134.41 439.99,136.95"/>
    </edge>
    <edge id=":3740792306_0" function="internal">
        <lane id=":3740792306_0_0" index="0" allow="private emergency authority army vip passenger hov taxi bus coach delivery truck trailer motorcycle evehicle custom1 custom2" speed="13.89" length="16.47" shape="349.07,397.31 363.28,388.98"/>
    </edge>
    <edge id=":3740792306_1" function="internal">
        <lane id=":3740792306_1_0" index="0" allow="private emergency authority army vip passenger hov taxi bus coach delivery truck trailer motorcycle evehicle custom1 custom2" speed="13.89" length="16.41" shape="347.60,394.40 361.79,386.15"/>
    </edge>
    <edge id=":4747621401_0" function="internal">
        <lane id=":4747621401_0_0" index="0" allow="private emergency authority army vip passenger hov taxi bus coach delivery truck trailer motorcycle evehicle custom1 custom2" speed="13.89" length="8.18" shape="430.83,57.63 430.73,60.04 430.28,61.68 429.86,63.31 429.81,65.72"/>
        <lane id=":4747621401_0_1" index="1" allow="private emergency authority army vip passenger hov taxi bus coach delivery truck trailer motorcycle evehicle custom1 custom2" speed="13.89" length="8.18" shape="430.83,57.63 431.22,59.99 431.88,61.54 432.55,63.09 433.00,65.44"/>
    </edge>

    <edge id="173767781" from="139697358" to="139694017" name="Pan-Island Expressway" priority="14" type="highway.motorway" spreadType="center" shape="0.00,564.22 300.83,396.73 363.98,363.00 384.50,353.29">
        <lane id="173767781_0" index="0" allow="private emergency authority army vip passenger hov taxi bus coach delivery truck trailer motorcycle evehicle custom1 custom2" speed="25.00" length="437.22" shape="1.56,567.02 302.36,399.54 365.42,365.86 384.61,356.78">
            <param key="origId" value="173767781 632497668"/>
        </lane>
        <lane id="173767781_1" index="1" allow="private emergency authority army vip passenger hov taxi bus coach delivery truck trailer motorcycle evehicle custom1 custom2" speed="25.00" length="437.22" shape="-0.00,564.22 300.83,396.73 363.98,363.00 383.24,353.88">
            <param key="origId" value="173767781 632497668"/>
        </lane>
        <lane id="173767781_2" index="2" allow="private emergency authority army vip passenger hov taxi bus coach delivery truck trailer motorcycle evehicle custom1 custom2" speed="25.00" length="437.22" shape="-1.56,561.42 299.30,393.92 362.54,360.14 381.87,350.99">
            <param key="origId" value="173767781 632497668"/>
        </lane>
        <param key="ref" value="PIE"/>
    </edge>
    <edge id="173767982" from="1492179317" to="139694017" priority="9" type="highway.motorway_link" spreadType="center" shape="177.34,486.62 198.95,472.30 258.26,435.21 311.00,402.85 347.27,379.48 366.67,366.90 387.69,358.84">
        <lane id="173767982_0" index="0" allow="private emergency authority army vip passenger hov taxi bus coach delivery truck trailer motorcycle evehicle custom1 custom2" speed="13.89" length="228.84" shape="190.50,477.90 198.95,472.30 258.26,435.21 311.00,402.85 347.27,379.48 366.67,366.90 385.91,359.52">
            <param key="origId" value="173767982"/>
        </lane>
    </edge>
    <edge id="22892486" from="246294007" to="568352233" priority="9" type="highway.motorway_link" spreadType="center" shape="471.42,200.82 454.11,72.48 446.32,14.07 446.76,0.00">
        <lane id="22892486_0" index="0" allow="private emergency authority army vip passenger hov taxi bus coach delivery truck trailer motorcycle evehicle custom1 custom2" speed="13.89" length="173.99" shape="472.99,200.46 455.70,72.27 449.83,28.29">
            <param key="origId" value="22892486"/>
        </lane>
        <lane id="22892486_1" index="1" allow="private emergency authority army vip passenger hov taxi bus coach delivery truck trailer motorcycle evehicle custom1 custom2" speed="13.89" length="173.99" shape="469.82,200.89 452.52,72.69 446.59,28.19">
            <param key="origId" value="22892486"/>
        </lane>
    </edge>
    <edge id="370372735" from="1492179317" to="3740792306" priority="9" type="highway.motorway_link" spreadType="center" shape="177.34,486.62 200.72,477.76 229.62,462.10 256.89,444.65 285.99,427.77 344.92,395.97 360.38,386.90 372.14,382.49">
        <lane id="370372735_0" index="0" allow="private emergency authority army vip passenger hov taxi bus coach delivery truck trailer motorcycle evehicle custom1 custom2" speed="13.89" length="178.17" shape="192.11,481.02 200.72,477.76 229.62,462.10 256.89,444.65 285.99,427.77 344.92,395.97 347.60,394.40">
            <param key="origId" value="370372735"/>
        </lane>
    </edge>
    <edge id="370372737" from="1492179247" to="568352233" priority="9" type="highway.motorway_link" spreadType="center" shape="603.90,219.43 558.19,222.68 536.73,219.38 518.21,211.76 498.52,197.30 483.11,174.19 473.28,146.33 464.84,88.90 455.88,41.93 452.29,23.86 449.37,11.23 446.76,0.00">
        <lane id="370372737_0" index="0" allow="private emergency authority army vip passenger hov taxi bus coach delivery truck trailer motorcycle evehicle custom1 custom2" speed="13.89" length="273.51" shape="588.03,220.56 558.19,222.68 536.73,219.38 518.21,211.76 498.52,197.30 483.11,174.19 473.28,146.33 464.84,88.90 455.88,41.93 453.10,27.96">
            <param key="origId" value="370372737"/>
        </lane>
    </edge>
    <edge id="370372738" from="3740792274" to="1492179285" priority="9" type="highway.motorway_link" spreadType="center" shape="435.82,117.36 438.72,194.38 435.55,216.09 423.36,239.33 412.21,261.47 405.80,270.22 399.01,278.00 385.90,290.74 356.61,311.95 350.20,317.71">
        <lane id="370372738_0" index="0" allow="private emergency authority army vip passenger hov taxi bus coach delivery truck trailer motorcycle evehicle custom1 custom2" speed="13.89" length="200.85" shape="436.57,137.38 438.72,194.38 435.55,216.09 423.36,239.33 412.21,261.47 405.80,270.22 399.01,278.00 385.90,290.74 360.49,309.14">
            <param key="origId" value="370372738"/>
        </lane>
    </edge>
    <edge id="370372739" from="1492179247" to="1492179285" priority="9" type="highway.motorway_link" spreadType="center" shape="603.90,219.43 551.11,235.31 486.98,255.81 458.32,267.29 404.66,289.78 368.87,308.48 359.10,313.70 350.20,317.71">
        <lane id="370372739_0" index="0" allow="private emergency authority army vip passenger hov taxi bus coach delivery truck trailer motorcycle evehicle custom1 custom2" speed="13.89" length="240.99" shape="586.35,224.71 551.11,235.31 486.98,255.81 458.32,267.29 404.66,289.78 368.87,308.48 362.33,311.98">
            <param key="origId" value="370372739 479551978 479551979"/>
        </lane>
    </edge>
    <edge id="370372740" from="139694017" to="1221472014" name="Pan-Island Expressway" priority="14" type="highway.motorway" spreadType="center" shape="385.30,354.68 452.96,315.84 467.05,308.41 479.21,302.30 495.12,296.34 557.80,274.58 618.34,258.74 670.99,247.59 718.70,242.68 782.78,240.07 881.68,244.91 957.40,259.96 1031.52,280.49 1085.77,302.56">
        <lane id="370372740_0" index="0" allow="private emergency authority army vip passenger hov taxi bus coach delivery truck trailer motorcycle evehicle custom1 custom2" speed="25.00" length="730.02" acceleration="1" shape="388.61,358.32 455.28,320.05 469.25,312.68 481.13,306.70 496.75,300.86 559.20,279.18 619.45,263.41 671.74,252.34 719.04,247.47 782.76,244.87 881.09,249.69 956.29,264.63 1029.97,285.04 1083.96,307.01">
            <param key="origId" value="370372740 479551982 479551983"/>
        </lane>
        <lane id="370372740_1" index="1" allow="private emergency authority army vip passenger hov taxi bus coach delivery truck trailer motorcycle evehicle custom1 custom2" speed="25.00" length="730.02" shape="387.02,355.54 453.73,317.24 467.78,309.83 479.85,303.77 495.66,297.85 558.27,276.11 618.71,260.30 671.24,249.17 718.81,244.28 782.77,241.67 881.48,246.50 957.03,261.52 1031.00,282.01 1085.17,304.04">
            <param key="origId" value="370372740 479551982 479551983"/>
        </lane>
        <lane id="370372740_2" index="2" allow="private emergency authority army vip passenger hov taxi bus coach delivery truck trailer motorcycle evehicle custom1 custom2" speed="25.00" length="730.02" shape="385.42,352.77 452.19,314.44 466.32,306.99 478.57,300.83 494.58,294.83 557.33,273.05 617.97,257.18 670.74,246.01 718.59,241.08 782.79,238.47 881.88,243.32 957.77,258.40 1032.04,278.97 1086.37,301.08">
            <param key="origId" value="370372740 479551982 479551983"/>
        </lane>
        <lane id="370372740_3" index="3" allow="private emergency authority army vip passenger hov taxi bus coach delivery truck trailer motorcycle evehicle custom1 custom2" speed="25.00" length="730.02" shape="383.83,349.99 450.64,311.63 464.85,304.14 477.29,297.90 493.49,291.82 556.40,269.98 617.23,254.07 670.24,242.84 718.36,237.89 782.80,235.27 882.27,240.13 958.51,255.29 1033.07,275.94 1087.58,298.11">
            <param key="origId" value="370372740 479551982 479551983"/>
        </lane>
        <param key="ref" value="PIE"/>
    </edge>
    <edge id="370372741" from="5278684633" to="3740792311" name="Pan-Island Expressway" priority="14" type="highway.motorway" spreadType="center" shape="928.75,229.48 914.92,228.03 905.30,226.78 870.22,223.45 819.92,220.12 733.28,220.05 667.14,228.06 616.02,238.09 553.37,254.85 488.46,277.66 463.25,288.82 432.25,304.26 384.55,329.39 124.77,475.02">
        <lane id="370372741_0" index="0" allow="private emergency authority army vip passenger hov taxi bus coach delivery truck trailer motorcycle evehicle custom1 custom2" speed="25.00" length="832.26" shape="929.08,226.30 915.29,224.85 905.66,223.60 870.48,220.26 820.03,216.92 733.09,216.85 666.64,224.90 615.30,234.97 552.42,251.79 487.28,274.68 461.89,285.92 430.79,301.41 383.02,326.58 149.32,457.59">
            <param key="origId" value="370372741 479551981 479551980"/>
        </lane>
        <lane id="370372741_1" index="1" allow="private emergency authority army vip passenger hov taxi bus coach delivery truck trailer motorcycle evehicle custom1 custom2" speed="25.00" length="832.26" shape="928.75,229.48 914.92,228.03 905.30,226.78 870.22,223.45 819.92,220.12 733.28,220.05 667.14,228.06 616.02,238.09 553.37,254.85 488.46,277.66 463.25,288.82 432.25,304.26 384.55,329.39 150.88,460.38">
            <param key="origId" value="370372741 479551981 479551980"/>
        </lane>
        <lane id="370372741_2" index="2" allow="private emergency authority army vip passenger hov taxi bus coach delivery truck trailer motorcycle evehicle custom1 custom2" speed="25.00" length="832.26" shape="928.42,232.66 914.55,231.21 904.94,229.96 869.96,226.64 819.81,223.32 733.47,223.25 667.64,231.22 616.74,241.21 554.32,257.91 489.64,280.64 464.61,291.72 433.71,307.11 386.08,332.20 152.45,463.17">
            <param key="origId" value="370372741 479551981 479551980"/>
        </lane>
        <param key="ref" value="PIE"/>
    </edge>
    <edge id="370372758" from="3740792274" to="3740792311" priority="9" type="highway.motorway_link" spreadType="center" shape="435.82,117.36 446.12,165.71 449.01,200.44 446.37,216.26 442.54,234.02 436.66,252.66 425.59,273.79 412.25,289.30 397.33,302.56 376.53,316.50 303.77,356.45 233.01,398.64 152.01,451.05 142.89,458.35 133.56,466.04 124.77,475.02">
        <lane id="370372758_0" index="0" allow="private emergency authority army vip passenger hov taxi bus coach delivery truck trailer motorcycle evehicle custom1 custom2" speed="13.89" length="475.29" shape="439.99,136.95 446.12,165.71 449.01,200.44 446.37,216.26 442.54,234.02 436.66,252.66 425.59,273.79 412.25,289.30 397.33,302.56 376.53,316.50 303.77,356.45 233.01,398.64 152.01,451.05 147.25,454.86">
            <param key="origId" value="370372758 370372759 370372756"/>
        </lane>
    </edge>
    <edge id="44819828" from="1492179285" to="6931272417" priority="9" type="highway.motorway_link" spreadType="center" shape="350.20,317.71 228.93,385.73 110.04,458.90 86.65,472.85 78.97,476.36 72.22,478.74 64.81,480.89 50.61,483.25">
        <lane id="44819828_0" index="0" allow="private emergency authority army vip passenger hov taxi bus coach delivery truck trailer motorcycle evehicle custom1 custom2" speed="13.89" length="349.04" shape="354.17,313.65 228.12,384.35 109.21,457.53 85.91,471.43 78.37,474.87 71.73,477.22 64.45,479.33 50.35,481.67">
            <param key="origId" value="44819828"/>
        </lane>
        <lane id="44819828_1" index="1" allow="private emergency authority army vip passenger hov taxi bus coach delivery truck trailer motorcycle evehicle custom1 custom2" speed="13.89" length="349.04" shape="355.73,316.44 229.74,387.11 110.87,460.27 87.39,474.27 79.57,477.85 72.71,480.26 65.17,482.45 50.87,484.83">
            <param key="origId" value="44819828"/>
        </lane>
    </edge>
    <edge id="44829771" from="3740792306" to="246294007" name="Clementi North Flyover" priority="9" type="highway.motorway_link" spreadType="center" shape="372.14,382.49 458.79,336.67 472.09,329.66 498.26,316.80 530.54,303.73 551.93,298.58 568.10,295.70 589.72,294.14 602.26,295.92 613.61,300.06 620.77,303.01 628.94,308.39 635.70,314.27 641.67,323.77 645.86,333.84 648.72,343.96 650.04,354.59 648.86,365.85 645.88,374.75 641.70,384.24 635.27,394.00 625.68,402.00 615.48,407.37 606.18,411.75 596.46,414.19 585.59,414.93 575.23,414.24 560.40,411.03 544.89,403.66 531.18,393.22 518.84,378.92 508.14,363.57 497.04,339.54 490.19,316.04 484.57,287.49 471.42,200.82">
        <lane id="44829771_0" index="0" allow="private emergency authority army vip passenger hov taxi bus coach delivery truck trailer motorcycle evehicle custom1 custom2" speed="13.89" length="705.69" shape="363.28,388.98 459.54,338.08 472.82,331.09 498.91,318.26 531.03,305.26 552.26,300.15 568.30,297.29 589.66,295.75 601.87,297.48 613.03,301.55 620.02,304.43 627.97,309.67 634.47,315.32 640.24,324.51 644.35,334.37 647.15,344.28 648.43,354.61 647.29,365.51 644.39,374.17 640.29,383.47 634.06,392.92 624.78,400.66 614.77,405.94 605.64,410.24 596.21,412.60 585.59,413.33 575.45,412.65 560.92,409.51 545.73,402.29 532.28,392.05 520.11,377.94 509.53,362.77 498.54,338.98 491.75,315.66 486.15,287.22 473.02,200.72">
            <param key="origId" value="44829771 479551985 479551984 44829770"/>
        </lane>
        <lane id="44829771_1" index="1" allow="private emergency authority army vip passenger hov taxi bus coach delivery truck trailer motorcycle evehicle custom1 custom2" speed="13.89" length="705.69" shape="361.79,386.15 458.04,335.26 471.36,328.23 497.61,315.34 530.05,302.20 551.60,297.01 567.90,294.11 589.78,292.53 602.65,294.36 614.19,298.57 621.52,301.59 629.91,307.11 636.93,313.22 643.10,323.03 647.37,333.31 650.29,343.64 651.65,354.57 650.43,366.19 647.37,375.33 643.11,385.01 636.48,395.08 626.58,403.34 616.19,408.80 606.72,413.26 596.71,415.78 585.59,416.53 575.01,415.83 559.88,412.55 544.05,405.03 530.08,394.39 517.57,379.90 506.75,364.37 495.54,340.10 488.63,316.42 482.99,287.76 469.86,201.20">
            <param key="origId" value="44829771 479551985 479551984 44829770"/>
        </lane>
    </edge>
    <edge id="44829774" from="5449676533" to="3740791407" priority="9" type="highway.motorway_link" spreadType="center" shape="884.86,214.03 861.03,209.58 823.23,204.10 782.70,201.72 736.10,199.94">
        <lane id="44829774_0" index="0" allow="private emergency authority army vip passenger hov taxi bus coach delivery truck trailer motorcycle evehicle custom1 custom2" speed="13.89" length="149.44" shape="885.15,212.46 861.29,208.00 823.39,202.51 782.78,200.12 736.39,198.35">
            <param key="origId" value="44829774"/>
        </lane>
        <lane id="44829774_1" index="1" allow="private emergency authority army vip passenger hov taxi bus coach delivery truck trailer motorcycle evehicle custom1 custom2" speed="13.89" length="149.44" shape="884.57,215.60 860.77,211.16 823.07,205.69 782.62,203.32 736.27,201.55">
            <param key="origId" value="44829774"/>
        </lane>
    </edge>
    <edge id="44839318" from="246293999" to="4747621401" priority="9" type="highway.motorway_link" spreadType="center" shape="430.29,16.43 429.62,37.50 431.07,61.61">
        <lane id="44839318_0" index="0" allow="private emergency authority army vip passenger hov taxi bus coach delivery truck trailer motorcycle evehicle custom1 custom2" speed="13.89" length="41.25" shape="430.29,16.43 429.62,37.50 430.83,57.63">
            <param key="origId" value="44839318"/>
        </lane>
    </edge>
    <edge id="481863680" from="4747621401" to="3740792274" priority="9" type="highway.motorway_link" spreadType="center">
        <lane id="481863680_0" index="0" allow="private emergency authority army vip passenger hov taxi bus coach delivery truck trailer motorcycle evehicle custom1 custom2" speed="13.89" length="63.11" shape="429.81,65.72 435.17,128.60">
            <param key="origId" value="481863680"/>
        </lane>
        <lane id="481863680_1" index="1" allow="private emergency authority army vip passenger hov taxi bus coach delivery truck trailer motorcycle evehicle custom1 custom2" speed="13.89" length="63.11" shape="433.00,65.44 438.36,128.33">
            <param key="origId" value="481863680"/>
        </lane>
    </edge>
    <edge id="702425183" from="6596259373" to="3740792306" priority="9" type="highway.motorway_link" spreadType="center" shape="195.59,498.34 282.72,439.95 372.14,382.49">
        <lane id="702425183_0" index="0" allow="private emergency authority army vip passenger hov taxi bus coach delivery truck trailer motorcycle evehicle custom1 custom2" speed="13.89" length="183.76" shape="195.59,498.34 282.72,439.95 349.07,397.31">
            <param key="origId" value="702425183"/>
        </lane>
    </edge>
    <edge id="739907575" from="6928034112" to="1221472013" name="Clementi North Flyover" priority="9" type="highway.motorway_link" spreadType="center" shape="438.13,58.84 444.58,106.72 458.59,203.59 473.18,289.94 479.32,319.36 486.70,344.94 497.19,369.15 509.73,388.66 522.21,401.16 536.76,412.32 552.87,421.13 568.67,425.84 584.86,427.04 595.87,426.29 607.81,423.75 620.83,416.27 631.56,409.74 641.58,399.40 649.43,387.51 653.63,374.75 656.61,360.52 657.80,345.69 660.92,331.64 662.76,320.19 667.77,305.84 676.13,293.99 686.27,281.52 699.09,271.15 711.62,263.73 735.19,256.00 782.95,254.20 829.30,255.67">
        <lane id="739907575_0" index="0" allow="private emergency authority army vip passenger hov taxi bus coach delivery truck trailer motorcycle evehicle custom1 custom2" speed="13.89" length="771.20" shape="436.54,59.05 443.00,106.94 457.01,203.84 471.61,290.24 477.77,319.75 485.19,345.48 495.77,369.91 508.48,389.67 521.15,402.37 535.88,413.66 552.25,422.61 568.38,427.42 584.86,428.64 596.09,427.88 608.39,425.26 621.64,417.65 632.57,411.00 642.83,400.41 650.88,388.21 655.18,375.17 658.20,360.75 659.39,345.93 662.49,331.94 664.32,320.58 669.21,306.58 677.41,294.96 687.41,282.66 700.01,272.47 712.28,265.20 735.47,257.59 782.95,255.80 829.25,257.27">
            <param key="origId" value="739907575 44829769 44829773"/>
        </lane>
        <lane id="739907575_1" index="1" allow="private emergency authority army vip passenger hov taxi bus coach delivery truck trailer motorcycle evehicle custom1 custom2" speed="13.89" length="771.20" shape="439.72,58.63 446.16,106.50 460.17,203.34 474.75,289.64 480.87,318.97 488.21,344.40 498.61,368.39 510.98,387.65 523.27,399.95 537.64,410.98 553.49,419.65 568.96,424.26 584.86,425.44 595.65,424.70 607.23,422.24 620.02,414.89 630.55,408.48 640.33,398.39 647.98,386.81 652.08,374.33 655.02,360.29 656.21,345.45 659.35,331.34 661.20,319.80 666.33,305.10 674.85,293.02 685.13,280.38 698.17,269.83 710.96,262.26 734.91,254.41 782.95,252.60 829.35,254.07">
            <param key="origId" value="739907575 44829769 44829773"/>
        </lane>
    </edge>
    <edge id="740317929" from="3740791407" to="1492179247" name="Pan Island Expressway" priority="9" type="highway.motorway_link" spreadType="center" shape="736.10,199.94 696.30,204.23 654.23,209.41 603.90,219.43">
        <lane id="740317929_0" index="0" allow="private emergency authority army vip passenger hov taxi bus coach delivery truck trailer motorcycle evehicle custom1 custom2" speed="13.89" length="144.58" shape="735.70,198.37 696.12,202.64 653.98,207.83 592.72,220.02">
            <param key="origId" value="740317929"/>
        </lane>
        <lane id="740317929_1" index="1" allow="private emergency authority army vip passenger hov taxi bus coach delivery truck trailer motorcycle evehicle custom1 custom2" speed="13.89" length="144.58" shape="736.04,201.56 696.48,205.82 654.48,210.99 593.35,223.16">
            <param key="origId" value="740317929"/>
        </lane>
    </edge>

    <junction id="1221472013" type="dead_end" x="829.30" y="255.67" incLanes="739907575_0 739907575_1" intLanes="" shape="829.20,258.87 829.40,252.47"/>
    <junction id="1221472014" type="dead_end" x="1086.37" y="301.08" incLanes="370372740_0 370372740_1 370372740_2 370372740_3" intLanes="" shape="1083.36,308.49 1088.18,296.63"/>
    <junction id="139694017" type="priority" x="384.50" y="353.29" incLanes="173767781_0 173767781_1 173767781_2 173767982_0" intLanes=":139694017_0_0 :139694017_0_1 :139694017_0_2 :139694017_3_0" shape="383.03,348.60 389.40,359.70 388.40,360.25 388.04,360.42 387.67,360.57 386.60,360.97 381.19,349.55">
        <request index="0" response="0000" foes="0000" cont="0"/>
        <request index="1" response="0000" foes="0000" cont="0"/>
        <request index="2" response="0000" foes="0000" cont="0"/>
        <request index="3" response="0000" foes="0000" cont="0"/>
    </junction>
    <junction id="139697358" type="dead_end" x="0.00" y="564.22" incLanes="" intLanes="" shape="-2.33,560.03 2.33,568.41"/>
    <junction id="1492179247" type="priority" x="603.90" y="219.43" incLanes="740317929_0 740317929_1" intLanes=":1492179247_0_0 :1492179247_1_0" shape="592.41,218.45 593.66,224.73 591.10,225.20 590.21,225.36 589.32,225.55 588.25,225.83 586.81,226.24 585.89,223.18 587.81,222.56 588.33,222.36 588.56,222.22 588.50,222.15 588.15,222.15 587.92,218.96 589.59,218.86 590.18,218.81 590.76,218.75 591.47,218.63">
        <request index="0" response="00" foes="00" cont="0"/>
        <request index="1" response="00" foes="00" cont="0"/>
    </junction>
    <junction id="1492179285" type="priority" x="350.20" y="317.71" incLanes="370372738_0 370372739_0" intLanes=":1492179285_0_0 :1492179285_1_0" shape="359.41,307.95 361.56,310.34 361.67,310.51 362.99,313.44 360.53,314.97 359.74,315.61 358.94,316.25 357.94,316.97 356.52,317.84 353.39,312.25 355.72,310.81 356.48,310.24 357.23,309.63 358.15,308.89">
        <request index="0" response="00" foes="00" cont="0"/>
        <request index="1" response="00" foes="00" cont="0"/>
    </junction>
    <junction id="1492179317" type="dead_end" x="177.34" y="486.62" incLanes="" intLanes="" shape="189.62,476.56 191.39,479.23 191.54,479.53 192.67,482.52 184.77,485.32 179.83,486.60 177.84,486.36 178.81,484.61 182.74,481.34"/>
    <junction id="246293999" type="dead_end" x="430.29" y="16.43" incLanes="" intLanes="" shape="431.89,16.48 428.69,16.38"/>
    <junction id="246294007" type="priority" x="471.42" y="200.82" incLanes="44829771_0 44829771_1" intLanes=":246294007_0_0 :246294007_0_1" shape="474.61,200.48 468.28,201.44 468.23,201.11 474.57,200.25">
        <request index="0" response="00" foes="00" cont="0"/>
        <request index="1" response="00" foes="00" cont="0"/>
    </junction>
    <junction id="3740791407" type="priority" x="736.10" y="199.94" incLanes="44829774_0 44829774_1" intLanes=":3740791407_0_0 :3740791407_0_1" shape="736.46,196.75 736.21,203.15 735.53,196.78 735.87,196.75 735.99,196.74 736.11,196.74 736.26,196.74">
        <request index="0" response="00" foes="00" cont="0"/>
        <request index="1" response="00" foes="00" cont="0"/>
    </junction>
    <junction id="3740792274" type="priority" x="435.82" y="117.36" incLanes="481863680_0 481863680_1" intLanes=":3740792274_0_0 :3740792274_1_0" shape="441.56,136.62 438.43,137.28 438.17,137.32 434.97,137.44 434.62,134.20 434.35,133.08 434.07,131.96 433.80,130.60 433.58,128.74 439.95,128.19 440.33,131.34 440.56,132.43 440.83,133.52 441.15,134.83">
        <request index="0" response="00" foes="00" cont="0"/>
        <request index="1" response="00" foes="00" cont="0"/>
    </junction>
    <junction id="3740792306" type="priority" x="372.14" y="382.49" incLanes="702425183_0 370372735_0" intLanes=":3740792306_0_0 :3740792306_1_0" shape="361.04,384.74 364.03,390.40 349.94,398.66 348.21,395.97 347.03,392.88">
        <request index="0" response="00" foes="00" cont="0"/>
        <request index="1" response="00" foes="00" cont="0"/>
    </junction>
    <junction id="3740792311" type="dead_end" x="124.77" y="475.02" incLanes="370372758_0 370372741_0 370372741_1 370372741_2" intLanes="" shape="146.10,453.74 148.40,455.99 148.53,456.19 153.23,464.57 133.87,475.01 121.78,480.55 116.96,481.19 119.40,476.94 129.11,467.79"/>
    <junction id="4747621401" type="priority" x="431.07" y="61.61" incLanes="44839318_0" intLanes=":4747621401_0_0 :4747621401_0_1" shape="434.60,65.31 428.22,65.85 428.38,62.84 428.69,61.79 429.00,60.74 429.22,59.47 429.23,57.73 432.43,57.54 433.02,60.45 433.47,61.43 433.94,62.40 434.33,63.62">
        <request index="0" response="00" foes="00" cont="0"/>
        <request index="1" response="00" foes="00" cont="0"/>
    </junction>
    <junction id="5278684633" type="dead_end" x="928.75" y="229.48" incLanes="" intLanes="" shape="928.25,234.25 929.25,224.71"/>
    <junction id="5449676533" type="dead_end" x="884.86" y="214.03" incLanes="" intLanes="" shape="884.27,217.18 885.45,210.88"/>
    <junction id="568352233" type="dead_end" x="446.76" y="0.00" incLanes="370372737_0 22892486_0 22892486_1" intLanes="" shape="454.66,27.60 451.55,28.32 444.97,28.14"/>
    <junction id="6596259373" type="dead_end" x="195.59" y="498.34" incLanes="" intLanes="" shape="194.70,497.01 196.48,499.67"/>
    <junction id="6928034112" type="dead_end" x="438.13" y="58.84" incLanes="" intLanes="" shape="441.30,58.41 434.96,59.27"/>
    <junction id="6931272417" type="dead_end" x="50.61" y="483.25" incLanes="44819828_0 44819828_1" intLanes="" shape="50.09,480.09 51.13,486.41"/>

    <connection from="173767781" to="370372740" fromLane="0" toLane="1" via=":139694017_0_0" dir="s" state="M"/>
    <connection from="173767781" to="370372740" fromLane="1" toLane="2" via=":139694017_0_1" dir="s" state="M"/>
    <connection from="173767781" to="370372740" fromLane="2" toLane="3" via=":139694017_0_2" dir="s" state="M"/>
    <connection from="173767982" to="370372740" fromLane="0" toLane="0" via=":139694017_3_0" dir="s" state="M"/>
    <connection from="370372735" to="44829771" fromLane="0" toLane="1" via=":3740792306_1_0" dir="s" state="M"/>
    <connection from="370372738" to="44819828" fromLane="0" toLane="0" via=":1492179285_0_0" dir="s" state="M"/>
    <connection from="370372739" to="44819828" fromLane="0" toLane="1" via=":1492179285_1_0" dir="s" state="M"/>
    <connection from="44829771" to="22892486" fromLane="0" toLane="0" via=":246294007_0_0" dir="s" state="M"/>
    <connection from="44829771" to="22892486" fromLane="1" toLane="1" via=":246294007_0_1" dir="s" state="M"/>
    <connection from="44829774" to="740317929" fromLane="0" toLane="0" via=":3740791407_0_0" dir="s" state="M"/>
    <connection from="44829774" to="740317929" fromLane="1" toLane="1" via=":3740791407_0_1" dir="s" state="M"/>
    <connection from="44839318" to="481863680" fromLane="0" toLane="0" via=":4747621401_0_0" dir="s" state="M"/>
    <connection from="44839318" to="481863680" fromLane="0" toLane="1" via=":4747621401_0_1" dir="s" state="M"/>
    <connection from="481863680" to="370372738" fromLane="0" toLane="0" via=":3740792274_0_0" dir="s" state="M"/>
    <connection from="481863680" to="370372758" fromLane="1" toLane="0" via=":3740792274_1_0" dir="R" state="M"/>
    <connection from="702425183" to="44829771" fromLane="0" toLane="0" via=":3740792306_0_0" dir="s" state="M"/>
    <connection from="740317929" to="370372737" fromLane="0" toLane="0" via=":1492179247_0_0" dir="s" state="M"/>
    <connection from="740317929" to="370372739" fromLane="1" toLane="0" via=":1492179247_1_0" dir="s" state="M"/>

    <connection from=":139694017_0" to="370372740" fromLane="0" toLane="1" dir="s" state="M"/>
    <connection from=":139694017_0" to="370372740" fromLane="1" toLane="2" dir="s" state="M"/>
    <connection from=":139694017_0" to="370372740" fromLane="2" toLane="3" dir="s" state="M"/>
    <connection from=":139694017_3" to="370372740" fromLane="0" toLane="0" dir="s" state="M"/>
    <connection from=":1492179247_0" to="370372737" fromLane="0" toLane="0" dir="s" state="M"/>
    <connection from=":1492179247_1" to="370372739" fromLane="0" toLane="0" dir="s" state="M"/>
    <connection from=":1492179285_0" to="44819828" fromLane="0" toLane="0" dir="s" state="M"/>
    <connection from=":1492179285_1" to="44819828" fromLane="0" toLane="1" dir="s" state="M"/>
    <connection from=":246294007_0" to="22892486" fromLane="0" toLane="0" dir="s" state="M"/>
    <connection from=":246294007_0" to="22892486" fromLane="1" toLane="1" dir="s" state="M"/>
    <connection from=":3740791407_0" to="740317929" fromLane="0" toLane="0" dir="s" state="M"/>
    <connection from=":3740791407_0" to="740317929" fromLane="1" toLane="1" dir="s" state="M"/>
    <connection from=":3740792274_0" to="370372738" fromLane="0" toLane="0" dir="s" state="M"/>
    <connection from=":3740792274_1" to="370372758" fromLane="0" toLane="0" dir="R" state="M"/>
    <connection from=":3740792306_0" to="44829771" fromLane="0" toLane="0" dir="s" state="M"/>
    <connection from=":3740792306_1" to="44829771" fromLane="0" toLane="1" dir="s" state="M"/>
    <connection from=":4747621401_0" to="481863680" fromLane="0" toLane="0" dir="s" state="M"/>
    <connection from=":4747621401_0" to="481863680" fromLane="1" toLane="1" dir="s" state="M"/>

</net>
