<?xml version="1.0" encoding="UTF-8"?>

<!-- generated on 2023-07-14 10:55:18 by Eclipse SUMO netconvert Version 1.17.0
<configuration xmlns:xsi="http://www.w3.org/2001/XMLSchema-instance" xsi:noNamespaceSchemaLocation="http://sumo.dlr.de/xsd/netconvertConfiguration.xsd">

    <input>
        <sumo-net-file value="osm.net.xml.gz"/>
    </input>

    <output>
        <output-file value="osm.net.xml"/>
        <output.street-names value="true"/>
    </output>

    <processing>
        <geometry.min-radius.fix.railways value="false"/>
        <geometry.max-grade.fix value="false"/>
        <offset.disable-normalization value="true"/>
        <lefthand value="1"/>
    </processing>

    <junctions>
        <no-turnarounds value="true"/>
        <junctions.corner-detail value="5"/>
        <junctions.limit-turn-speed value="5.50"/>
        <rectangular-lane-cut value="0"/>
    </junctions>

    <pedestrian>
        <walkingareas value="0"/>
    </pedestrian>

</configuration>
-->

<net version="1.16" junctionCornerDetail="5" lefthand="true" limitTurnSpeed="5.50" xmlns:xsi="http://www.w3.org/2001/XMLSchema-instance" xsi:noNamespaceSchemaLocation="http://sumo.dlr.de/xsd/net_file.xsd">

    <location netOffset="-361568.95,-155793.41" convBoundary="0.00,0.00,269.26,416.39" origBoundary="103.755679,1.409175,103.758098,1.412941" projParameter="+proj=utm +zone=48 +ellps=WGS84 +datum=WGS84 +units=m +no_defs"/>

    <type id="highway.bridleway" priority="1" numLanes="1" speed="2.78" allow="pedestrian" oneway="1" width="2.00"/>
    <type id="highway.bus_guideway" priority="1" numLanes="1" speed="27.78" allow="bus" oneway="1"/>
    <type id="highway.cycleway" priority="1" numLanes="1" speed="5.56" allow="bicycle" oneway="0" width="1.00"/>
    <type id="highway.footway" priority="1" numLanes="1" speed="2.78" allow="pedestrian" oneway="1" width="2.00"/>
    <type id="highway.ford" priority="1" numLanes="1" speed="2.78" allow="army" oneway="0"/>
    <type id="highway.living_street" priority="2" numLanes="1" speed="2.78" disallow="tram rail_urban rail rail_electric rail_fast ship" oneway="0"/>
    <type id="highway.motorway" priority="14" numLanes="2" speed="39.44" allow="private emergency authority army vip passenger hov taxi bus coach delivery truck trailer motorcycle evehicle custom1 custom2" oneway="1"/>
    <type id="highway.motorway_link" priority="9" numLanes="1" speed="22.22" allow="private emergency authority army vip passenger hov taxi bus coach delivery truck trailer motorcycle evehicle custom1 custom2" oneway="1"/>
    <type id="highway.path" priority="1" numLanes="1" speed="5.56" allow="pedestrian bicycle" oneway="0" width="2.00"/>
    <type id="highway.pedestrian" priority="1" numLanes="1" speed="2.78" allow="pedestrian" oneway="1" width="2.00"/>
    <type id="highway.primary" priority="12" numLanes="2" speed="27.78" disallow="tram rail_urban rail rail_electric rail_fast ship" oneway="0"/>
    <type id="highway.primary_link" priority="7" numLanes="1" speed="22.22" disallow="tram rail_urban rail rail_electric rail_fast ship" oneway="0"/>
    <type id="highway.raceway" priority="15" numLanes="2" speed="83.33" allow="vip" oneway="0"/>
    <type id="highway.residential" priority="3" numLanes="1" speed="13.89" disallow="tram rail_urban rail rail_electric rail_fast ship" oneway="0"/>
    <type id="highway.secondary" priority="11" numLanes="1" speed="27.78" disallow="tram rail_urban rail rail_electric rail_fast ship" oneway="0"/>
    <type id="highway.secondary_link" priority="6" numLanes="1" speed="22.22" disallow="tram rail_urban rail rail_electric rail_fast ship" oneway="0"/>
    <type id="highway.service" priority="1" numLanes="1" speed="5.56" allow="pedestrian delivery bicycle" oneway="0"/>
    <type id="highway.stairs" priority="1" numLanes="1" speed="1.39" allow="pedestrian" oneway="1" width="2.00"/>
    <type id="highway.step" priority="1" numLanes="1" speed="1.39" allow="pedestrian" oneway="1" width="2.00"/>
    <type id="highway.steps" priority="1" numLanes="1" speed="1.39" allow="pedestrian" oneway="1" width="2.00"/>
    <type id="highway.tertiary" priority="10" numLanes="1" speed="22.22" disallow="tram rail_urban rail rail_electric rail_fast ship" oneway="0"/>
    <type id="highway.tertiary_link" priority="5" numLanes="1" speed="22.22" disallow="tram rail_urban rail rail_electric rail_fast ship" oneway="0"/>
    <type id="highway.track" priority="1" numLanes="1" speed="5.56" allow="pedestrian motorcycle moped bicycle" oneway="0"/>
    <type id="highway.trunk" priority="13" numLanes="2" speed="27.78" disallow="pedestrian bicycle tram rail_urban rail rail_electric rail_fast ship" oneway="0"/>
    <type id="highway.trunk_link" priority="8" numLanes="1" speed="22.22" disallow="pedestrian bicycle tram rail_urban rail rail_electric rail_fast ship" oneway="0"/>
    <type id="highway.unclassified" priority="4" numLanes="1" speed="13.89" disallow="tram rail_urban rail rail_electric rail_fast ship" oneway="0"/>
    <type id="highway.unsurfaced" priority="1" numLanes="1" speed="8.33" disallow="tram rail_urban rail rail_electric rail_fast ship" oneway="0"/>
    <type id="railway.highspeed" priority="21" numLanes="1" speed="69.44" allow="rail_fast" oneway="1"/>
    <type id="railway.light_rail" priority="19" numLanes="1" speed="27.78" allow="rail_urban" oneway="1"/>
    <type id="railway.preserved" priority="16" numLanes="1" speed="27.78" allow="rail" oneway="1"/>
    <type id="railway.rail" priority="20" numLanes="1" speed="44.44" allow="rail" oneway="1"/>
    <type id="railway.subway" priority="18" numLanes="1" speed="27.78" allow="rail_urban" oneway="1"/>
    <type id="railway.tram" priority="17" numLanes="1" speed="13.89" allow="tram" oneway="1"/>

    <edge id=":1867272410_0" function="internal">
        <lane id=":1867272410_0_0" index="0" disallow="tram rail_urban rail rail_electric rail_fast ship" speed="16.66" length="9.34" shape="68.04,270.66 70.77,270.14 72.65,269.72 74.53,269.54 77.27,269.76"/>
    </edge>
    <edge id=":1867272410_1" function="internal">
        <lane id=":1867272410_1_0" index="0" disallow="pedestrian tram rail_urban rail rail_electric rail_fast ship" speed="19.44" length="9.78" shape="67.99,267.09 70.86,267.17 72.84,266.82 74.82,266.48 77.69,266.58"/>
        <lane id=":1867272410_1_1" index="1" disallow="pedestrian tram rail_urban rail rail_electric rail_fast ship" speed="19.44" length="9.78" shape="68.38,263.91 71.26,263.99 73.25,263.64 75.23,263.30 78.11,263.41"/>
    </edge>
    <edge id=":1867527388_0" function="internal">
        <lane id=":1867527388_0_0" index="0" disallow="tram rail_urban rail rail_electric rail_fast ship" speed="15.28" length="8.33" shape="25.75,206.23 25.31,203.95 25.79,202.31 26.50,200.61 26.73,198.17"/>
    </edge>
    <edge id=":1867527388_1" function="internal">
        <lane id=":1867527388_1_0" index="0" disallow="tram rail_urban rail rail_electric rail_fast ship" speed="16.67" length="7.99" shape="27.25,206.10 26.73,198.17"/>
        <lane id=":1867527388_1_1" index="1" disallow="tram rail_urban rail rail_electric rail_fast ship" speed="16.67" length="7.99" shape="24.06,206.39 23.54,198.42"/>
        <lane id=":1867527388_1_2" index="2" disallow="tram rail_urban rail rail_electric rail_fast ship" speed="16.67" length="7.99" shape="20.87,206.68 20.35,198.67"/>
    </edge>
    <edge id=":1884168718_0" function="internal">
        <lane id=":1884168718_0_0" index="0" disallow="pedestrian tram rail_urban rail rail_electric rail_fast ship" speed="14.71" length="24.38" shape="35.70,248.67 30.56,250.07 25.72,252.99 21.18,257.42 16.94,263.37"/>
        <lane id=":1884168718_0_1" index="1" disallow="pedestrian tram rail_urban rail rail_electric rail_fast ship" speed="14.56" length="24.38" shape="37.60,251.66 32.49,253.03 27.70,255.87 23.25,260.17 19.13,265.93"/>
    </edge>
    <edge id=":1884168718_2" function="internal">
        <lane id=":1884168718_2_0" index="0" disallow="pedestrian tram rail_urban rail rail_electric rail_fast ship" speed="5.33" length="11.29" shape="37.60,251.66 35.23,253.04 34.72,255.62 35.89,258.23 38.55,259.74"/>
    </edge>
    <edge id=":1884168718_3" function="internal">
        <lane id=":1884168718_3_0" index="0" disallow="tram rail_urban rail rail_electric rail_fast ship" speed="16.67" length="23.80" shape="30.73,267.69 29.23,243.78"/>
        <lane id=":1884168718_3_1" index="1" disallow="tram rail_urban rail rail_electric rail_fast ship" speed="16.67" length="23.80" shape="27.53,267.81 26.04,244.06"/>
        <lane id=":1884168718_3_2" index="2" disallow="tram rail_urban rail rail_electric rail_fast ship" speed="16.67" length="23.80" shape="24.34,267.94 22.85,244.33"/>
    </edge>
    <edge id=":1884168718_6" function="internal">
        <lane id=":1884168718_6_0" index="0" disallow="pedestrian tram rail_urban rail rail_electric rail_fast ship" speed="5.55" length="11.03" shape="24.34,267.94 23.87,264.10 22.84,262.48 21.26,263.09 19.13,265.93"/>
    </edge>
    <edge id=":1884168718_7" function="internal">
        <lane id=":1884168718_7_0" index="0" disallow="pedestrian tram rail_urban rail rail_electric rail_fast ship" speed="8.42" length="14.57" shape="16.09,250.29 18.40,252.83 19.32,255.85 18.83,259.37 16.94,263.37"/>
    </edge>
    <edge id=":1884168718_8" function="internal">
        <lane id=":1884168718_8_0" index="0" disallow="pedestrian tram rail_urban rail rail_electric rail_fast ship" speed="19.44" length="24.71" shape="16.09,250.29 21.28,254.54 25.70,258.11 30.46,260.87 36.73,262.67"/>
        <lane id=":1884168718_8_1" index="1" disallow="pedestrian tram rail_urban rail rail_electric rail_fast ship" speed="14.79" length="24.71" shape="17.69,247.49 20.93,251.83 25.49,255.32 31.36,257.96 38.55,259.74"/>
    </edge>
    <edge id=":1884168718_10" function="internal">
        <lane id=":1884168718_10_0" index="0" disallow="pedestrian tram rail_urban rail rail_electric rail_fast ship" speed="5.66" length="12.41" shape="17.69,247.49 20.06,249.51 22.93,249.30 25.26,247.32 26.04,244.06"/>
        <lane id=":1884168718_10_1" index="1" disallow="pedestrian tram rail_urban rail rail_electric rail_fast ship" speed="6.25" length="15.57" shape="17.69,247.49 20.44,251.77 22.22,252.68 23.03,250.20 22.85,244.33"/>
    </edge>
    <edge id=":236725746_0" function="internal">
        <lane id=":236725746_0_0" index="0" disallow="tram rail_urban rail rail_electric rail_fast ship" speed="16.67" length="4.92" shape="-1.34,151.51 -1.28,152.97 -1.30,153.97 -1.37,154.97 -1.48,156.42"/>
        <lane id=":236725746_0_1" index="1" disallow="tram rail_urban rail rail_electric rail_fast ship" speed="16.67" length="5.31" shape="1.86,151.35 1.92,152.92 1.90,154.00 1.83,155.07 1.71,156.64"/>
    </edge>
    <edge id=":236725746_2" function="internal">
        <lane id=":236725746_2_0" index="0" disallow="pedestrian tram rail_urban rail rail_electric rail_fast ship" speed="18.05" length="7.95" shape="5.05,151.18 5.58,159.28"/>
        <lane id=":236725746_2_1" index="1" disallow="pedestrian tram rail_urban rail rail_electric rail_fast ship" speed="18.05" length="7.95" shape="8.25,151.01 8.75,158.78"/>
    </edge>
    <edge id=":244170103_0" function="internal">
        <lane id=":244170103_0_0" index="0" disallow="tram rail_urban rail rail_electric rail_fast ship" speed="16.66" length="6.93" shape="54.11,247.07 52.10,246.77 50.77,246.33 49.49,245.68 47.66,244.75"/>
    </edge>
    <edge id=":244170103_1" function="internal">
        <lane id=":244170103_1_0" index="0" disallow="pedestrian tram rail_urban rail rail_electric rail_fast ship" speed="19.44" length="7.26" shape="53.80,250.26 51.69,249.86 50.31,249.29 48.92,248.73 46.81,248.36"/>
        <lane id=":244170103_1_1" index="1" disallow="pedestrian tram rail_urban rail rail_electric rail_fast ship" speed="19.44" length="7.26" shape="53.49,253.46 51.40,253.06 50.02,252.48 48.64,251.92 46.54,251.55"/>
    </edge>
    <edge id=":4604203477_0" function="internal">
        <lane id=":4604203477_0_0" index="0" disallow="tram rail_urban rail rail_electric rail_fast ship" speed="16.67" length="8.20" shape="18.77,130.77 18.89,128.36 19.35,126.73 19.80,125.10 19.90,122.69"/>
        <lane id=":4604203477_0_1" index="1" disallow="tram rail_urban rail rail_electric rail_fast ship" speed="16.67" length="8.20" shape="15.58,130.94 15.70,128.54 16.16,126.92 16.61,125.29 16.71,122.89"/>
    </edge>
    <edge id=":4604203486_0" function="internal">
        <lane id=":4604203486_0_0" index="0" disallow="tram rail_urban rail rail_electric rail_fast ship" speed="16.67" length="8.79" shape="13.60,365.62 13.28,368.08 12.28,369.66 11.25,371.24 10.84,373.71"/>
        <lane id=":4604203486_0_1" index="1" disallow="tram rail_urban rail rail_electric rail_fast ship" speed="16.67" length="8.79" shape="16.79,365.38 16.48,367.88 15.48,369.48 14.45,371.09 14.04,373.59"/>
    </edge>
    <edge id=":4604205289_0" function="internal">
        <lane id=":4604205289_0_0" index="0" disallow="tram rail_urban rail rail_electric rail_fast ship" speed="16.67" length="8.07" shape="-1.58,112.27 -1.84,114.69 -2.37,116.32 -2.86,117.95 -2.99,120.37"/>
        <lane id=":4604205289_0_1" index="1" disallow="tram rail_urban rail rail_electric rail_fast ship" speed="16.67" length="8.07" shape="-1.58,112.27 -1.34,114.65 -0.77,116.23 -0.16,117.82 0.21,120.20"/>
        <lane id=":4604205289_0_2" index="2" disallow="tram rail_urban rail rail_electric rail_fast ship" speed="16.67" length="8.07" shape="1.62,112.28 1.86,114.61 2.43,116.16 3.03,117.70 3.40,120.03"/>
        <lane id=":4604205289_0_3" index="3" disallow="tram rail_urban rail rail_electric rail_fast ship" speed="16.67" length="8.07" shape="4.82,112.30 5.06,114.57 5.63,116.08 6.23,117.59 6.60,119.86"/>
    </edge>
    <edge id=":4604216181_0" function="internal">
        <lane id=":4604216181_0_0" index="0" disallow="tram rail_urban rail rail_electric rail_fast ship" speed="13.89" length="14.99" shape="47.47,244.66 44.28,242.74 41.47,240.30 38.97,237.47 36.77,234.42"/>
    </edge>
    <edge id=":4604216181_1" function="internal">
        <lane id=":4604216181_1_0" index="0" disallow="tram rail_urban rail rail_electric rail_fast ship" speed="13.89" length="18.43" shape="47.47,244.66 43.62,242.73 39.31,240.29 35.22,237.56 32.05,234.73"/>
    </edge>
    <edge id=":4604216182_0" function="internal">
        <lane id=":4604216182_0_0" index="0" disallow="tram rail_urban rail rail_electric rail_fast ship" speed="14.35" length="6.45" shape="34.31,316.11 34.37,314.23 34.69,312.97 35.26,311.75 36.08,310.02"/>
    </edge>
    <edge id=":4604216182_1" function="internal">
        <lane id=":4604216182_1_0" index="0" disallow="tram rail_urban rail rail_electric rail_fast ship" speed="16.67" length="7.03" shape="31.11,316.21 31.28,314.15 31.75,312.77 32.21,311.38 32.36,309.32"/>
        <lane id=":4604216182_1_1" index="1" disallow="tram rail_urban rail rail_electric rail_fast ship" speed="16.67" length="7.03" shape="27.91,316.31 28.08,314.25 28.55,312.88 29.01,311.50 29.16,309.45"/>
        <lane id=":4604216182_1_2" index="2" disallow="tram rail_urban rail rail_electric rail_fast ship" speed="16.67" length="7.03" shape="24.71,316.40 24.88,314.36 25.35,312.99 25.81,311.61 25.97,309.57"/>
    </edge>
    <edge id=":4604218090_0" function="internal">
        <lane id=":4604218090_0_0" index="0" disallow="pedestrian tram rail_urban rail rail_electric rail_fast ship" speed="18.05" length="5.23" shape="9.34,286.67 9.08,288.29 8.92,289.41 8.87,290.54 8.92,292.18"/>
        <lane id=":4604218090_0_1" index="1" disallow="pedestrian tram rail_urban rail rail_electric rail_fast ship" speed="18.05" length="5.23" shape="12.50,287.13 12.27,288.57 12.13,289.56 12.07,290.56 12.11,292.02"/>
    </edge>
    <edge id=":4604218090_2" function="internal">
        <lane id=":4604218090_2_0" index="0" disallow="tram rail_urban rail rail_electric rail_fast ship" speed="16.67" length="8.72" shape="2.09,284.03 2.53,292.51"/>
        <lane id=":4604218090_2_1" index="1" disallow="tram rail_urban rail rail_electric rail_fast ship" speed="16.67" length="8.72" shape="5.27,283.39 5.72,292.34"/>
    </edge>
    <edge id=":4745180248_0" function="internal">
        <lane id=":4745180248_0_0" index="0" disallow="tram rail_urban rail rail_electric rail_fast ship" speed="16.67" length="7.60" shape="34.68,330.99 34.52,323.16"/>
        <lane id=":4745180248_0_1" index="1" disallow="tram rail_urban rail rail_electric rail_fast ship" speed="16.67" length="7.60" shape="31.48,331.01 31.32,323.33"/>
        <lane id=":4745180248_0_2" index="2" disallow="tram rail_urban rail rail_electric rail_fast ship" speed="16.67" length="7.60" shape="28.28,331.02 28.12,323.49"/>
        <lane id=":4745180248_0_3" index="3" disallow="tram rail_urban rail rail_electric rail_fast ship" speed="16.67" length="7.60" shape="25.08,331.03 24.93,323.66"/>
    </edge>
    <edge id=":4745180248_4" function="internal">
        <lane id=":4745180248_4_0" index="0" disallow="pedestrian tram rail_urban rail rail_electric rail_fast ship" speed="15.28" length="8.60" shape="25.08,331.03 25.75,328.67 27.15,327.18 28.31,325.73 28.26,323.49"/>
    </edge>
    <edge id=":4745180254_0" function="internal">
        <lane id=":4745180254_0_0" index="0" disallow="pedestrian tram rail_urban rail rail_electric rail_fast ship" speed="6.89" length="8.16" shape="18.13,319.77 14.70,320.56 12.28,321.56 10.88,322.79 10.49,324.24"/>
        <lane id=":4745180254_0_1" index="1" disallow="pedestrian tram rail_urban rail rail_electric rail_fast ship" speed="5.94" length="8.16" shape="18.13,319.77 16.09,320.34 14.66,321.23 13.86,322.45 13.68,324.00"/>
    </edge>
    <edge id=":4745180254_2" function="internal">
        <lane id=":4745180254_2_0" index="0" disallow="tram rail_urban rail rail_electric rail_fast ship" speed="16.67" length="6.76" shape="3.82,317.85 4.11,324.72"/>
        <lane id=":4745180254_2_1" index="1" disallow="tram rail_urban rail rail_electric rail_fast ship" speed="16.67" length="6.76" shape="7.02,317.69 7.30,324.48"/>
        <lane id=":4745180254_2_2" index="2" disallow="tram rail_urban rail rail_electric rail_fast ship" speed="16.67" length="6.76" shape="10.21,317.52 10.49,324.24"/>
        <lane id=":4745180254_2_3" index="3" disallow="tram rail_urban rail rail_electric rail_fast ship" speed="16.67" length="6.76" shape="13.41,317.36 13.68,324.00"/>
    </edge>
    <edge id=":5278383732_0" function="internal">
        <lane id=":5278383732_0_0" index="0" disallow="tram rail_urban rail rail_electric rail_fast ship" speed="13.09" length="12.35" shape="31.92,234.58 29.99,232.06 28.96,229.71 28.49,226.94 28.24,223.15"/>
    </edge>
    <edge id=":5278383732_1" function="internal">
        <lane id=":5278383732_1_0" index="0" disallow="tram rail_urban rail rail_electric rail_fast ship" speed="16.67" length="16.21" shape="29.01,239.36 28.24,223.15"/>
        <lane id=":5278383732_1_1" index="1" disallow="tram rail_urban rail rail_electric rail_fast ship" speed="16.67" length="16.21" shape="25.81,239.52 25.04,223.33"/>
        <lane id=":5278383732_1_2" index="2" disallow="tram rail_urban rail rail_electric rail_fast ship" speed="16.67" length="16.21" shape="22.62,239.68 21.85,223.52"/>
    </edge>
    <edge id=":6783569750_0" function="internal">
        <lane id=":6783569750_0_0" index="0" disallow="tram rail_urban rail rail_electric rail_fast ship" speed="16.67" length="7.81" shape="32.89,366.21 33.33,363.84 33.97,362.27 34.55,360.70 34.79,358.32"/>
        <lane id=":6783569750_0_1" index="1" disallow="tram rail_urban rail rail_electric rail_fast ship" speed="16.67" length="7.81" shape="29.70,365.95 30.13,363.66 30.77,362.15 31.35,360.63 31.59,358.33"/>
        <lane id=":6783569750_0_2" index="2" disallow="tram rail_urban rail rail_electric rail_fast ship" speed="16.67" length="7.81" shape="26.51,365.69 26.94,363.48 27.57,362.02 28.15,360.56 28.39,358.34"/>
        <lane id=":6783569750_0_3" index="3" disallow="tram rail_urban rail rail_electric rail_fast ship" speed="16.67" length="7.81" shape="26.51,365.69 26.43,363.50 25.97,362.03 25.45,360.55 25.19,358.36"/>
    </edge>

    <edge id="175540497" from="1884168718" to="4604218090" priority="7" type="highway.primary_link" spreadType="center" shape="27.06,255.72 21.69,260.20 18.73,263.51 15.79,268.33 12.94,275.32 11.27,284.49 8.05,306.53">
        <lane id="175540497_0" index="0" disallow="pedestrian tram rail_urban rail rail_electric rail_fast ship" speed="19.44" length="23.61" shape="16.94,263.37 14.36,267.61 11.40,274.87 9.69,284.23 9.34,286.67">
            <param key="origId" value="175540497"/>
        </lane>
        <lane id="175540497_1" index="1" disallow="pedestrian tram rail_urban rail rail_electric rail_fast ship" speed="19.44" length="23.61" shape="19.13,265.93 17.22,269.05 14.48,275.77 12.85,284.75 12.50,287.13">
            <param key="origId" value="175540497"/>
        </lane>
    </edge>
    <edge id="176204600" from="4604203477" to="4740012417" name="Woodlands Road" priority="12" type="highway.primary" spreadType="center" shape="18.56,126.78 17.52,110.68 17.51,93.38 18.33,73.99 19.93,56.08 27.34,0.00">
        <lane id="176204600_0" index="0" disallow="tram rail_urban rail rail_electric rail_fast ship" speed="16.67" length="123.39" shape="19.90,122.69 19.12,110.63 19.11,93.41 19.93,74.10 21.52,56.26 28.93,0.21">
            <param key="origId" value="176204600"/>
        </lane>
        <lane id="176204600_1" index="1" disallow="tram rail_urban rail rail_electric rail_fast ship" speed="16.67" length="123.39" shape="16.71,122.89 15.92,110.73 15.91,93.35 16.73,73.88 18.34,55.90 25.75,-0.21">
            <param key="origId" value="176204600"/>
        </lane>
    </edge>
    <edge id="176204639" from="4604216182" to="1867272410" priority="7" type="highway.primary_link" spreadType="center" shape="29.76,324.65 38.95,303.38 42.34,292.80 46.80,284.38 53.47,276.38 58.93,273.45 66.14,270.95 86.95,267.81">
        <lane id="176204639_0" index="0" disallow="tram rail_urban rail rail_electric rail_fast ship" speed="13.89" length="54.03" shape="36.08,310.02 38.95,303.38 42.34,292.80 46.80,284.38 53.47,276.38 58.93,273.45 66.14,270.95 68.04,270.66">
            <param key="origId" value="176204639"/>
        </lane>
    </edge>
    <edge id="176204641#0" from="244170103" to="4604216181" priority="7" type="highway.primary_link" spreadType="center" shape="73.89,252.20 51.93,246.77 46.10,244.01">
        <lane id="176204641#0_0" index="0" disallow="tram rail_urban rail rail_electric rail_fast ship" speed="13.89" length="0.20" shape="47.66,244.75 47.47,244.66">
            <param key="origId" value="176204641"/>
        </lane>
    </edge>
    <edge id="176204641#1" from="4604216181" to="1867527388" priority="7" type="highway.primary_link" spreadType="center" shape="46.10,244.01 40.16,238.83 37.84,236.03 34.90,231.62 32.96,227.17 31.43,220.36 23.76,201.27">
        <lane id="176204641#1_0" index="0" disallow="tram rail_urban rail rail_electric rail_fast ship" speed="13.89" length="30.42" shape="36.77,234.42 34.90,231.62 32.96,227.17 31.43,220.36 25.75,206.23">
            <param key="origId" value="176204641"/>
        </lane>
    </edge>
    <edge id="22753980" from="236725746" to="1884168718" name="Woodlands Road" priority="7" type="highway.primary_link" spreadType="center" shape="2.16,126.79 7.09,158.06 13.17,239.89 14.21,244.42 16.38,248.50 22.66,253.28 27.06,255.72">
        <lane id="22753980_0" index="0" disallow="pedestrian tram rail_urban rail rail_electric rail_fast ship" speed="19.44" length="90.99" shape="5.58,159.28 11.58,240.13 12.70,244.98 15.13,249.56 16.09,250.29">
            <param key="origId" value="22753980"/>
        </lane>
        <lane id="22753980_1" index="1" disallow="pedestrian tram rail_urban rail rail_electric rail_fast ship" speed="19.44" length="90.99" shape="8.75,158.78 14.76,239.65 15.72,243.86 17.69,247.49">
            <param key="origId" value="22753980"/>
        </lane>
    </edge>
    <edge id="481077009" from="4604205289" to="236725746" name="Woodlands Road" priority="12" type="highway.primary" spreadType="center">
        <lane id="481077009_0" index="0" disallow="tram rail_urban rail rail_electric rail_fast ship" speed="16.67" length="31.19" shape="-2.99,120.37 -1.34,151.51">
            <param key="origId" value="481077009"/>
        </lane>
        <lane id="481077009_1" index="1" disallow="tram rail_urban rail rail_electric rail_fast ship" speed="16.67" length="31.19" shape="0.21,120.20 1.86,151.35">
            <param key="origId" value="481077009"/>
        </lane>
        <lane id="481077009_2" index="2" disallow="tram rail_urban rail rail_electric rail_fast ship" speed="16.67" length="31.19" shape="3.40,120.03 5.05,151.18">
            <param key="origId" value="481077009"/>
        </lane>
        <lane id="481077009_3" index="3" disallow="tram rail_urban rail rail_electric rail_fast ship" speed="16.67" length="31.19" shape="6.60,119.86 8.25,151.01">
            <param key="origId" value="481077009"/>
        </lane>
    </edge>
    <edge id="481604607" from="4745180248" to="4745180254" priority="7" type="highway.primary_link" spreadType="center" shape="29.87,328.31 27.98,322.66 24.15,319.23 20.51,319.36 15.91,320.15 12.45,322.04 9.11,327.26">
        <lane id="481604607_0" index="0" disallow="pedestrian tram rail_urban rail rail_electric rail_fast ship" speed="13.89" length="12.07" shape="28.26,323.49 27.98,322.66 24.15,319.23 20.51,319.36 18.13,319.77">
            <param key="origId" value="481604607"/>
        </lane>
    </edge>
    <edge id="539429910" from="4745180254" to="4604203486" name="Woodlands Road" priority="12" type="highway.primary" spreadType="center">
        <lane id="539429910_0" index="0" disallow="tram rail_urban rail rail_electric rail_fast ship" speed="16.67" length="41.50" shape="4.11,324.72 7.22,366.10">
            <param key="origId" value="539429910"/>
        </lane>
        <lane id="539429910_1" index="1" disallow="tram rail_urban rail rail_electric rail_fast ship" speed="16.67" length="41.50" shape="7.30,324.48 10.41,365.86">
            <param key="origId" value="539429910"/>
        </lane>
        <lane id="539429910_2" index="2" disallow="tram rail_urban rail rail_electric rail_fast ship" speed="16.67" length="41.50" shape="10.49,324.24 13.60,365.62">
            <param key="origId" value="539429910"/>
        </lane>
        <lane id="539429910_3" index="3" disallow="tram rail_urban rail rail_electric rail_fast ship" speed="16.67" length="41.50" shape="13.68,324.00 16.79,365.38">
            <param key="origId" value="539429910"/>
        </lane>
    </edge>
    <edge id="539429911" from="4745180248" to="4604216182" name="Woodlands Road" priority="12" type="highway.primary" spreadType="center">
        <lane id="539429911_0" index="0" disallow="tram rail_urban rail rail_electric rail_fast ship" speed="16.67" length="7.15" shape="34.52,323.16 34.31,316.11">
            <param key="origId" value="539429911"/>
        </lane>
        <lane id="539429911_1" index="1" disallow="tram rail_urban rail rail_electric rail_fast ship" speed="16.67" length="7.15" shape="31.32,323.33 31.11,316.21">
            <param key="origId" value="539429911"/>
        </lane>
        <lane id="539429911_2" index="2" disallow="tram rail_urban rail rail_electric rail_fast ship" speed="16.67" length="7.15" shape="28.12,323.49 27.91,316.31">
            <param key="origId" value="539429911"/>
        </lane>
        <lane id="539429911_3" index="3" disallow="tram rail_urban rail rail_electric rail_fast ship" speed="16.67" length="7.15" shape="24.93,323.66 24.71,316.40">
            <param key="origId" value="539429911"/>
        </lane>
    </edge>
    <edge id="539429912#0" from="1884168718" to="5278383732" name="Woodlands Road" priority="12" type="highway.primary" spreadType="center" shape="27.06,255.72 26.03,243.91 24.80,219.15">
        <lane id="539429912#0_0" index="0" disallow="tram rail_urban rail rail_electric rail_fast ship" speed="16.67" length="4.54" shape="29.23,243.78 29.01,239.36">
            <param key="origId" value="539429912"/>
        </lane>
        <lane id="539429912#0_1" index="1" disallow="tram rail_urban rail rail_electric rail_fast ship" speed="16.67" length="4.54" shape="26.04,244.06 26.03,243.91 25.81,239.52">
            <param key="origId" value="539429912"/>
        </lane>
        <lane id="539429912#0_2" index="2" disallow="tram rail_urban rail rail_electric rail_fast ship" speed="16.67" length="4.54" shape="22.85,244.33 22.84,244.13 22.62,239.68">
            <param key="origId" value="539429912"/>
        </lane>
    </edge>
    <edge id="539429912#1" from="5278383732" to="1867527388" name="Woodlands Road" priority="12" type="highway.primary" spreadType="center">
        <lane id="539429912#1_0" index="0" disallow="tram rail_urban rail rail_electric rail_fast ship" speed="16.67" length="16.97" shape="28.24,223.15 27.25,206.10">
            <param key="origId" value="539429912"/>
        </lane>
        <lane id="539429912#1_1" index="1" disallow="tram rail_urban rail rail_electric rail_fast ship" speed="16.67" length="16.97" shape="25.04,223.33 24.06,206.39">
            <param key="origId" value="539429912"/>
        </lane>
        <lane id="539429912#1_2" index="2" disallow="tram rail_urban rail rail_electric rail_fast ship" speed="16.67" length="16.97" shape="21.85,223.52 20.87,206.68">
            <param key="origId" value="539429912"/>
        </lane>
    </edge>
    <edge id="539429913" from="244170103" to="1884168718" priority="7" type="highway.primary_link" spreadType="center" shape="73.89,252.20 41.70,249.54 35.11,250.35 27.06,255.72">
        <lane id="539429913_0" index="0" disallow="pedestrian tram rail_urban rail rail_electric rail_fast ship" speed="19.44" length="10.08" shape="46.81,248.36 41.67,247.93 35.70,248.67">
            <param key="origId" value="539429913"/>
        </lane>
        <lane id="539429913_1" index="1" disallow="pedestrian tram rail_urban rail rail_electric rail_fast ship" speed="19.44" length="10.08" shape="46.54,251.55 41.73,251.15 37.60,251.66">
            <param key="origId" value="539429913"/>
        </lane>
    </edge>
    <edge id="539429914" from="1884168718" to="1867272410" priority="7" type="highway.primary_link" spreadType="center" shape="27.06,255.72 34.87,260.73 41.65,261.90 54.48,263.81 86.95,267.81">
        <lane id="539429914_0" index="0" disallow="pedestrian tram rail_urban rail rail_electric rail_fast ship" speed="19.44" length="30.85" shape="36.73,262.67 41.40,263.48 54.26,265.40 67.99,267.09">
            <param key="origId" value="539429914"/>
        </lane>
        <lane id="539429914_1" index="1" disallow="pedestrian tram rail_urban rail rail_electric rail_fast ship" speed="19.44" length="30.85" shape="38.55,259.74 41.90,260.32 54.70,262.22 68.38,263.91">
            <param key="origId" value="539429914"/>
        </lane>
    </edge>
    <edge id="546183809" from="4604216181" to="5278383732" priority="7" type="highway.primary_link" spreadType="center" shape="46.10,244.01 39.44,240.72 37.31,239.47 34.37,237.34 31.42,234.02 24.80,219.15">
        <lane id="546183809_0" index="0" disallow="tram rail_urban rail rail_electric rail_fast ship" speed="13.89" length="0.20" shape="32.05,234.73 31.92,234.58">
            <param key="origId" value="546183809"/>
        </lane>
    </edge>
    <edge id="642629215" from="1867272410" to="244169551" name="Mandai Road" priority="12" type="highway.primary" spreadType="center" shape="86.95,267.81 113.08,271.27 269.26,291.08">
        <lane id="642629215_0" index="0" disallow="tram rail_urban rail rail_electric rail_fast ship" speed="19.44" length="193.13" shape="77.27,269.76 112.67,274.44 268.86,294.25">
            <param key="origId" value="642629215"/>
        </lane>
        <lane id="642629215_1" index="1" disallow="tram rail_urban rail rail_electric rail_fast ship" speed="19.44" length="193.13" shape="77.69,266.58 113.08,271.27 269.26,291.08">
            <param key="origId" value="642629215"/>
        </lane>
        <lane id="642629215_2" index="2" disallow="tram rail_urban rail rail_electric rail_fast ship" speed="19.44" length="193.13" shape="78.11,263.41 113.49,268.10 269.66,287.91">
            <param key="origId" value="642629215"/>
        </lane>
    </edge>
    <edge id="642629216" from="2377899663" to="244170103" name="Mandai Road" priority="12" type="highway.primary" spreadType="center" shape="185.13,268.05 103.69,255.85 75.86,252.39 73.89,252.20">
        <lane id="642629216_0" index="0" disallow="tram rail_urban rail rail_electric rail_fast ship" speed="19.44" length="132.55" shape="185.60,264.89 104.12,252.68 76.25,249.21 54.11,247.07">
            <param key="origId" value="642629216 481060203"/>
        </lane>
        <lane id="642629216_1" index="1" disallow="tram rail_urban rail rail_electric rail_fast ship" speed="19.44" length="132.55" shape="185.13,268.05 103.69,255.85 75.86,252.39 53.80,250.26">
            <param key="origId" value="642629216 481060203"/>
        </lane>
        <lane id="642629216_2" index="2" disallow="tram rail_urban rail rail_electric rail_fast ship" speed="19.44" length="132.55" shape="184.66,271.21 103.26,259.02 75.47,255.57 53.49,253.46">
            <param key="origId" value="642629216 481060203"/>
        </lane>
    </edge>
    <edge id="652401368" from="236725746" to="4604218090" name="Woodlands Road" priority="12" type="highway.primary" spreadType="center" shape="2.16,126.79 0.00,158.18 0.77,189.56 2.12,245.80 2.33,252.48 3.75,285.36 8.05,306.53">
        <lane id="652401368_0" index="0" disallow="tram rail_urban rail rail_electric rail_fast ship" speed="16.67" length="127.24" shape="-1.48,156.42 -1.60,158.14 -0.83,189.60 0.52,245.84 0.73,252.54 2.09,284.03">
            <param key="origId" value="652401368 176204606"/>
        </lane>
        <lane id="652401368_1" index="1" disallow="tram rail_urban rail rail_electric rail_fast ship" speed="16.67" length="127.24" shape="1.71,156.64 1.60,158.22 2.37,189.52 3.72,245.76 3.93,252.42 5.27,283.39">
            <param key="origId" value="652401368 176204606"/>
        </lane>
    </edge>
    <edge id="655491775" from="4604216182" to="1884168718" name="Woodlands Road" priority="12" type="highway.primary" spreadType="center">
        <lane id="655491775_0" index="0" disallow="tram rail_urban rail rail_electric rail_fast ship" speed="16.67" length="41.67" shape="32.36,309.32 30.73,267.69">
            <param key="origId" value="655491775"/>
        </lane>
        <lane id="655491775_1" index="1" disallow="tram rail_urban rail rail_electric rail_fast ship" speed="16.67" length="41.67" shape="29.16,309.45 27.53,267.81">
            <param key="origId" value="655491775"/>
        </lane>
        <lane id="655491775_2" index="2" disallow="tram rail_urban rail rail_electric rail_fast ship" speed="16.67" length="41.67" shape="25.97,309.57 24.34,267.94">
            <param key="origId" value="655491775"/>
        </lane>
    </edge>
    <edge id="723230935" from="6783569750" to="4745180248" name="Woodlands Road" priority="12" type="highway.primary" spreadType="center">
        <lane id="723230935_0" index="0" disallow="tram rail_urban rail rail_electric rail_fast ship" speed="16.67" length="27.33" shape="34.79,358.32 34.68,330.99">
            <param key="origId" value="723230935"/>
        </lane>
        <lane id="723230935_1" index="1" disallow="tram rail_urban rail rail_electric rail_fast ship" speed="16.67" length="27.33" shape="31.59,358.33 31.48,331.01">
            <param key="origId" value="723230935"/>
        </lane>
        <lane id="723230935_2" index="2" disallow="tram rail_urban rail rail_electric rail_fast ship" speed="16.67" length="27.33" shape="28.39,358.34 28.28,331.02">
            <param key="origId" value="723230935"/>
        </lane>
        <lane id="723230935_3" index="3" disallow="tram rail_urban rail rail_electric rail_fast ship" speed="16.67" length="27.33" shape="25.19,358.36 25.08,331.03">
            <param key="origId" value="723230935"/>
        </lane>
    </edge>
    <edge id="723230936" from="4604203479" to="6783569750" name="Woodlands Road" priority="12" type="highway.primary" spreadType="center">
        <lane id="723230936_0" index="0" disallow="tram rail_urban rail rail_electric rail_fast ship" speed="16.67" length="18.91" shape="31.33,385.06 32.89,366.21">
            <param key="origId" value="723230936"/>
        </lane>
        <lane id="723230936_1" index="1" disallow="tram rail_urban rail rail_electric rail_fast ship" speed="16.67" length="18.91" shape="28.14,384.80 29.70,365.95">
            <param key="origId" value="723230936"/>
        </lane>
        <lane id="723230936_2" index="2" disallow="tram rail_urban rail rail_electric rail_fast ship" speed="16.67" length="18.91" shape="24.95,384.54 26.51,365.69">
            <param key="origId" value="723230936"/>
        </lane>
    </edge>
    <edge id="723396470" from="4604203486" to="2660703343" name="Woodlands Road" priority="12" type="highway.primary" spreadType="center" shape="12.30,369.69 13.14,392.84 12.84,414.74 12.82,416.39">
        <lane id="723396470_0" index="0" disallow="tram rail_urban rail rail_electric rail_fast ship" speed="16.67" length="42.75" shape="10.84,373.71 11.54,392.86 11.24,414.72 11.22,416.37">
            <param key="origId" value="723396470"/>
        </lane>
        <lane id="723396470_1" index="1" disallow="tram rail_urban rail rail_electric rail_fast ship" speed="16.67" length="42.75" shape="14.04,373.59 14.74,392.82 14.44,414.76 14.42,416.41">
            <param key="origId" value="723396470"/>
        </lane>
    </edge>
    <edge id="723396471" from="4604218090" to="4745180254" name="Woodlands Road" priority="12" type="highway.primary" spreadType="center">
        <lane id="723396471_0" index="0" disallow="tram rail_urban rail rail_electric rail_fast ship" speed="16.67" length="25.38" shape="2.53,292.51 3.82,317.85">
            <param key="origId" value="723396471"/>
        </lane>
        <lane id="723396471_1" index="1" disallow="tram rail_urban rail rail_electric rail_fast ship" speed="16.67" length="25.38" shape="5.72,292.34 7.02,317.69">
            <param key="origId" value="723396471"/>
        </lane>
        <lane id="723396471_2" index="2" disallow="tram rail_urban rail rail_electric rail_fast ship" speed="16.67" length="25.38" shape="8.92,292.18 10.21,317.52">
            <param key="origId" value="723396471"/>
        </lane>
        <lane id="723396471_3" index="3" disallow="tram rail_urban rail rail_electric rail_fast ship" speed="16.67" length="25.38" shape="12.11,292.02 13.41,317.36">
            <param key="origId" value="723396471"/>
        </lane>
    </edge>
    <edge id="723396472" from="4604205291" to="4604205289" name="Woodlands Road" priority="12" type="highway.primary" spreadType="center" shape="3.72,70.00 1.70,93.81 1.60,116.20">
        <lane id="723396472_0" index="0" disallow="tram rail_urban rail rail_electric rail_fast ship" speed="16.67" length="42.37" shape="0.53,69.73 -1.50,93.67 -1.58,112.27">
            <param key="origId" value="723396472"/>
        </lane>
        <lane id="723396472_1" index="1" disallow="tram rail_urban rail rail_electric rail_fast ship" speed="16.67" length="42.37" shape="3.72,70.00 1.70,93.81 1.62,112.28">
            <param key="origId" value="723396472"/>
        </lane>
        <lane id="723396472_2" index="2" disallow="tram rail_urban rail rail_electric rail_fast ship" speed="16.67" length="42.37" shape="6.91,70.27 4.90,93.95 4.82,112.30">
            <param key="origId" value="723396472"/>
        </lane>
    </edge>
    <edge id="723396473" from="1867527388" to="4604203477" name="Woodlands Road" priority="12" type="highway.primary" spreadType="center" shape="23.76,201.27 19.89,151.57 18.56,126.78">
        <lane id="723396473_0" index="0" disallow="tram rail_urban rail rail_electric rail_fast ship" speed="16.67" length="67.82" shape="26.73,198.17 23.08,151.36 21.97,130.60">
            <param key="origId" value="723396473"/>
        </lane>
        <lane id="723396473_1" index="1" disallow="tram rail_urban rail rail_electric rail_fast ship" speed="16.67" length="67.82" shape="23.54,198.42 19.89,151.57 18.77,130.77">
            <param key="origId" value="723396473"/>
        </lane>
        <lane id="723396473_2" index="2" disallow="tram rail_urban rail rail_electric rail_fast ship" speed="16.67" length="67.82" shape="20.35,198.67 16.70,151.78 15.58,130.94">
            <param key="origId" value="723396473"/>
        </lane>
    </edge>

    <tlLogic id="1884168718" type="actuated" programID="0" offset="0">
        <phase duration="25" state="GGGrrrrrrrGG" minDur="8" maxDur="50"/>
        <phase duration="5"  state="yyyrrrrrrryy"/>
        <phase duration="25" state="rrGGGGGrrrrr" minDur="7" maxDur="50"/>
        <phase duration="5"  state="rryyyyyrrrrr"/>
        <phase duration="25" state="rrrrrrrGGGGG" minDur="8" maxDur="50"/>
        <phase duration="5"  state="rrrrrrryyyyy"/>
    </tlLogic>

    <junction id="1867272410" type="priority" x="86.95" y="267.81" incLanes="176204639_0 539429914_0 539429914_1" intLanes=":1867272410_0_0 :1867272410_1_0 :1867272410_1_1" shape="78.32,261.83 77.06,271.34 73.81,271.17 72.66,271.33 71.52,271.59 70.14,271.91 68.28,272.25 67.80,269.08 67.79,268.67 68.58,262.32 70.64,262.45 72.18,262.32 73.45,262.06 74.72,261.80 76.25,261.68">
        <request index="0" response="000" foes="000" cont="0"/>
        <request index="1" response="000" foes="000" cont="0"/>
        <request index="2" response="000" foes="000" cont="0"/>
    </junction>
    <junction id="1867527388" type="priority" x="23.76" y="201.27" incLanes="176204641#1_0 539429912#1_0 539429912#1_1 539429912#1_2" intLanes=":1867527388_0_0 :1867527388_1_0 :1867527388_1_1 :1867527388_1_2" shape="27.42,206.08 19.28,206.83 18.75,198.79 28.32,198.04 27.89,201.09 27.42,202.17 27.05,203.23 26.98,204.46">
        <request index="0" response="1110" foes="1110" cont="0"/>
        <request index="1" response="0000" foes="0001" cont="0"/>
        <request index="2" response="0000" foes="0001" cont="0"/>
        <request index="3" response="0000" foes="0001" cont="0"/>
    </junction>
    <junction id="1884168718" type="traffic_light" x="27.06" y="255.72" incLanes="539429913_0 539429913_1 655491775_0 655491775_1 655491775_2 22753980_0 22753980_1" intLanes=":1884168718_0_0 :1884168718_0_1 :1884168718_2_0 :1884168718_3_0 :1884168718_3_1 :1884168718_3_2 :1884168718_6_0 :1884168718_7_0 :1884168718_8_0 :1884168718_8_1 :1884168718_10_0 :1884168718_10_1" shape="34.75,247.17 38.55,253.15 39.46,258.27 35.82,264.14 33.81,264.25 33.12,264.70 32.65,265.41 32.38,266.39 32.33,267.63 22.74,268.00 20.22,267.21 15.85,262.08 16.99,259.91 17.63,257.90 17.79,256.08 17.44,254.44 16.61,252.97 15.29,251.69 18.61,245.88 21.26,244.47 30.82,243.64 31.35,245.78 31.90,246.50 32.66,246.98 33.61,247.20">
        <request index="0"  response="001101111000" foes="001111111000" cont="0"/>
        <request index="1"  response="001101111000" foes="001111111000" cont="0"/>
        <request index="2"  response="001100000000" foes="001100000000" cont="0"/>
        <request index="3"  response="000000000000" foes="111100000011" cont="0"/>
        <request index="4"  response="000000000000" foes="111100000011" cont="0"/>
        <request index="5"  response="000000000000" foes="111100000011" cont="0"/>
        <request index="6"  response="000000000000" foes="000000000011" cont="0"/>
        <request index="7"  response="000000000011" foes="000000000011" cont="0"/>
        <request index="8"  response="000000111000" foes="000000111111" cont="0"/>
        <request index="9"  response="000000111000" foes="000000111111" cont="0"/>
        <request index="10" response="000000111000" foes="000000111000" cont="0"/>
        <request index="11" response="000000111000" foes="000000111000" cont="0"/>
    </junction>
    <junction id="236725746" type="priority" x="2.16" y="126.79" incLanes="481077009_0 481077009_1 481077009_2 481077009_3" intLanes=":236725746_0_0 :236725746_0_1 :236725746_2_0 :236725746_2_1" shape="10.33,158.53 3.99,159.53 3.71,156.50 3.59,155.78 3.48,155.58 3.39,155.90 3.31,156.75 -3.08,156.31 -2.94,154.57 -2.90,153.96 -2.88,153.35 -2.89,152.60 -2.94,151.60 9.85,150.92">
        <request index="0" response="0000" foes="0000" cont="0"/>
        <request index="1" response="0000" foes="0000" cont="0"/>
        <request index="2" response="0000" foes="0000" cont="0"/>
        <request index="3" response="0000" foes="0000" cont="0"/>
    </junction>
    <junction id="2377899663" type="dead_end" x="185.13" y="268.05" incLanes="" intLanes="" shape="184.42,272.80 185.84,263.30"/>
    <junction id="244169551" type="dead_end" x="269.26" y="291.08" incLanes="642629215_0 642629215_1 642629215_2" intLanes="" shape="268.66,295.84 269.86,286.32"/>
    <junction id="244170103" type="priority" x="73.89" y="252.20" incLanes="642629216_0 642629216_1 642629216_2" intLanes=":244170103_0_0 :244170103_1_0 :244170103_1_1" shape="54.26,245.47 53.34,255.05 50.75,254.47 49.88,254.08 49.01,253.69 47.92,253.36 46.41,253.14 46.94,246.76 47.08,246.24 47.87,243.08 50.95,244.70 51.78,245.03 52.82,245.28">
        <request index="0" response="000" foes="000" cont="0"/>
        <request index="1" response="000" foes="000" cont="0"/>
        <request index="2" response="000" foes="000" cont="0"/>
    </junction>
    <junction id="2660703343" type="dead_end" x="12.82" y="416.39" incLanes="723396470_0 723396470_1" intLanes="" shape="9.62,416.35 16.02,416.43"/>
    <junction id="4604203477" type="priority" x="18.56" y="126.78" incLanes="723396473_0 723396473_1 723396473_2" intLanes=":4604203477_0_0 :4604203477_0_1" shape="23.57,130.51 13.98,131.03 14.24,128.05 14.56,127.01 14.88,125.98 15.10,124.72 15.11,123.00 21.50,122.59 22.10,125.55 22.55,126.55 22.99,127.55 23.36,128.79">
        <request index="0" response="00" foes="00" cont="0"/>
        <request index="1" response="00" foes="00" cont="0"/>
    </junction>
    <junction id="4604203479" type="dead_end" x="28.14" y="384.80" incLanes="" intLanes="" shape="23.36,384.41 32.92,385.19"/>
    <junction id="4604203486" type="priority" x="12.30" y="369.69" incLanes="539429910_0 539429910_1 539429910_2 539429910_3" intLanes=":4604203486_0_0 :4604203486_0_1" shape="15.64,373.53 9.25,373.77 8.31,370.88 7.49,369.99 6.67,369.10 5.99,367.94 5.62,366.22 18.38,365.26 17.78,368.37 17.08,369.39 16.36,370.42 15.81,371.71">
        <request index="0" response="00" foes="00" cont="0"/>
        <request index="1" response="00" foes="00" cont="0"/>
    </junction>
    <junction id="4604205289" type="priority" x="1.60" y="116.20" incLanes="723396472_0 723396472_1 723396472_2" intLanes=":4604205289_0_0 :4604205289_0_1 :4604205289_0_2 :4604205289_0_3" shape="-3.18,112.26 6.42,112.30 6.83,115.09 7.23,116.04 7.64,116.99 7.99,118.16 8.20,119.77 -4.58,120.45 -4.32,117.41 -3.97,116.36 -3.60,115.31 -3.31,114.02">
        <request index="0" response="0000" foes="0000" cont="0"/>
        <request index="1" response="0000" foes="0000" cont="0"/>
        <request index="2" response="0000" foes="0000" cont="0"/>
        <request index="3" response="0000" foes="0000" cont="0"/>
    </junction>
    <junction id="4604205291" type="dead_end" x="3.72" y="70.00" incLanes="" intLanes="" shape="8.50,70.41 -1.06,69.59"/>
    <junction id="4604216181" type="priority" x="46.10" y="244.01" incLanes="176204641#0_0" intLanes=":4604216181_0_0 :4604216181_1_0" shape="48.34,243.30 46.97,246.19 44.07,244.85 41.91,243.86 40.15,243.01 38.44,242.06 36.46,240.78 33.85,238.94 35.32,236.00 35.67,235.66 37.86,233.18 39.58,235.82 40.91,237.80 42.15,239.34 43.60,240.64 45.56,241.89">
        <request index="0" response="00" foes="00" cont="0"/>
        <request index="1" response="00" foes="00" cont="0"/>
    </junction>
    <junction id="4604216182" type="priority" x="29.76" y="324.65" incLanes="539429911_0 539429911_1 539429911_2 539429911_3" intLanes=":4604216182_0_0 :4604216182_1_0 :4604216182_1_1 :4604216182_1_2" shape="34.61,309.38 37.55,310.65 36.61,312.58 36.28,313.27 36.04,313.98 35.92,314.86 35.90,316.07 23.11,316.45 23.42,313.91 23.75,313.04 24.08,312.17 24.31,311.10 24.37,309.63 33.96,309.26">
        <request index="0" response="0000" foes="0000" cont="0"/>
        <request index="1" response="0000" foes="0000" cont="0"/>
        <request index="2" response="0000" foes="0000" cont="0"/>
        <request index="3" response="0000" foes="0000" cont="0"/>
    </junction>
    <junction id="4604218090" type="priority" x="8.05" y="306.53" incLanes="175540497_0 175540497_1 652401368_0 652401368_1" intLanes=":4604218090_0_0 :4604218090_0_1 :4604218090_2_0 :4604218090_2_1" shape="7.75,286.43 14.08,287.36 13.81,289.05 13.73,289.64 13.68,290.23 13.68,290.96 13.71,291.93 0.93,292.59 0.50,284.35 6.85,283.07 6.97,285.20 7.09,286.71 7.24,287.58 7.39,287.83 7.57,287.45">
        <request index="0" response="0000" foes="0000" cont="0"/>
        <request index="1" response="0000" foes="0000" cont="0"/>
        <request index="2" response="0000" foes="0000" cont="0"/>
        <request index="3" response="0000" foes="0000" cont="0"/>
    </junction>
    <junction id="4740012417" type="dead_end" x="27.34" y="0.00" incLanes="176204600_0 176204600_1" intLanes="" shape="30.51,0.42 24.17,-0.42"/>
    <junction id="4745180248" type="priority" x="29.87" y="328.31" incLanes="723230935_0 723230935_1 723230935_2 723230935_3" intLanes=":4745180248_0_0 :4745180248_0_1 :4745180248_0_2 :4745180248_0_3 :4745180248_4_0" shape="36.28,330.99 23.48,331.04 26.60,323.57 36.12,323.07">
        <request index="0" response="00000" foes="00000" cont="0"/>
        <request index="1" response="00000" foes="00000" cont="0"/>
        <request index="2" response="00000" foes="00000" cont="0"/>
        <request index="3" response="00000" foes="00000" cont="0"/>
        <request index="4" response="00000" foes="00000" cont="0"/>
    </junction>
    <junction id="4745180254" type="priority" x="9.11" y="327.26" incLanes="481604607_0 723396471_0 723396471_1 723396471_2 723396471_3" intLanes=":4745180254_0_0 :4745180254_0_1 :4745180254_2_0 :4745180254_2_1 :4745180254_2_2 :4745180254_2_3" shape="16.53,318.42 19.73,321.12 17.19,321.78 16.31,322.20 15.70,322.70 15.36,323.25 15.27,323.88 2.51,324.84 2.22,317.93 15.01,317.28 15.21,318.02 15.42,318.26 15.71,318.40 16.08,318.46">
        <request index="0" response="111100" foes="111100" cont="0"/>
        <request index="1" response="111100" foes="111100" cont="0"/>
        <request index="2" response="000000" foes="000011" cont="0"/>
        <request index="3" response="000000" foes="000011" cont="0"/>
        <request index="4" response="000000" foes="000011" cont="0"/>
        <request index="5" response="000000" foes="000011" cont="0"/>
    </junction>
    <junction id="5278383732" type="priority" x="24.80" y="219.15" incLanes="546183809_0 539429912#0_0 539429912#0_1 539429912#0_2" intLanes=":5278383732_0_0 :5278383732_1_0 :5278383732_1_1 :5278383732_1_2" shape="36.26,236.73 33.06,238.28 31.61,237.06 31.12,237.04 30.79,237.40 30.62,238.15 30.61,239.28 21.02,239.76 20.25,223.61 29.84,223.05 30.17,226.05 30.79,228.76 31.72,231.19 32.93,233.32 34.45,235.17">
        <request index="0" response="1110" foes="1110" cont="0"/>
        <request index="1" response="0000" foes="0001" cont="0"/>
        <request index="2" response="0000" foes="0001" cont="0"/>
        <request index="3" response="0000" foes="0001" cont="0"/>
    </junction>
    <junction id="6783569750" type="priority" x="30.01" y="362.15" incLanes="723230936_0 723230936_1 723230936_2" intLanes=":6783569750_0_0 :6783569750_0_1 :6783569750_0_2 :6783569750_0_3" shape="34.48,366.35 24.91,365.56 24.71,362.88 24.37,361.96 24.01,361.04 23.72,359.91 23.59,358.36 36.39,358.31 35.98,361.31 35.57,362.33 35.13,363.35 34.74,364.61">
        <request index="0" response="0000" foes="0000" cont="0"/>
        <request index="1" response="0000" foes="0000" cont="0"/>
        <request index="2" response="0000" foes="0000" cont="0"/>
        <request index="3" response="0000" foes="0000" cont="0"/>
    </junction>

    <connection from="175540497" to="723396471" fromLane="0" toLane="2" via=":4604218090_0_0" dir="s" state="M"/>
    <connection from="175540497" to="723396471" fromLane="1" toLane="3" via=":4604218090_0_1" dir="s" state="M"/>
    <connection from="176204639" to="642629215" fromLane="0" toLane="0" via=":1867272410_0_0" dir="s" state="M"/>
    <connection from="176204641#0" to="176204641#1" fromLane="0" toLane="0" via=":4604216181_0_0" dir="L" state="M"/>
    <connection from="176204641#0" to="546183809" fromLane="0" toLane="0" via=":4604216181_1_0" dir="s" state="M"/>
    <connection from="176204641#1" to="723396473" fromLane="0" toLane="0" via=":1867527388_0_0" dir="s" state="m"/>
    <connection from="22753980" to="175540497" fromLane="0" toLane="0" via=":1884168718_7_0" tl="1884168718" linkIndex="7" dir="l" state="o"/>
    <connection from="22753980" to="539429914" fromLane="0" toLane="0" via=":1884168718_8_0" tl="1884168718" linkIndex="8" dir="s" state="o"/>
    <connection from="22753980" to="539429914" fromLane="1" toLane="1" via=":1884168718_8_1" tl="1884168718" linkIndex="9" dir="s" state="o"/>
    <connection from="22753980" to="539429912#0" fromLane="1" toLane="1" via=":1884168718_10_0" tl="1884168718" linkIndex="10" dir="r" state="o"/>
    <connection from="22753980" to="539429912#0" fromLane="1" toLane="2" via=":1884168718_10_1" tl="1884168718" linkIndex="11" dir="r" state="o"/>
    <connection from="481077009" to="652401368" fromLane="0" toLane="0" via=":236725746_0_0" dir="s" state="M"/>
    <connection from="481077009" to="652401368" fromLane="1" toLane="1" via=":236725746_0_1" dir="s" state="M"/>
    <connection from="481077009" to="22753980" fromLane="2" toLane="0" via=":236725746_2_0" dir="s" state="M"/>
    <connection from="481077009" to="22753980" fromLane="3" toLane="1" via=":236725746_2_1" dir="s" state="M"/>
    <connection from="481604607" to="539429910" fromLane="0" toLane="2" via=":4745180254_0_0" dir="s" state="m"/>
    <connection from="481604607" to="539429910" fromLane="0" toLane="3" via=":4745180254_0_1" dir="s" state="m"/>
    <connection from="539429910" to="723396470" fromLane="2" toLane="0" via=":4604203486_0_0" dir="s" state="M"/>
    <connection from="539429910" to="723396470" fromLane="3" toLane="1" via=":4604203486_0_1" dir="s" state="M"/>
    <connection from="539429911" to="176204639" fromLane="0" toLane="0" via=":4604216182_0_0" dir="L" state="M"/>
    <connection from="539429911" to="655491775" fromLane="1" toLane="0" via=":4604216182_1_0" dir="s" state="M"/>
    <connection from="539429911" to="655491775" fromLane="2" toLane="1" via=":4604216182_1_1" dir="s" state="M"/>
    <connection from="539429911" to="655491775" fromLane="3" toLane="2" via=":4604216182_1_2" dir="s" state="M"/>
    <connection from="539429912#0" to="539429912#1" fromLane="0" toLane="0" via=":5278383732_1_0" dir="s" state="M"/>
    <connection from="539429912#0" to="539429912#1" fromLane="1" toLane="1" via=":5278383732_1_1" dir="s" state="M"/>
    <connection from="539429912#0" to="539429912#1" fromLane="2" toLane="2" via=":5278383732_1_2" dir="s" state="M"/>
    <connection from="539429912#1" to="723396473" fromLane="0" toLane="0" via=":1867527388_1_0" dir="s" state="M"/>
    <connection from="539429912#1" to="723396473" fromLane="1" toLane="1" via=":1867527388_1_1" dir="s" state="M"/>
    <connection from="539429912#1" to="723396473" fromLane="2" toLane="2" via=":1867527388_1_2" dir="s" state="M"/>
    <connection from="539429913" to="175540497" fromLane="0" toLane="0" via=":1884168718_0_0" tl="1884168718" linkIndex="0" dir="s" state="o"/>
    <connection from="539429913" to="175540497" fromLane="1" toLane="1" via=":1884168718_0_1" tl="1884168718" linkIndex="1" dir="s" state="o"/>
    <connection from="539429913" to="539429914" fromLane="1" toLane="1" via=":1884168718_2_0" tl="1884168718" linkIndex="2" dir="r" state="o"/>
    <connection from="539429914" to="642629215" fromLane="0" toLane="1" via=":1867272410_1_0" dir="s" state="M"/>
    <connection from="539429914" to="642629215" fromLane="1" toLane="2" via=":1867272410_1_1" dir="s" state="M"/>
    <connection from="546183809" to="539429912#1" fromLane="0" toLane="0" via=":5278383732_0_0" dir="s" state="m"/>
    <connection from="642629216" to="176204641#0" fromLane="0" toLane="0" via=":244170103_0_0" dir="L" state="M"/>
    <connection from="642629216" to="539429913" fromLane="1" toLane="0" via=":244170103_1_0" dir="s" state="M"/>
    <connection from="642629216" to="539429913" fromLane="2" toLane="1" via=":244170103_1_1" dir="s" state="M"/>
    <connection from="652401368" to="723396471" fromLane="0" toLane="0" via=":4604218090_2_0" dir="s" state="M"/>
    <connection from="652401368" to="723396471" fromLane="1" toLane="1" via=":4604218090_2_1" dir="s" state="M"/>
    <connection from="655491775" to="539429912#0" fromLane="0" toLane="0" via=":1884168718_3_0" tl="1884168718" linkIndex="3" dir="s" state="O"/>
    <connection from="655491775" to="539429912#0" fromLane="1" toLane="1" via=":1884168718_3_1" tl="1884168718" linkIndex="4" dir="s" state="O"/>
    <connection from="655491775" to="539429912#0" fromLane="2" toLane="2" via=":1884168718_3_2" tl="1884168718" linkIndex="5" dir="s" state="O"/>
    <connection from="655491775" to="175540497" fromLane="2" toLane="1" via=":1884168718_6_0" tl="1884168718" linkIndex="6" dir="r" state="O"/>
    <connection from="723230935" to="539429911" fromLane="0" toLane="0" via=":4745180248_0_0" dir="s" state="M"/>
    <connection from="723230935" to="539429911" fromLane="1" toLane="1" via=":4745180248_0_1" dir="s" state="M"/>
    <connection from="723230935" to="539429911" fromLane="2" toLane="2" via=":4745180248_0_2" dir="s" state="M"/>
    <connection from="723230935" to="539429911" fromLane="3" toLane="3" via=":4745180248_0_3" dir="s" state="M"/>
    <connection from="723230935" to="481604607" fromLane="3" toLane="0" via=":4745180248_4_0" dir="R" state="M"/>
    <connection from="723230936" to="723230935" fromLane="0" toLane="0" via=":6783569750_0_0" dir="s" state="M"/>
    <connection from="723230936" to="723230935" fromLane="1" toLane="1" via=":6783569750_0_1" dir="s" state="M"/>
    <connection from="723230936" to="723230935" fromLane="2" toLane="2" via=":6783569750_0_2" dir="s" state="M"/>
    <connection from="723230936" to="723230935" fromLane="2" toLane="3" via=":6783569750_0_3" dir="s" state="M"/>
    <connection from="723396471" to="539429910" fromLane="0" toLane="0" via=":4745180254_2_0" dir="s" state="M"/>
    <connection from="723396471" to="539429910" fromLane="1" toLane="1" via=":4745180254_2_1" dir="s" state="M"/>
    <connection from="723396471" to="539429910" fromLane="2" toLane="2" via=":4745180254_2_2" dir="s" state="M"/>
    <connection from="723396471" to="539429910" fromLane="3" toLane="3" via=":4745180254_2_3" dir="s" state="M"/>
    <connection from="723396472" to="481077009" fromLane="0" toLane="0" via=":4604205289_0_0" dir="s" state="M"/>
    <connection from="723396472" to="481077009" fromLane="0" toLane="1" via=":4604205289_0_1" dir="s" state="M"/>
    <connection from="723396472" to="481077009" fromLane="1" toLane="2" via=":4604205289_0_2" dir="s" state="M"/>
    <connection from="723396472" to="481077009" fromLane="2" toLane="3" via=":4604205289_0_3" dir="s" state="M"/>
    <connection from="723396473" to="176204600" fromLane="1" toLane="0" via=":4604203477_0_0" dir="s" state="M"/>
    <connection from="723396473" to="176204600" fromLane="2" toLane="1" via=":4604203477_0_1" dir="s" state="M"/>

    <connection from=":1867272410_0" to="642629215" fromLane="0" toLane="0" dir="s" state="M"/>
    <connection from=":1867272410_1" to="642629215" fromLane="0" toLane="1" dir="s" state="M"/>
    <connection from=":1867272410_1" to="642629215" fromLane="1" toLane="2" dir="s" state="M"/>
    <connection from=":1867527388_0" to="723396473" fromLane="0" toLane="0" dir="s" state="M"/>
    <connection from=":1867527388_1" to="723396473" fromLane="0" toLane="0" dir="s" state="M"/>
    <connection from=":1867527388_1" to="723396473" fromLane="1" toLane="1" dir="s" state="M"/>
    <connection from=":1867527388_1" to="723396473" fromLane="2" toLane="2" dir="s" state="M"/>
    <connection from=":1884168718_0" to="175540497" fromLane="0" toLane="0" dir="s" state="M"/>
    <connection from=":1884168718_0" to="175540497" fromLane="1" toLane="1" dir="s" state="M"/>
    <connection from=":1884168718_2" to="539429914" fromLane="0" toLane="1" dir="r" state="M"/>
    <connection from=":1884168718_3" to="539429912#0" fromLane="0" toLane="0" dir="s" state="M"/>
    <connection from=":1884168718_3" to="539429912#0" fromLane="1" toLane="1" dir="s" state="M"/>
    <connection from=":1884168718_3" to="539429912#0" fromLane="2" toLane="2" dir="s" state="M"/>
    <connection from=":1884168718_6" to="175540497" fromLane="0" toLane="1" dir="r" state="M"/>
    <connection from=":1884168718_7" to="175540497" fromLane="0" toLane="0" dir="l" state="M"/>
    <connection from=":1884168718_8" to="539429914" fromLane="0" toLane="0" dir="s" state="M"/>
    <connection from=":1884168718_8" to="539429914" fromLane="1" toLane="1" dir="s" state="M"/>
    <connection from=":1884168718_10" to="539429912#0" fromLane="0" toLane="1" dir="r" state="M"/>
    <connection from=":1884168718_10" to="539429912#0" fromLane="1" toLane="2" dir="r" state="M"/>
    <connection from=":236725746_0" to="652401368" fromLane="0" toLane="0" dir="s" state="M"/>
    <connection from=":236725746_0" to="652401368" fromLane="1" toLane="1" dir="s" state="M"/>
    <connection from=":236725746_2" to="22753980" fromLane="0" toLane="0" dir="s" state="M"/>
    <connection from=":236725746_2" to="22753980" fromLane="1" toLane="1" dir="s" state="M"/>
    <connection from=":244170103_0" to="176204641#0" fromLane="0" toLane="0" dir="L" state="M"/>
    <connection from=":244170103_1" to="539429913" fromLane="0" toLane="0" dir="s" state="M"/>
    <connection from=":244170103_1" to="539429913" fromLane="1" toLane="1" dir="s" state="M"/>
    <connection from=":4604203477_0" to="176204600" fromLane="0" toLane="0" dir="s" state="M"/>
    <connection from=":4604203477_0" to="176204600" fromLane="1" toLane="1" dir="s" state="M"/>
    <connection from=":4604203486_0" to="723396470" fromLane="0" toLane="0" dir="s" state="M"/>
    <connection from=":4604203486_0" to="723396470" fromLane="1" toLane="1" dir="s" state="M"/>
    <connection from=":4604205289_0" to="481077009" fromLane="0" toLane="0" dir="s" state="M"/>
    <connection from=":4604205289_0" to="481077009" fromLane="1" toLane="1" dir="s" state="M"/>
    <connection from=":4604205289_0" to="481077009" fromLane="2" toLane="2" dir="s" state="M"/>
    <connection from=":4604205289_0" to="481077009" fromLane="3" toLane="3" dir="s" state="M"/>
    <connection from=":4604216181_0" to="176204641#1" fromLane="0" toLane="0" dir="L" state="M"/>
    <connection from=":4604216181_1" to="546183809" fromLane="0" toLane="0" dir="s" state="M"/>
    <connection from=":4604216182_0" to="176204639" fromLane="0" toLane="0" dir="L" state="M"/>
    <connection from=":4604216182_1" to="655491775" fromLane="0" toLane="0" dir="s" state="M"/>
    <connection from=":4604216182_1" to="655491775" fromLane="1" toLane="1" dir="s" state="M"/>
    <connection from=":4604216182_1" to="655491775" fromLane="2" toLane="2" dir="s" state="M"/>
    <connection from=":4604218090_0" to="723396471" fromLane="0" toLane="2" dir="s" state="M"/>
    <connection from=":4604218090_0" to="723396471" fromLane="1" toLane="3" dir="s" state="M"/>
    <connection from=":4604218090_2" to="723396471" fromLane="0" toLane="0" dir="s" state="M"/>
    <connection from=":4604218090_2" to="723396471" fromLane="1" toLane="1" dir="s" state="M"/>
    <connection from=":4745180248_0" to="539429911" fromLane="0" toLane="0" dir="s" state="M"/>
    <connection from=":4745180248_0" to="539429911" fromLane="1" toLane="1" dir="s" state="M"/>
    <connection from=":4745180248_0" to="539429911" fromLane="2" toLane="2" dir="s" state="M"/>
    <connection from=":4745180248_0" to="539429911" fromLane="3" toLane="3" dir="s" state="M"/>
    <connection from=":4745180248_4" to="481604607" fromLane="0" toLane="0" dir="R" state="M"/>
    <connection from=":4745180254_0" to="539429910" fromLane="0" toLane="2" dir="s" state="M"/>
    <connection from=":4745180254_0" to="539429910" fromLane="1" toLane="3" dir="s" state="M"/>
    <connection from=":4745180254_2" to="539429910" fromLane="0" toLane="0" dir="s" state="M"/>
    <connection from=":4745180254_2" to="539429910" fromLane="1" toLane="1" dir="s" state="M"/>
    <connection from=":4745180254_2" to="539429910" fromLane="2" toLane="2" dir="s" state="M"/>
    <connection from=":4745180254_2" to="539429910" fromLane="3" toLane="3" dir="s" state="M"/>
    <connection from=":5278383732_0" to="539429912#1" fromLane="0" toLane="0" dir="s" state="M"/>
    <connection from=":5278383732_1" to="539429912#1" fromLane="0" toLane="0" dir="s" state="M"/>
    <connection from=":5278383732_1" to="539429912#1" fromLane="1" toLane="1" dir="s" state="M"/>
    <connection from=":5278383732_1" to="539429912#1" fromLane="2" toLane="2" dir="s" state="M"/>
    <connection from=":6783569750_0" to="723230935" fromLane="0" toLane="0" dir="s" state="M"/>
    <connection from=":6783569750_0" to="723230935" fromLane="1" toLane="1" dir="s" state="M"/>
    <connection from=":6783569750_0" to="723230935" fromLane="2" toLane="2" dir="s" state="M"/>
    <connection from=":6783569750_0" to="723230935" fromLane="3" toLane="3" dir="s" state="M"/>

</net>
