<?xml version="1.0" encoding="UTF-8"?>

<!-- generated on 2023-07-19 10:53:41 by Eclipse SUMO netconvert Version 1.17.0
<configuration xmlns:xsi="http://www.w3.org/2001/XMLSchema-instance" xsi:noNamespaceSchemaLocation="http://sumo.dlr.de/xsd/netconvertConfiguration.xsd">

    <input>
        <sumo-net-file value="osm.net.xml.gz"/>
    </input>

    <output>
        <output-file value="osm.net.xml"/>
        <output.street-names value="true"/>
    </output>

    <processing>
        <geometry.min-radius.fix.railways value="false"/>
        <geometry.max-grade.fix value="false"/>
        <offset.disable-normalization value="true"/>
        <lefthand value="1"/>
    </processing>

    <junctions>
        <no-turnarounds value="true"/>
        <junctions.corner-detail value="5"/>
        <junctions.limit-turn-speed value="5.50"/>
        <rectangular-lane-cut value="0"/>
    </junctions>

    <pedestrian>
        <walkingareas value="0"/>
    </pedestrian>

</configuration>
-->

<net version="1.16" junctionCornerDetail="5" lefthand="true" limitTurnSpeed="5.50" xmlns:xsi="http://www.w3.org/2001/XMLSchema-instance" xsi:noNamespaceSchemaLocation="http://sumo.dlr.de/xsd/net_file.xsd">

    <location netOffset="-381212.06,-145076.64" convBoundary="0.00,0.00,287.81,319.23" origBoundary="103.932266,1.312323,103.934853,1.315210" projParameter="+proj=utm +zone=48 +ellps=WGS84 +datum=WGS84 +units=m +no_defs"/>

    <type id="highway.bridleway" priority="1" numLanes="1" speed="2.78" allow="pedestrian" oneway="1" width="2.00"/>
    <type id="highway.bus_guideway" priority="1" numLanes="1" speed="27.78" allow="bus" oneway="1"/>
    <type id="highway.cycleway" priority="1" numLanes="1" speed="5.56" allow="bicycle" oneway="0" width="1.00"/>
    <type id="highway.footway" priority="1" numLanes="1" speed="2.78" allow="pedestrian" oneway="1" width="2.00"/>
    <type id="highway.ford" priority="1" numLanes="1" speed="2.78" allow="army" oneway="0"/>
    <type id="highway.living_street" priority="2" numLanes="1" speed="2.78" disallow="tram rail_urban rail rail_electric rail_fast ship" oneway="0"/>
    <type id="highway.motorway" priority="14" numLanes="2" speed="39.44" allow="private emergency authority army vip passenger hov taxi bus coach delivery truck trailer motorcycle evehicle custom1 custom2" oneway="1"/>
    <type id="highway.motorway_link" priority="9" numLanes="1" speed="22.22" allow="private emergency authority army vip passenger hov taxi bus coach delivery truck trailer motorcycle evehicle custom1 custom2" oneway="1"/>
    <type id="highway.path" priority="1" numLanes="1" speed="5.56" allow="pedestrian bicycle" oneway="0" width="2.00"/>
    <type id="highway.pedestrian" priority="1" numLanes="1" speed="2.78" allow="pedestrian" oneway="1" width="2.00"/>
    <type id="highway.primary" priority="12" numLanes="2" speed="27.78" disallow="tram rail_urban rail rail_electric rail_fast ship" oneway="0"/>
    <type id="highway.primary_link" priority="7" numLanes="1" speed="22.22" disallow="tram rail_urban rail rail_electric rail_fast ship" oneway="0"/>
    <type id="highway.raceway" priority="15" numLanes="2" speed="83.33" allow="vip" oneway="0"/>
    <type id="highway.residential" priority="3" numLanes="1" speed="13.89" disallow="tram rail_urban rail rail_electric rail_fast ship" oneway="0"/>
    <type id="highway.secondary" priority="11" numLanes="1" speed="27.78" disallow="tram rail_urban rail rail_electric rail_fast ship" oneway="0"/>
    <type id="highway.secondary_link" priority="6" numLanes="1" speed="22.22" disallow="tram rail_urban rail rail_electric rail_fast ship" oneway="0"/>
    <type id="highway.service" priority="1" numLanes="1" speed="5.56" allow="pedestrian delivery bicycle" oneway="0"/>
    <type id="highway.stairs" priority="1" numLanes="1" speed="1.39" allow="pedestrian" oneway="1" width="2.00"/>
    <type id="highway.step" priority="1" numLanes="1" speed="1.39" allow="pedestrian" oneway="1" width="2.00"/>
    <type id="highway.steps" priority="1" numLanes="1" speed="1.39" allow="pedestrian" oneway="1" width="2.00"/>
    <type id="highway.tertiary" priority="10" numLanes="1" speed="22.22" disallow="tram rail_urban rail rail_electric rail_fast ship" oneway="0"/>
    <type id="highway.tertiary_link" priority="5" numLanes="1" speed="22.22" disallow="tram rail_urban rail rail_electric rail_fast ship" oneway="0"/>
    <type id="highway.track" priority="1" numLanes="1" speed="5.56" allow="pedestrian motorcycle moped bicycle" oneway="0"/>
    <type id="highway.trunk" priority="13" numLanes="2" speed="27.78" disallow="pedestrian bicycle tram rail_urban rail rail_electric rail_fast ship" oneway="0"/>
    <type id="highway.trunk_link" priority="8" numLanes="1" speed="22.22" disallow="pedestrian bicycle tram rail_urban rail rail_electric rail_fast ship" oneway="0"/>
    <type id="highway.unclassified" priority="4" numLanes="1" speed="13.89" disallow="tram rail_urban rail rail_electric rail_fast ship" oneway="0"/>
    <type id="highway.unsurfaced" priority="1" numLanes="1" speed="8.33" disallow="tram rail_urban rail rail_electric rail_fast ship" oneway="0"/>
    <type id="railway.highspeed" priority="21" numLanes="1" speed="69.44" allow="rail_fast" oneway="1"/>
    <type id="railway.light_rail" priority="19" numLanes="1" speed="27.78" allow="rail_urban" oneway="1"/>
    <type id="railway.preserved" priority="16" numLanes="1" speed="27.78" allow="rail" oneway="1"/>
    <type id="railway.rail" priority="20" numLanes="1" speed="44.44" allow="rail" oneway="1"/>
    <type id="railway.subway" priority="18" numLanes="1" speed="27.78" allow="rail_urban" oneway="1"/>
    <type id="railway.tram" priority="17" numLanes="1" speed="13.89" allow="tram" oneway="1"/>

    <edge id=":243492182_0" function="internal">
        <lane id=":243492182_0_0" index="0" disallow="tram rail_urban rail rail_electric rail_fast ship" speed="16.67" length="8.40" shape="170.80,100.78 169.70,103.04 168.25,104.27 166.81,105.49 165.72,107.76"/>
        <lane id=":243492182_0_1" index="1" disallow="tram rail_urban rail rail_electric rail_fast ship" speed="16.67" length="8.40" shape="170.80,100.78 168.82,108.54"/>
        <lane id=":243492182_0_2" index="2" disallow="tram rail_urban rail rail_electric rail_fast ship" speed="16.67" length="8.40" shape="173.90,101.58 171.93,109.32"/>
        <lane id=":243492182_0_3" index="3" disallow="tram rail_urban rail rail_electric rail_fast ship" speed="16.67" length="8.40" shape="173.90,101.58 173.77,104.08 174.45,105.84 175.14,107.59 175.03,110.10"/>
    </edge>
    <edge id=":259397086_0" function="internal">
        <lane id=":259397086_0_0" index="0" disallow="tram rail_urban rail rail_electric rail_fast ship" speed="3.65" length="4.67" shape="46.31,115.40 47.55,114.65 47.98,113.87 47.61,113.05 46.45,112.20"/>
    </edge>
    <edge id=":2879240150_0" function="internal">
        <lane id=":2879240150_0_0" index="0" disallow="tram rail_urban rail rail_electric rail_fast ship" speed="15.28" length="18.22" shape="186.31,136.15 184.63,131.24 183.39,127.78 182.97,124.31 183.74,119.34"/>
        <lane id=":2879240150_0_1" index="1" disallow="tram rail_urban rail rail_electric rail_fast ship" speed="15.28" length="18.22" shape="183.23,137.04 181.43,131.65 180.14,127.85 179.75,124.03 180.64,118.59"/>
    </edge>
    <edge id=":2879240150_2" function="internal">
        <lane id=":2879240150_2_0" index="0" disallow="tram rail_urban rail rail_electric rail_fast ship" speed="16.67" length="18.83" shape="178.18,137.21 180.64,118.59"/>
        <lane id=":2879240150_2_1" index="1" disallow="tram rail_urban rail rail_electric rail_fast ship" speed="16.67" length="18.83" shape="175.05,136.53 177.53,117.83"/>
    </edge>
    <edge id=":4593387844_0" function="internal">
        <lane id=":4593387844_0_0" index="0" disallow="tram rail_urban rail rail_electric rail_fast ship" speed="15.28" length="15.16" shape="111.32,186.21 107.95,186.81 104.78,187.36 101.12,187.71 96.28,187.68"/>
    </edge>
    <edge id=":4593387844_1" function="internal">
        <lane id=":4593387844_1_0" index="0" disallow="tram rail_urban rail rail_electric rail_fast ship" speed="16.67" length="15.18" shape="111.26,190.37 106.79,189.72 103.77,188.91 100.76,188.16 96.28,187.68"/>
        <lane id=":4593387844_1_1" index="1" disallow="tram rail_urban rail rail_electric rail_fast ship" speed="16.67" length="15.18" shape="110.96,193.55 106.53,192.91 103.55,192.10 100.56,191.35 96.12,190.87"/>
    </edge>
    <edge id=":4593387852_0" function="internal">
        <lane id=":4593387852_0_0" index="0" disallow="tram rail_urban rail rail_electric rail_fast ship" speed="15.28" length="6.42" shape="153.56,156.08 153.00,157.88 152.39,159.02 151.56,160.07 150.37,161.57"/>
    </edge>
    <edge id=":4593387852_1" function="internal">
        <lane id=":4593387852_1_0" index="0" disallow="tram rail_urban rail rail_electric rail_fast ship" speed="16.67" length="6.89" shape="156.67,156.87 155.97,158.78 155.20,159.99 154.43,161.21 153.77,163.13"/>
        <lane id=":4593387852_1_1" index="1" disallow="tram rail_urban rail rail_electric rail_fast ship" speed="16.67" length="6.89" shape="159.77,157.65 159.08,159.55 158.31,160.74 157.55,161.94 156.89,163.85"/>
        <lane id=":4593387852_1_2" index="2" disallow="tram rail_urban rail rail_electric rail_fast ship" speed="16.67" length="6.89" shape="162.87,158.43 162.18,160.31 161.42,161.49 160.66,162.68 160.01,164.57"/>
    </edge>
    <edge id=":4593444781_0" function="internal">
        <lane id=":4593444781_0_0" index="0" disallow="tram rail_urban rail rail_electric rail_fast ship" speed="15.28" length="16.01" shape="154.09,257.17 155.62,252.29 157.35,248.76 159.27,245.91 161.36,243.06"/>
    </edge>
    <edge id=":4593444781_1" function="internal">
        <lane id=":4593444781_1_0" index="0" disallow="tram rail_urban rail rail_electric rail_fast ship" speed="16.67" length="15.97" shape="154.09,257.17 157.10,241.36"/>
        <lane id=":4593444781_1_1" index="1" disallow="tram rail_urban rail rail_electric rail_fast ship" speed="16.67" length="15.97" shape="150.98,256.40 153.96,240.72"/>
        <lane id=":4593444781_1_2" index="2" disallow="tram rail_urban rail rail_electric rail_fast ship" speed="16.67" length="15.97" shape="147.88,255.64 150.83,240.08"/>
    </edge>
    <edge id=":4675474956_0" function="internal">
        <lane id=":4675474956_0_0" index="0" disallow="tram rail_urban rail rail_electric rail_fast ship" speed="13.89" length="14.30" shape="243.94,201.70 239.99,200.75 237.63,199.13 235.54,196.85 232.41,193.93"/>
        <lane id=":4675474956_0_1" index="1" disallow="tram rail_urban rail rail_electric rail_fast ship" speed="13.89" length="14.82" shape="243.94,201.70 239.59,201.16 236.62,200.44 233.93,199.04 230.43,196.45"/>
    </edge>
    <edge id=":4675474956_2" function="internal">
        <lane id=":4675474956_2_0" index="0" disallow="tram rail_urban rail rail_electric rail_fast ship" speed="13.89" length="15.05" shape="243.94,201.70 228.95,200.06"/>
        <lane id=":4675474956_2_1" index="1" disallow="tram rail_urban rail rail_electric rail_fast ship" speed="13.89" length="15.05" shape="243.57,204.88 228.61,203.24"/>
        <lane id=":4675474956_2_2" index="2" disallow="tram rail_urban rail rail_electric rail_fast ship" speed="13.89" length="15.05" shape="243.20,208.06 228.26,206.42"/>
    </edge>
    <edge id=":5599381680_0" function="internal">
        <lane id=":5599381680_0_0" index="0" disallow="tram rail_urban rail rail_electric rail_fast ship" speed="13.89" length="19.02" shape="189.74,215.22 193.39,214.13 197.36,212.94 202.19,212.17 208.36,212.34"/>
    </edge>
    <edge id=":5599381680_1" function="internal">
        <lane id=":5599381680_1_0" index="0" disallow="tram rail_urban rail rail_electric rail_fast ship" speed="13.89" length="19.07" shape="189.41,210.81 208.36,212.34"/>
        <lane id=":5599381680_1_1" index="1" disallow="tram rail_urban rail rail_electric rail_fast ship" speed="13.89" length="19.07" shape="189.66,207.62 208.73,209.16"/>
    </edge>
    <edge id=":5599381681_0" function="internal">
        <lane id=":5599381681_0_0" index="0" disallow="tram rail_urban rail rail_electric rail_fast ship" speed="16.67" length="8.17" shape="68.96,195.11 71.30,195.51 72.83,196.18 74.35,196.86 76.68,197.34"/>
        <lane id=":5599381681_0_1" index="1" disallow="tram rail_urban rail rail_electric rail_fast ship" speed="16.67" length="8.17" shape="69.17,191.92 71.53,192.32 73.08,192.99 74.63,193.67 76.99,194.15"/>
        <lane id=":5599381681_0_2" index="2" disallow="tram rail_urban rail rail_electric rail_fast ship" speed="16.67" length="8.17" shape="69.17,191.92 71.59,191.83 73.23,191.39 74.88,190.99 77.29,190.96"/>
    </edge>
    <edge id=":5599381682_0" function="internal">
        <lane id=":5599381682_0_0" index="0" disallow="tram rail_urban rail rail_electric rail_fast ship" speed="15.28" length="16.99" shape="89.56,198.57 94.84,199.65 98.66,201.42 101.73,203.54 104.72,205.64"/>
    </edge>
    <edge id=":5599381682_1" function="internal">
        <lane id=":5599381682_1_0" index="0" disallow="tram rail_urban rail rail_electric rail_fast ship" speed="16.67" length="17.16" shape="89.56,198.57 106.34,201.19"/>
        <lane id=":5599381682_1_1" index="1" disallow="tram rail_urban rail rail_electric rail_fast ship" speed="16.67" length="17.16" shape="89.86,195.39 106.82,198.02"/>
        <lane id=":5599381682_1_2" index="2" disallow="tram rail_urban rail rail_electric rail_fast ship" speed="16.67" length="17.16" shape="90.17,192.20 107.29,194.86"/>
    </edge>
    <edge id=":6011718847_0" function="internal">
        <lane id=":6011718847_0_0" index="0" disallow="tram rail_urban rail rail_electric rail_fast ship" speed="16.67" length="8.17" shape="145.29,286.68 146.03,284.43 146.91,283.01 147.81,281.60 148.62,279.36"/>
        <lane id=":6011718847_0_1" index="1" disallow="tram rail_urban rail rail_electric rail_fast ship" speed="16.67" length="8.17" shape="142.16,286.01 142.91,283.73 143.79,282.30 144.70,280.86 145.51,278.60"/>
        <lane id=":6011718847_0_2" index="2" disallow="tram rail_urban rail rail_electric rail_fast ship" speed="16.67" length="8.17" shape="142.16,286.01 142.42,283.61 142.24,281.91 142.07,280.22 142.40,277.83"/>
    </edge>
    <edge id=":6275761343_0" function="internal">
        <lane id=":6275761343_0_0" index="0" disallow="tram rail_urban rail rail_electric rail_fast ship" speed="3.65" length="4.67" shape="18.32,111.05 17.08,111.80 16.65,112.58 17.02,113.40 18.18,114.25"/>
    </edge>
    <edge id=":cluster_243485057_243507369_5599381676_5599381677_0" function="internal">
        <lane id=":cluster_243485057_243507369_5599381676_5599381677_0_0" index="0" disallow="tram rail_urban rail rail_electric rail_fast ship" speed="16.67" length="28.63" shape="148.87,184.36 144.71,212.72"/>
        <lane id=":cluster_243485057_243507369_5599381676_5599381677_0_1" index="1" disallow="tram rail_urban rail rail_electric rail_fast ship" speed="16.67" length="28.63" shape="151.98,185.10 147.84,213.39"/>
    </edge>
    <edge id=":cluster_243485057_243507369_5599381676_5599381677_2" function="internal">
        <lane id=":cluster_243485057_243507369_5599381676_5599381677_2_0" index="0" disallow="tram rail_urban rail rail_electric rail_fast ship" speed="10.80" length="16.44" shape="155.10,185.84 154.54,193.58 156.88,199.43 158.78,200.86"/>
    </edge>
    <edge id=":cluster_243485057_243507369_5599381676_5599381677_3" function="internal">
        <lane id=":cluster_243485057_243507369_5599381676_5599381677_3_0" index="0" disallow="tram rail_urban rail rail_electric rail_fast ship" speed="5.45" length="9.88" shape="155.10,185.84 156.51,189.65 158.45,191.27 160.91,190.70 161.46,190.18"/>
    </edge>
    <edge id=":cluster_243485057_243507369_5599381676_5599381677_16" function="internal">
        <lane id=":cluster_243485057_243507369_5599381676_5599381677_16_0" index="0" disallow="tram rail_urban rail rail_electric rail_fast ship" speed="10.80" length="12.57" shape="158.78,200.86 162.11,203.37 170.25,205.41"/>
    </edge>
    <edge id=":cluster_243485057_243507369_5599381676_5599381677_17" function="internal">
        <lane id=":cluster_243485057_243507369_5599381676_5599381677_17_0" index="0" disallow="tram rail_urban rail rail_electric rail_fast ship" speed="5.45" length="3.32" shape="161.46,190.18 163.89,187.92"/>
    </edge>
    <edge id=":cluster_243485057_243507369_5599381676_5599381677_4" function="internal">
        <lane id=":cluster_243485057_243507369_5599381676_5599381677_4_0" index="0" disallow="tram rail_urban rail rail_electric rail_fast ship" speed="15.28" length="29.85" shape="171.46,194.78 141.71,192.70"/>
        <lane id=":cluster_243485057_243507369_5599381676_5599381677_4_1" index="1" disallow="tram rail_urban rail rail_electric rail_fast ship" speed="15.28" length="29.85" shape="171.10,197.96 141.31,195.88"/>
    </edge>
    <edge id=":cluster_243485057_243507369_5599381676_5599381677_6" function="internal">
        <lane id=":cluster_243485057_243507369_5599381676_5599381677_6_0" index="0" disallow="tram rail_urban rail rail_electric rail_fast ship" speed="11.79" length="11.22" shape="170.74,201.14 161.79,201.41 159.63,202.09"/>
    </edge>
    <edge id=":cluster_243485057_243507369_5599381676_5599381677_7" function="internal">
        <lane id=":cluster_243485057_243507369_5599381676_5599381677_7_0" index="0" disallow="tram rail_urban rail rail_electric rail_fast ship" speed="4.07" length="2.93" shape="170.74,201.14 169.02,202.03 168.47,202.86"/>
    </edge>
    <edge id=":cluster_243485057_243507369_5599381676_5599381677_18" function="internal">
        <lane id=":cluster_243485057_243507369_5599381676_5599381677_18_0" index="0" disallow="tram rail_urban rail rail_electric rail_fast ship" speed="11.79" length="17.35" shape="159.63,202.09 154.99,203.54 150.34,207.53 147.84,213.39"/>
    </edge>
    <edge id=":cluster_243485057_243507369_5599381676_5599381677_19" function="internal">
        <lane id=":cluster_243485057_243507369_5599381676_5599381677_19_0" index="0" disallow="tram rail_urban rail rail_electric rail_fast ship" speed="4.07" length="3.34" shape="168.47,202.86 168.36,203.03 168.77,204.16 170.25,205.41"/>
    </edge>
    <edge id=":cluster_243485057_243507369_5599381676_5599381677_8" function="internal">
        <lane id=":cluster_243485057_243507369_5599381676_5599381677_8_0" index="0" disallow="tram rail_urban rail rail_electric rail_fast ship" speed="16.67" length="28.22" shape="162.19,216.43 167.00,188.66"/>
        <lane id=":cluster_243485057_243507369_5599381676_5599381677_8_1" index="1" disallow="tram rail_urban rail rail_electric rail_fast ship" speed="16.67" length="28.22" shape="159.06,215.77 163.89,187.92"/>
    </edge>
    <edge id=":cluster_243485057_243507369_5599381676_5599381677_10" function="internal">
        <lane id=":cluster_243485057_243507369_5599381676_5599381677_10_0" index="0" disallow="tram rail_urban rail rail_electric rail_fast ship" speed="10.63" length="16.08" shape="155.93,215.10 156.40,207.17 154.11,201.32 152.63,200.21"/>
    </edge>
    <edge id=":cluster_243485057_243507369_5599381676_5599381677_11" function="internal">
        <lane id=":cluster_243485057_243507369_5599381676_5599381677_11_0" index="0" disallow="tram rail_urban rail rail_electric rail_fast ship" speed="5.24" length="8.76" shape="155.93,215.10 154.55,211.64 152.75,210.20 150.51,210.78 150.21,211.07"/>
    </edge>
    <edge id=":cluster_243485057_243507369_5599381676_5599381677_20" function="internal">
        <lane id=":cluster_243485057_243507369_5599381676_5599381677_20_0" index="0" disallow="tram rail_urban rail rail_electric rail_fast ship" speed="10.63" length="12.38" shape="152.63,200.21 149.08,197.55 141.31,195.88"/>
    </edge>
    <edge id=":cluster_243485057_243507369_5599381676_5599381677_21" function="internal">
        <lane id=":cluster_243485057_243507369_5599381676_5599381677_21_0" index="0" disallow="tram rail_urban rail rail_electric rail_fast ship" speed="5.24" length="3.31" shape="150.21,211.07 147.84,213.39"/>
    </edge>
    <edge id=":cluster_243485057_243507369_5599381676_5599381677_12" function="internal">
        <lane id=":cluster_243485057_243507369_5599381676_5599381677_12_0" index="0" disallow="tram rail_urban rail rail_electric rail_fast ship" speed="15.28" length="29.96" shape="139.99,206.37 169.89,208.59"/>
        <lane id=":cluster_243485057_243507369_5599381676_5599381677_12_1" index="1" disallow="tram rail_urban rail rail_electric rail_fast ship" speed="15.28" length="29.96" shape="140.39,203.20 170.25,205.41"/>
    </edge>
    <edge id=":cluster_243485057_243507369_5599381676_5599381677_14" function="internal">
        <lane id=":cluster_243485057_243507369_5599381676_5599381677_14_0" index="0" disallow="tram rail_urban rail rail_electric rail_fast ship" speed="11.64" length="12.37" shape="140.79,200.02 149.71,200.19 153.02,199.24"/>
    </edge>
    <edge id=":cluster_243485057_243507369_5599381676_5599381677_15" function="internal">
        <lane id=":cluster_243485057_243507369_5599381676_5599381677_15_0" index="0" disallow="tram rail_urban rail rail_electric rail_fast ship" speed="4.03" length="2.78" shape="140.79,200.02 142.47,199.18 142.97,198.44"/>
    </edge>
    <edge id=":cluster_243485057_243507369_5599381676_5599381677_22" function="internal">
        <lane id=":cluster_243485057_243507369_5599381676_5599381677_22_0" index="0" disallow="tram rail_urban rail rail_electric rail_fast ship" speed="11.64" length="16.66" shape="153.02,199.24 156.53,198.23 161.26,194.14 163.89,187.92"/>
    </edge>
    <edge id=":cluster_243485057_243507369_5599381676_5599381677_23" function="internal">
        <lane id=":cluster_243485057_243507369_5599381676_5599381677_23_0" index="0" disallow="tram rail_urban rail rail_electric rail_fast ship" speed="4.03" length="3.32" shape="142.97,198.44 143.12,198.21 142.73,197.11 141.31,195.88"/>
    </edge>
    <edge id=":cluster_259397231_5599381656_0" function="internal">
        <lane id=":cluster_259397231_5599381656_0_0" index="0" disallow="tram rail_urban rail rail_electric rail_fast ship" speed="13.89" length="14.36" shape="265.78,204.19 251.53,202.58"/>
        <lane id=":cluster_259397231_5599381656_0_1" index="1" disallow="tram rail_urban rail rail_electric rail_fast ship" speed="13.89" length="14.36" shape="265.42,207.37 251.16,205.76"/>
        <lane id=":cluster_259397231_5599381656_0_2" index="2" disallow="tram rail_urban rail rail_electric rail_fast ship" speed="13.89" length="14.36" shape="265.07,210.55 250.79,208.94"/>
    </edge>
    <edge id=":cluster_259397231_5599381656_3" function="internal">
        <lane id=":cluster_259397231_5599381656_3_0" index="0" disallow="tram rail_urban rail rail_electric rail_fast ship" speed="9.04" length="6.39" shape="265.07,210.55 261.07,210.99 259.18,212.43"/>
    </edge>
    <edge id=":cluster_259397231_5599381656_4" function="internal">
        <lane id=":cluster_259397231_5599381656_4_0" index="0" disallow="tram rail_urban rail rail_electric rail_fast ship" speed="4.33" length="4.11" shape="265.07,210.55 263.01,211.62 262.22,212.82 262.35,213.16"/>
    </edge>
    <edge id=":cluster_259397231_5599381656_12" function="internal">
        <lane id=":cluster_259397231_5599381656_12_0" index="0" disallow="tram rail_urban rail rail_electric rail_fast ship" speed="9.04" length="12.27" shape="259.18,212.43 258.03,213.30 255.95,217.48 254.84,223.53"/>
    </edge>
    <edge id=":cluster_259397231_5599381656_13" function="internal">
        <lane id=":cluster_259397231_5599381656_13_0" index="0" disallow="tram rail_urban rail rail_electric rail_fast ship" speed="4.33" length="3.40" shape="262.35,213.16 262.72,214.17 264.49,215.66"/>
    </edge>
    <edge id=":cluster_259397231_5599381656_5" function="internal">
        <lane id=":cluster_259397231_5599381656_5_0" index="0" disallow="tram rail_urban rail rail_electric rail_fast ship" speed="6.46" length="9.03" shape="258.03,223.82 258.60,221.41 259.81,219.77 261.65,218.92 264.13,218.84"/>
    </edge>
    <edge id=":cluster_259397231_5599381656_6" function="internal">
        <lane id=":cluster_259397231_5599381656_6_0" index="0" disallow="tram rail_urban rail rail_electric rail_fast ship" speed="9.77" length="21.27" shape="258.03,223.82 258.18,216.29 257.09,210.76 254.75,207.25 251.16,205.76"/>
        <lane id=":cluster_259397231_5599381656_6_1" index="1" disallow="tram rail_urban rail rail_electric rail_fast ship" speed="9.14" length="18.48" shape="258.03,223.82 258.05,217.68 256.85,213.15 254.43,210.24 250.79,208.94"/>
    </edge>
    <edge id=":cluster_259397231_5599381656_8" function="internal">
        <lane id=":cluster_259397231_5599381656_8_0" index="0" disallow="tram rail_urban rail rail_electric rail_fast ship" speed="6.61" length="9.18" shape="249.84,217.17 252.22,217.81 253.85,219.08 254.72,220.99 254.84,223.53"/>
    </edge>
    <edge id=":cluster_259397231_5599381656_9" function="internal">
        <lane id=":cluster_259397231_5599381656_9_0" index="0" disallow="tram rail_urban rail rail_electric rail_fast ship" speed="13.89" length="14.39" shape="249.84,217.17 264.13,218.84"/>
        <lane id=":cluster_259397231_5599381656_9_1" index="1" disallow="tram rail_urban rail rail_electric rail_fast ship" speed="13.89" length="14.39" shape="250.20,213.99 264.49,215.66"/>
    </edge>
    <edge id=":cluster_259397231_5599381656_11" function="internal">
        <lane id=":cluster_259397231_5599381656_11_0" index="0" disallow="tram rail_urban rail rail_electric rail_fast ship" speed="4.31" length="4.04" shape="250.20,213.99 252.25,212.94 253.02,211.76 252.91,211.45"/>
    </edge>
    <edge id=":cluster_259397231_5599381656_14" function="internal">
        <lane id=":cluster_259397231_5599381656_14_0" index="0" disallow="tram rail_urban rail rail_electric rail_fast ship" speed="4.31" length="3.39" shape="252.91,211.45 252.54,210.42 250.79,208.94"/>
    </edge>

    <edge id="-23924464" from="6275761343" to="259397086" name="Nallur Road" priority="3" type="highway.residential">
        <lane id="-23924464_0" index="0" disallow="tram rail_urban rail rail_electric rail_fast ship" speed="13.89" length="28.15" shape="18.18,114.25 46.31,115.40">
            <param key="origId" value="23924464"/>
        </lane>
    </edge>
    <edge id="-23924500" from="2376694448" to="cluster_259397231_5599381656" name="Evergreen Gardens" priority="3" type="highway.residential" shape="254.22,311.90 253.00,289.32 252.89,287.15 252.06,271.94 256.28,225.35 257.09,216.44">
        <lane id="-23924500_0" index="0" disallow="tram rail_urban rail rail_electric rail_fast ship" speed="13.89" length="88.25" shape="255.82,311.81 254.60,289.23 254.49,287.06 253.66,271.97 257.87,225.49 258.03,223.82">
            <param key="origId" value="23924500"/>
        </lane>
        <param key="origTo" value="5599381656"/>
    </edge>
    <edge id="174281658" from="4593387844" to="4593444784" name="Upper East Coast Road" priority="11" type="highway.secondary" spreadType="center" shape="65.69,187.81 52.78,187.19 36.62,186.32 0.33,183.94">
        <lane id="174281658_0" index="0" disallow="tram rail_urban rail rail_electric rail_fast ship" speed="16.67" length="96.02" shape="96.28,187.68 52.86,185.59 36.72,184.72 0.43,182.34">
            <param key="origId" value="174281658 633837299"/>
        </lane>
        <lane id="174281658_1" index="1" disallow="tram rail_urban rail rail_electric rail_fast ship" speed="16.67" length="96.02" shape="96.12,190.87 52.70,188.79 36.52,187.92 0.23,185.54">
            <param key="origId" value="174281658 633837299"/>
        </lane>
        <param key="origTo" value="4593444911"/>
    </edge>
    <edge id="23924464" from="259397086" to="6275761343" name="Nallur Road" priority="3" type="highway.residential">
        <lane id="23924464_0" index="0" disallow="tram rail_urban rail rail_electric rail_fast ship" speed="13.89" length="28.15" shape="46.45,112.20 18.32,111.05">
            <param key="origId" value="23924464"/>
        </lane>
    </edge>
    <edge id="23924500" from="cluster_259397231_5599381656" to="2376694448" name="Evergreen Gardens" priority="3" type="highway.residential" shape="257.09,216.44 256.28,225.35 252.06,271.94 252.89,287.15 253.00,289.32 254.22,311.90">
        <lane id="23924500_0" index="0" disallow="tram rail_urban rail rail_electric rail_fast ship" speed="13.89" length="88.71" shape="254.84,223.53 254.69,225.21 250.46,271.91 251.29,287.24 251.40,289.41 252.62,311.99">
            <param key="origId" value="23924500"/>
        </lane>
        <param key="origFrom" value="5599381656"/>
    </edge>
    <edge id="284167586" from="4675474956" to="2879240150" priority="7" type="highway.primary_link" spreadType="center" shape="243.77,204.90 227.56,192.16 224.38,189.47 217.71,183.86 207.48,174.90 200.02,167.18 194.41,158.67 186.65,143.11 180.15,120.58">
        <lane id="284167586_0" index="0" disallow="tram rail_urban rail rail_electric rail_fast ship" speed="13.89" length="76.48" shape="232.41,193.93 228.57,190.92 225.41,188.25 218.75,182.65 208.58,173.74 201.27,166.18 195.80,157.87 188.15,142.53 186.31,136.15">
            <param key="origId" value="284167586"/>
        </lane>
        <lane id="284167586_1" index="1" disallow="tram rail_urban rail rail_electric rail_fast ship" speed="13.89" length="76.48" shape="230.43,196.45 226.55,193.40 223.35,190.69 216.67,185.07 206.38,176.06 198.77,168.18 193.02,159.47 185.15,143.69 183.23,137.04">
            <param key="origId" value="284167586"/>
        </lane>
    </edge>
    <edge id="464199169" from="4593387852" to="4593387844" priority="7" type="highway.primary_link" spreadType="center" shape="160.63,147.67 145.62,168.01 137.81,174.32 133.84,177.13 128.56,180.85 118.26,185.15 97.99,188.25 81.48,187.65 72.89,187.55 65.69,187.81">
        <lane id="464199169_0" index="0" disallow="tram rail_urban rail rail_electric rail_fast ship" speed="13.89" length="47.55" shape="150.37,161.57 145.62,168.01 137.81,174.32 133.84,177.13 128.56,180.85 118.26,185.15 111.32,186.21">
            <param key="origId" value="464199169"/>
        </lane>
    </edge>
    <edge id="464204346" from="5599381682" to="4593444770" priority="7" type="highway.primary_link" spreadType="center" shape="87.71,195.18 115.93,212.53 117.72,214.46 123.10,222.02 127.87,232.54 129.37,245.83 130.12,258.15 126.99,300.69 126.50,307.23">
        <lane id="464204346_0" index="0" disallow="tram rail_urban rail rail_electric rail_fast ship" speed="13.89" length="74.05" shape="104.72,205.64 115.93,212.53 117.72,214.46 123.10,222.02 127.87,232.54 129.37,245.83 130.12,258.15 129.26,269.83">
            <param key="origId" value="464204346"/>
        </lane>
    </edge>
    <edge id="464204347" from="4593444781" to="5599381680" priority="7" type="highway.primary_link" spreadType="center" shape="149.66,261.77 161.16,243.34 172.27,227.59 177.45,222.36 179.21,220.95 189.35,215.31 208.69,210.77">
        <lane id="464204347_0" index="0" disallow="tram rail_urban rail rail_electric rail_fast ship" speed="13.89" length="40.55" shape="161.36,243.06 172.27,227.59 177.45,222.36 179.21,220.95 189.35,215.31 189.74,215.22">
            <param key="origId" value="464204347"/>
        </lane>
    </edge>
    <edge id="473393249" from="4593444781" to="cluster_243485057_243507369_5599381676_5599381677" name="Bedok South Avenue 1" priority="12" type="highway.primary" spreadType="center" shape="149.66,261.77 159.83,212.02 161.41,206.01">
        <lane id="473393249_0" index="0" disallow="tram rail_urban rail rail_electric rail_fast ship" speed="16.67" length="25.47" shape="157.10,241.36 162.19,216.43">
            <param key="origId" value="473393249"/>
        </lane>
        <lane id="473393249_1" index="1" disallow="tram rail_urban rail rail_electric rail_fast ship" speed="16.67" length="25.47" shape="153.96,240.72 159.06,215.77">
            <param key="origId" value="473393249"/>
        </lane>
        <lane id="473393249_2" index="2" disallow="tram rail_urban rail rail_electric rail_fast ship" speed="16.67" length="25.47" shape="150.83,240.08 155.93,215.10">
            <param key="origId" value="473393249"/>
        </lane>
        <param key="origTo" value="5599381676"/>
    </edge>
    <edge id="473393252" from="4593444766" to="6011718847" name="Bedok South Avenue 1" priority="12" type="highway.primary" spreadType="center">
        <lane id="473393252_0" index="0" disallow="tram rail_urban rail rail_electric rail_fast ship" speed="16.67" length="33.63" shape="138.24,319.57 145.29,286.68">
            <param key="origId" value="473393252"/>
        </lane>
        <lane id="473393252_1" index="1" disallow="tram rail_urban rail rail_electric rail_fast ship" speed="16.67" length="33.63" shape="135.12,318.89 142.16,286.01">
            <param key="origId" value="473393252"/>
        </lane>
    </edge>
    <edge id="473393255" from="4593387852" to="cluster_243485057_243507369_5599381676_5599381677" name="Bedok South Avenue 1" priority="12" type="highway.primary" spreadType="center" shape="160.63,147.67 151.55,186.97 150.10,195.37">
        <lane id="473393255_0" index="0" disallow="tram rail_urban rail rail_electric rail_fast ship" speed="16.67" length="21.81" shape="153.77,163.13 148.87,184.36">
            <param key="origId" value="473393255"/>
        </lane>
        <lane id="473393255_1" index="1" disallow="tram rail_urban rail rail_electric rail_fast ship" speed="16.67" length="21.81" shape="156.89,163.85 151.98,185.10">
            <param key="origId" value="473393255"/>
        </lane>
        <lane id="473393255_2" index="2" disallow="tram rail_urban rail rail_electric rail_fast ship" speed="16.67" length="21.81" shape="160.01,164.57 155.10,185.84">
            <param key="origId" value="473393255"/>
        </lane>
        <param key="origTo" value="243485057"/>
    </edge>
    <edge id="473888861" from="243485277" to="cluster_259397231_5599381656" name="Upper East Coast Road" priority="11" type="highway.secondary" spreadType="center" shape="287.81,209.85 258.25,206.58">
        <lane id="473888861_0" index="0" disallow="tram rail_urban rail rail_electric rail_fast ship" speed="13.89" length="22.52" shape="288.16,206.67 265.78,204.19">
            <param key="origId" value="473888861"/>
        </lane>
        <lane id="473888861_1" index="1" disallow="tram rail_urban rail rail_electric rail_fast ship" speed="13.89" length="22.52" shape="287.81,209.85 265.42,207.37">
            <param key="origId" value="473888861"/>
        </lane>
        <lane id="473888861_2" index="2" disallow="tram rail_urban rail rail_electric rail_fast ship" speed="13.89" length="22.52" shape="287.46,213.03 265.07,210.55">
            <param key="origId" value="473888861"/>
        </lane>
        <param key="origTo" value="259397231"/>
    </edge>
    <edge id="474471903" from="243492182" to="4593387852" name="Bedok South Avenue 1" priority="12" type="highway.primary" spreadType="center">
        <lane id="474471903_0" index="0" disallow="tram rail_urban rail rail_electric rail_fast ship" speed="16.67" length="49.83" shape="165.72,107.76 153.56,156.08">
            <param key="origId" value="474471903"/>
        </lane>
        <lane id="474471903_1" index="1" disallow="tram rail_urban rail rail_electric rail_fast ship" speed="16.67" length="49.83" shape="168.82,108.54 156.67,156.87">
            <param key="origId" value="474471903"/>
        </lane>
        <lane id="474471903_2" index="2" disallow="tram rail_urban rail rail_electric rail_fast ship" speed="16.67" length="49.83" shape="171.93,109.32 159.77,157.65">
            <param key="origId" value="474471903"/>
        </lane>
        <lane id="474471903_3" index="3" disallow="tram rail_urban rail rail_electric rail_fast ship" speed="16.67" length="49.83" shape="175.03,110.10 162.87,158.43">
            <param key="origId" value="474471903"/>
        </lane>
    </edge>
    <edge id="477792528" from="3896394015" to="243492182" name="Bedok South Avenue 1" priority="12" type="highway.primary" spreadType="center">
        <lane id="477792528_0" index="0" disallow="tram rail_urban rail rail_electric rail_fast ship" speed="16.67" length="104.49" shape="196.90,-0.40 170.80,100.78">
            <param key="origId" value="477792528"/>
        </lane>
        <lane id="477792528_1" index="1" disallow="tram rail_urban rail rail_electric rail_fast ship" speed="16.67" length="104.49" shape="200.00,0.40 173.90,101.58">
            <param key="origId" value="477792528"/>
        </lane>
    </edge>
    <edge id="478162426" from="2879240150" to="6003927598" name="Bedok South Avenue 1" priority="12" type="highway.primary" spreadType="center" shape="180.15,120.58 192.98,67.85 206.07,18.45">
        <lane id="478162426_0" index="0" disallow="tram rail_urban rail rail_electric rail_fast ship" speed="16.67" length="103.32" shape="183.74,119.34 196.08,68.64 209.16,19.27">
            <param key="origId" value="478162426"/>
        </lane>
        <lane id="478162426_1" index="1" disallow="tram rail_urban rail rail_electric rail_fast ship" speed="16.67" length="103.32" shape="180.64,118.59 192.98,67.85 206.07,18.45">
            <param key="origId" value="478162426"/>
        </lane>
        <lane id="478162426_2" index="2" disallow="tram rail_urban rail rail_electric rail_fast ship" speed="16.67" length="103.32" shape="177.53,117.83 189.88,67.06 202.98,17.63">
            <param key="origId" value="478162426"/>
        </lane>
    </edge>
    <edge id="539603100" from="4675474956" to="cluster_243485057_243507369_5599381676_5599381677" name="Upper East Coast Road" priority="11" type="highway.secondary" spreadType="center" shape="243.77,204.90 210.46,201.26 190.66,199.25 168.10,197.76 163.29,197.45">
        <lane id="539603100_0" index="0" disallow="tram rail_urban rail rail_electric rail_fast ship" speed="13.89" length="57.76" shape="228.95,200.06 210.80,198.08 190.93,196.06 171.46,194.78">
            <param key="origId" value="539603100 630436409 630436409"/>
        </lane>
        <lane id="539603100_1" index="1" disallow="tram rail_urban rail rail_electric rail_fast ship" speed="13.89" length="57.76" shape="228.61,203.24 210.46,201.26 190.66,199.25 171.10,197.96">
            <param key="origId" value="539603100 630436409 630436409"/>
        </lane>
        <lane id="539603100_2" index="2" disallow="tram rail_urban rail rail_electric rail_fast ship" speed="13.89" length="57.76" shape="228.26,206.42 210.12,204.44 190.39,202.44 170.74,201.14">
            <param key="origId" value="539603100 630436409 630436409"/>
        </lane>
        <param key="origTo" value="243507369"/>
    </edge>
    <edge id="539603102#0" from="cluster_243485057_243507369_5599381676_5599381677" to="4593387844" name="Upper East Coast Road" priority="11" type="highway.secondary" spreadType="center" shape="150.10,195.37 141.44,194.28 122.73,192.98 88.29,189.96 65.69,187.81">
        <lane id="539603102#0_0" index="0" disallow="tram rail_urban rail rail_electric rail_fast ship" speed="16.67" length="30.49" shape="141.71,192.70 141.60,192.69 122.86,191.38 111.26,190.37">
            <param key="origId" value="539603102 539603102 539603101"/>
        </lane>
        <lane id="539603102#0_1" index="1" disallow="tram rail_urban rail rail_electric rail_fast ship" speed="16.67" length="30.49" shape="141.31,195.88 122.60,194.58 110.96,193.55">
            <param key="origId" value="539603102 539603102 539603101"/>
        </lane>
        <param key="origFrom" value="243485057"/>
    </edge>
    <edge id="585984922" from="cluster_243485057_243507369_5599381676_5599381677" to="2879240150" name="Bedok South Avenue 1" priority="12" type="highway.primary" spreadType="center" shape="163.29,197.45 165.23,189.28 180.15,120.58">
        <lane id="585984922_0" index="0" disallow="tram rail_urban rail rail_electric rail_fast ship" speed="16.67" length="52.61" shape="167.00,188.66 178.18,137.21">
            <param key="origId" value="585984922"/>
        </lane>
        <lane id="585984922_1" index="1" disallow="tram rail_urban rail rail_electric rail_fast ship" speed="16.67" length="52.61" shape="163.89,187.92 175.05,136.53">
            <param key="origId" value="585984922"/>
        </lane>
        <param key="origFrom" value="243507369"/>
    </edge>
    <edge id="585984925" from="5599381680" to="cluster_259397231_5599381656" name="Upper East Coast Road" priority="11" type="highway.secondary" spreadType="center" shape="208.69,210.77 221.63,212.28 245.41,215.04 252.53,215.87 257.09,216.44">
        <lane id="585984925_0" index="0" disallow="tram rail_urban rail rail_electric rail_fast ship" speed="13.89" length="41.76" shape="208.36,212.34 221.45,213.87 245.23,216.63 249.84,217.17">
            <param key="origId" value="585984925 585984924"/>
        </lane>
        <lane id="585984925_1" index="1" disallow="tram rail_urban rail rail_electric rail_fast ship" speed="13.89" length="41.76" shape="208.73,209.16 221.81,210.69 245.59,213.45 250.20,213.99">
            <param key="origId" value="585984925 585984924"/>
        </lane>
        <param key="origTo" value="5599381656"/>
    </edge>
    <edge id="585984926" from="cluster_243485057_243507369_5599381676_5599381677" to="5599381680" name="Upper East Coast Road" priority="11" type="highway.secondary" spreadType="center" shape="161.41,206.01 166.82,206.63 190.18,209.29 208.69,210.77">
        <lane id="585984926_0" index="0" disallow="tram rail_urban rail rail_electric rail_fast ship" speed="13.89" length="19.59" shape="169.89,208.59 189.41,210.81">
            <param key="origId" value="585984926 630436410"/>
        </lane>
        <lane id="585984926_1" index="1" disallow="tram rail_urban rail rail_electric rail_fast ship" speed="13.89" length="19.59" shape="170.25,205.41 189.66,207.62">
            <param key="origId" value="585984926 630436410"/>
        </lane>
        <param key="origFrom" value="5599381676"/>
    </edge>
    <edge id="585984928#0" from="5599381682" to="cluster_243485057_243507369_5599381676_5599381677" name="Upper East Coast Road" priority="11" type="highway.secondary" spreadType="center" shape="87.71,195.18 121.86,200.26 140.01,203.15 148.16,204.16">
        <lane id="585984928#0_0" index="0" disallow="tram rail_urban rail rail_electric rail_fast ship" speed="16.67" length="33.97" shape="106.34,201.19 121.37,203.42 139.56,206.32 139.99,206.37">
            <param key="origId" value="585984928"/>
        </lane>
        <lane id="585984928#0_1" index="1" disallow="tram rail_urban rail rail_electric rail_fast ship" speed="16.67" length="33.97" shape="106.82,198.02 121.86,200.26 140.01,203.15 140.39,203.20">
            <param key="origId" value="585984928"/>
        </lane>
        <lane id="585984928#0_2" index="2" disallow="tram rail_urban rail rail_electric rail_fast ship" speed="16.67" length="33.97" shape="107.29,194.86 122.35,197.10 140.46,199.98 140.79,200.02">
            <param key="origId" value="585984928"/>
        </lane>
        <param key="origTo" value="5599381677"/>
    </edge>
    <edge id="585984929" from="5599381681" to="5599381682" name="Upper East Coast Road" priority="11" type="highway.secondary" spreadType="center">
        <lane id="585984929_0" index="0" disallow="tram rail_urban rail rail_electric rail_fast ship" speed="16.67" length="12.94" shape="76.68,197.34 89.56,198.57">
            <param key="origId" value="585984929"/>
        </lane>
        <lane id="585984929_1" index="1" disallow="tram rail_urban rail rail_electric rail_fast ship" speed="16.67" length="12.94" shape="76.99,194.15 89.86,195.39">
            <param key="origId" value="585984929"/>
        </lane>
        <lane id="585984929_2" index="2" disallow="tram rail_urban rail rail_electric rail_fast ship" speed="16.67" length="12.94" shape="77.29,190.96 90.17,192.20">
            <param key="origId" value="585984929"/>
        </lane>
    </edge>
    <edge id="636908812" from="cluster_259397231_5599381656" to="4675474956" name="Upper East Coast Road" priority="11" type="highway.secondary" spreadType="center" shape="258.25,206.58 243.77,204.90">
        <lane id="636908812_0" index="0" disallow="tram rail_urban rail rail_electric rail_fast ship" speed="13.89" length="7.64" shape="251.53,202.58 243.94,201.70">
            <param key="origId" value="636908812"/>
        </lane>
        <lane id="636908812_1" index="1" disallow="tram rail_urban rail rail_electric rail_fast ship" speed="13.89" length="7.64" shape="251.16,205.76 243.57,204.88">
            <param key="origId" value="636908812"/>
        </lane>
        <lane id="636908812_2" index="2" disallow="tram rail_urban rail rail_electric rail_fast ship" speed="13.89" length="7.64" shape="250.79,208.94 243.20,208.06">
            <param key="origId" value="636908812"/>
        </lane>
        <param key="origFrom" value="259397231"/>
    </edge>
    <edge id="637713639" from="6011718847" to="4593444781" name="Bedok South Avenue 1" priority="12" type="highway.primary" spreadType="center">
        <lane id="637713639_0" index="0" disallow="tram rail_urban rail rail_electric rail_fast ship" speed="16.67" length="22.86" shape="148.62,279.36 154.09,257.17">
            <param key="origId" value="637713639"/>
        </lane>
        <lane id="637713639_1" index="1" disallow="tram rail_urban rail rail_electric rail_fast ship" speed="16.67" length="22.86" shape="145.51,278.60 150.98,256.40">
            <param key="origId" value="637713639"/>
        </lane>
        <lane id="637713639_2" index="2" disallow="tram rail_urban rail rail_electric rail_fast ship" speed="16.67" length="22.86" shape="142.40,277.83 147.88,255.64">
            <param key="origId" value="637713639"/>
        </lane>
    </edge>
    <edge id="639419044" from="cluster_259397231_5599381656" to="5599381654" name="Upper East Coast Road" priority="11" type="highway.secondary" spreadType="center" shape="257.09,216.44 286.01,219.69">
        <lane id="639419044_0" index="0" disallow="tram rail_urban rail rail_electric rail_fast ship" speed="13.89" length="21.83" shape="264.13,218.84 285.83,221.28">
            <param key="origId" value="639419044"/>
        </lane>
        <lane id="639419044_1" index="1" disallow="tram rail_urban rail rail_electric rail_fast ship" speed="13.89" length="21.83" shape="264.49,215.66 286.19,218.10">
            <param key="origId" value="639419044"/>
        </lane>
        <param key="origFrom" value="5599381656"/>
    </edge>
    <edge id="641096149" from="5599381657" to="5599381681" name="Upper East Coast Road" priority="11" type="highway.secondary" spreadType="center" shape="0.00,189.17 36.47,191.46 69.10,193.52 73.03,193.77">
        <lane id="641096149_0" index="0" disallow="tram rail_urban rail rail_electric rail_fast ship" speed="16.67" length="69.20" shape="-0.10,190.77 36.37,193.06 68.96,195.11">
            <param key="origId" value="641096149 586882095"/>
        </lane>
        <lane id="641096149_1" index="1" disallow="tram rail_urban rail rail_electric rail_fast ship" speed="16.67" length="69.20" shape="0.10,187.57 36.57,189.86 69.17,191.92">
            <param key="origId" value="641096149 586882095"/>
        </lane>
        <param key="origTo" value="5599381684"/>
    </edge>
    <edge id="74527432#0" from="cluster_243485057_243507369_5599381676_5599381677" to="4593444770" name="Bedok South Avenue 1" priority="12" type="highway.primary" spreadType="center" shape="148.16,204.16 146.95,209.86 126.50,307.23">
        <lane id="74527432#0_0" index="0" disallow="tram rail_urban rail rail_electric rail_fast ship" speed="16.67" length="58.83" shape="144.71,212.72 132.62,270.30">
            <param key="origId" value="74527432"/>
        </lane>
        <lane id="74527432#0_1" index="1" disallow="tram rail_urban rail rail_electric rail_fast ship" speed="16.67" length="58.83" shape="147.84,213.39 135.75,270.96">
            <param key="origId" value="74527432"/>
        </lane>
        <param key="origFrom" value="5599381677"/>
    </edge>

    <tlLogic id="cluster_243485057_243507369_5599381676_5599381677" type="actuated" programID="0" offset="0">
        <phase duration="31" state="GGggrrrrGGggrrrr" minDur="7" maxDur="50"/>
        <phase duration="4"  state="yyggrrrryyggrrrr"/>
        <phase duration="6"  state="rrGGrrrrrrGGrrrr" minDur="7" maxDur="50"/>
        <phase duration="4"  state="rryyrrrrrryyrrrr"/>
        <phase duration="31" state="rrrrGGggrrrrGGgg" minDur="7" maxDur="50"/>
        <phase duration="4"  state="rrrryyggrrrryygg"/>
        <phase duration="6"  state="rrrrrrGGrrrrrrGG" minDur="7" maxDur="50"/>
        <phase duration="4"  state="rrrrrryyrrrrrryy"/>
    </tlLogic>

    <junction id="2376694448" type="dead_end" x="254.22" y="311.90" incLanes="23924500_0" intLanes="" shape="254.22,311.90 251.02,312.07 254.22,311.90"/>
    <junction id="243485277" type="dead_end" x="287.81" y="209.85" incLanes="" intLanes="" shape="287.28,214.62 288.34,205.08"/>
    <junction id="243492182" type="priority" x="171.35" y="105.05" incLanes="477792528_0 477792528_1" intLanes=":243492182_0_0 :243492182_0_1 :243492182_0_2 :243492182_0_3" shape="169.25,100.38 175.45,101.98 175.50,105.11 176.51,107.36 176.79,108.70 176.58,110.49 164.17,107.37 165.71,104.62 167.69,103.12 168.57,102.06">
        <request index="0" response="0000" foes="0000" cont="0"/>
        <request index="1" response="0000" foes="0000" cont="0"/>
        <request index="2" response="0000" foes="0000" cont="0"/>
        <request index="3" response="0000" foes="0000" cont="0"/>
    </junction>
    <junction id="259397086" type="priority" x="46.38" y="113.80" incLanes="-23924464_0" intLanes=":259397086_0_0" shape="46.38,113.80 46.25,117.00 46.38,113.80">
        <request index="0" response="0" foes="0" cont="0"/>
    </junction>
    <junction id="2879240150" type="priority" x="180.15" y="120.58" incLanes="284167586_0 284167586_1 585984922_0 585984922_1" intLanes=":2879240150_0_0 :2879240150_0_1 :2879240150_2_0 :2879240150_2_1" shape="175.97,117.45 185.30,119.72 184.67,123.10 184.61,125.63 185.01,127.75 185.76,129.86 186.75,132.37 187.85,135.71 181.70,137.49 179.74,137.55 173.48,136.19">
        <request index="0" response="1100" foes="1100" cont="0"/>
        <request index="1" response="1100" foes="1100" cont="0"/>
        <request index="2" response="0000" foes="0011" cont="0"/>
        <request index="3" response="0000" foes="0011" cont="0"/>
    </junction>
    <junction id="3896394015" type="dead_end" x="198.45" y="0.00" incLanes="" intLanes="" shape="201.55,0.80 195.35,-0.80"/>
    <junction id="4593387844" type="priority" x="65.69" y="187.81" incLanes="464199169_0 539603102#0_0 539603102#0_1" intLanes=":4593387844_0_0 :4593387844_1_0 :4593387844_1_1" shape="111.26,184.60 111.38,187.82 111.41,188.78 110.80,195.15 107.64,194.75 105.32,194.24 103.43,193.70 101.54,193.18 99.22,192.75 96.05,192.47 96.35,186.08 99.54,186.17 101.90,186.11 103.84,185.90 105.77,185.57 108.11,185.13">
        <request index="0" response="110" foes="110" cont="0"/>
        <request index="1" response="000" foes="001" cont="0"/>
        <request index="2" response="000" foes="001" cont="0"/>
    </junction>
    <junction id="4593387852" type="priority" x="160.63" y="147.67" incLanes="474471903_0 474471903_1 474471903_2 474471903_3" intLanes=":4593387852_0_0 :4593387852_1_0 :4593387852_1_1 :4593387852_1_2" shape="152.01,155.69 164.43,158.82 163.49,161.13 162.97,161.87 162.46,162.61 161.99,163.57 161.57,164.93 152.21,162.77 151.66,162.52 149.09,160.62 150.45,158.93 150.93,158.33 151.32,157.69 151.67,156.86">
        <request index="0" response="0000" foes="0000" cont="0"/>
        <request index="1" response="0000" foes="0000" cont="0"/>
        <request index="2" response="0000" foes="0000" cont="0"/>
        <request index="3" response="0000" foes="0000" cont="0"/>
    </junction>
    <junction id="4593444766" type="dead_end" x="136.68" y="319.23" incLanes="" intLanes="" shape="133.55,318.56 139.81,319.90"/>
    <junction id="4593444770" type="dead_end" x="126.50" y="307.23" incLanes="464204346_0 74527432#0_0 74527432#0_1" intLanes="" shape="127.67,269.71 130.86,269.95 131.05,269.98 137.32,271.29 132.87,291.13 129.56,302.94 127.39,306.69 126.34,302.41 126.44,290.08"/>
    <junction id="4593444781" type="priority" x="149.66" y="261.77" incLanes="637713639_0 637713639_1 637713639_2" intLanes=":4593444781_0_0 :4593444781_1_0 :4593444781_1_1 :4593444781_1_2" shape="149.26,239.76 158.67,241.68 160.00,242.21 162.72,243.91 160.78,246.58 159.32,248.58 158.21,250.29 157.31,252.10 156.50,254.39 155.64,257.55 146.32,255.26">
        <request index="0" response="0000" foes="0000" cont="0"/>
        <request index="1" response="0000" foes="0000" cont="0"/>
        <request index="2" response="0000" foes="0000" cont="0"/>
        <request index="3" response="0000" foes="0000" cont="0"/>
    </junction>
    <junction id="4593444784" type="dead_end" x="0.33" y="183.94" incLanes="174281658_0 174281658_1" intLanes="" shape="0.54,180.75 0.12,187.13"/>
    <junction id="4675474956" type="priority" x="243.77" y="204.90" incLanes="636908812_0 636908812_1 636908812_2" intLanes=":4675474956_0_0 :4675474956_0_1 :4675474956_2_0 :4675474956_2_1 :4675474956_2_2" shape="244.12,200.11 243.02,209.64 228.09,208.01 229.13,198.47 229.44,197.71 233.39,192.68 235.52,194.57 237.02,196.23 238.25,197.62 239.60,198.74 241.43,199.58">
        <request index="0" response="00000" foes="00000" cont="0"/>
        <request index="1" response="00000" foes="00000" cont="0"/>
        <request index="2" response="00000" foes="00000" cont="0"/>
        <request index="3" response="00000" foes="00000" cont="0"/>
        <request index="4" response="00000" foes="00000" cont="0"/>
    </junction>
    <junction id="5599381654" type="dead_end" x="286.01" y="219.69" incLanes="639419044_0 639419044_1" intLanes="" shape="285.65,222.87 286.37,216.51"/>
    <junction id="5599381657" type="dead_end" x="0.00" y="189.17" incLanes="" intLanes="" shape="0.20,185.98 -0.20,192.36"/>
    <junction id="5599381680" type="priority" x="208.69" y="210.77" incLanes="464204347_0 585984926_0 585984926_1" intLanes=":5599381680_0_0 :5599381680_1_0 :5599381680_1_1" shape="208.91,207.57 208.17,213.93 204.30,213.63 201.43,213.73 199.07,214.17 196.73,214.87 193.90,215.77 190.10,216.78 189.37,213.66 189.28,212.41 189.79,206.03">
        <request index="0" response="110" foes="110" cont="0"/>
        <request index="1" response="000" foes="001" cont="0"/>
        <request index="2" response="000" foes="001" cont="0"/>
    </junction>
    <junction id="5599381681" type="priority" x="73.03" y="193.77" incLanes="641096149_0 641096149_1" intLanes=":5599381681_0_0 :5599381681_0_1 :5599381681_0_2" shape="77.44,189.37 76.53,198.93 73.67,198.24 72.72,197.77 71.76,197.31 70.57,196.94 68.86,196.71 69.27,190.32 72.32,190.11 73.38,189.80 74.43,189.50 75.71,189.32">
        <request index="0" response="000" foes="000" cont="0"/>
        <request index="1" response="000" foes="000" cont="0"/>
        <request index="2" response="000" foes="000" cont="0"/>
    </junction>
    <junction id="5599381682" type="priority" x="87.71" y="195.18" incLanes="585984929_0 585984929_1 585984929_2" intLanes=":5599381682_0_0 :5599381682_1_0 :5599381682_1_1 :5599381682_1_2" shape="107.52,193.27 106.11,202.77 105.56,204.28 103.88,207.00 101.00,205.09 98.87,203.54 97.07,202.30 95.18,201.35 92.77,200.65 89.40,200.16 90.32,190.61">
        <request index="0" response="0000" foes="0000" cont="0"/>
        <request index="1" response="0000" foes="0000" cont="0"/>
        <request index="2" response="0000" foes="0000" cont="0"/>
        <request index="3" response="0000" foes="0000" cont="0"/>
    </junction>
    <junction id="6003927598" type="dead_end" x="206.07" y="18.45" incLanes="478162426_0 478162426_1 478162426_2" intLanes="" shape="210.71,19.68 201.43,17.22"/>
    <junction id="6011718847" type="priority" x="144.56" y="282.46" incLanes="473393252_0 473393252_1" intLanes=":6011718847_0_0 :6011718847_0_1 :6011718847_0_2" shape="140.85,277.45 150.17,279.75 149.07,282.49 148.47,283.37 147.88,284.26 147.33,285.39 146.86,287.02 140.60,285.68 140.83,282.64 140.68,281.55 140.54,280.46 140.55,279.17">
        <request index="0" response="000" foes="000" cont="0"/>
        <request index="1" response="000" foes="000" cont="0"/>
        <request index="2" response="000" foes="000" cont="0"/>
    </junction>
    <junction id="6275761343" type="priority" x="18.25" y="112.65" incLanes="23924464_0" intLanes=":6275761343_0_0" shape="18.25,112.65 18.38,109.45 18.25,112.65">
        <request index="0" response="0" foes="0" cont="0"/>
    </junction>
    <junction id="cluster_243485057_243507369_5599381676_5599381677" type="traffic_light" x="155.74" y="200.75" incLanes="473393255_0 473393255_1 473393255_2 539603100_0 539603100_1 539603100_2 473393249_0 473393249_1 473393249_2 585984928#0_0 585984928#0_1 585984928#0_2" intLanes=":cluster_243485057_243507369_5599381676_5599381677_0_0 :cluster_243485057_243507369_5599381676_5599381677_0_1 :cluster_243485057_243507369_5599381676_5599381677_16_0 :cluster_243485057_243507369_5599381676_5599381677_17_0 :cluster_243485057_243507369_5599381676_5599381677_4_0 :cluster_243485057_243507369_5599381676_5599381677_4_1 :cluster_243485057_243507369_5599381676_5599381677_18_0 :cluster_243485057_243507369_5599381676_5599381677_19_0 :cluster_243485057_243507369_5599381676_5599381677_8_0 :cluster_243485057_243507369_5599381676_5599381677_8_1 :cluster_243485057_243507369_5599381676_5599381677_20_0 :cluster_243485057_243507369_5599381676_5599381677_21_0 :cluster_243485057_243507369_5599381676_5599381677_12_0 :cluster_243485057_243507369_5599381676_5599381677_12_1 :cluster_243485057_243507369_5599381676_5599381677_22_0 :cluster_243485057_243507369_5599381676_5599381677_23_0" shape="147.31,183.99 168.56,189.03 168.53,191.22 168.91,192.01 169.56,192.61 170.47,193.00 171.65,193.18 169.71,210.18 167.05,210.68 165.97,211.57 165.07,212.88 164.33,214.61 163.76,216.76 143.15,212.39 143.14,210.16 142.72,209.33 142.02,208.68 141.04,208.23 139.79,207.96 141.91,191.11 144.13,190.53 145.08,189.56 145.93,188.15 146.67,186.30">
        <request index="0"  response="0100000001000000" foes="0111110001110000" cont="0"/>
        <request index="1"  response="0100000001000000" foes="0111110001110000" cont="0"/>
        <request index="2"  response="0100001101000000" foes="0111001111110000" cont="1"/>
        <request index="3"  response="0100001100000000" foes="0100001100000000" cont="1"/>
        <request index="4"  response="0000011100000111" foes="1100011100000111" cont="0"/>
        <request index="5"  response="0000011100000111" foes="1100011100000111" cont="0"/>
        <request index="6"  response="0011011100000111" foes="0011111100000111" cont="1"/>
        <request index="7"  response="0011000000000100" foes="0011000000000100" cont="1"/>
        <request index="8"  response="0100000001000000" foes="0111000001111100" cont="0"/>
        <request index="9"  response="0100000001000000" foes="0111000001111100" cont="0"/>
        <request index="10" response="0100000001000011" foes="1111000001110011" cont="1"/>
        <request index="11" response="0000000001000011" foes="0000000001000011" cont="1"/>
        <request index="12" response="0000011100000111" foes="0000011111000111" cont="0"/>
        <request index="13" response="0000011100000111" foes="0000011111000111" cont="0"/>
        <request index="14" response="0000011100110111" foes="0000011100111111" cont="1"/>
        <request index="15" response="0000010000110000" foes="0000010000110000" cont="1"/>
        <param key="origEdgeIds" value="585984920 585984921 585984927 74527440"/>
        <param key="origId" value="243485057 243507369 5599381676 5599381677"/>
    </junction>
    <junction id="cluster_259397231_5599381656" type="priority" x="257.67" y="211.51" incLanes="473888861_0 473888861_1 473888861_2 -23924500_0 585984925_0 585984925_1" intLanes=":cluster_259397231_5599381656_0_0 :cluster_259397231_5599381656_0_1 :cluster_259397231_5599381656_0_2 :cluster_259397231_5599381656_12_0 :cluster_259397231_5599381656_13_0 :cluster_259397231_5599381656_5_0 :cluster_259397231_5599381656_6_0 :cluster_259397231_5599381656_6_1 :cluster_259397231_5599381656_8_0 :cluster_259397231_5599381656_9_0 :cluster_259397231_5599381656_9_1 :cluster_259397231_5599381656_14_0" shape="265.96,202.60 263.96,220.43 261.71,220.63 260.88,221.09 260.26,221.81 259.84,222.76 259.62,223.97 253.25,223.39 253.01,221.02 252.54,220.15 251.82,219.48 250.85,219.01 249.65,218.76 251.71,200.99">
        <request index="0"  response="000000000000" foes="100011000000" cont="0"/>
        <request index="1"  response="000000000000" foes="100011000000" cont="0"/>
        <request index="2"  response="000000000000" foes="100011000000" cont="0"/>
        <request index="3"  response="011100000000" foes="011111000000" cont="1"/>
        <request index="4"  response="011000000000" foes="011000000000" cont="1"/>
        <request index="5"  response="011000000000" foes="011000000000" cont="0"/>
        <request index="6"  response="011000001111" foes="111000001111" cont="0"/>
        <request index="7"  response="011000001111" foes="111000001111" cont="0"/>
        <request index="8"  response="000000000000" foes="000000001000" cont="0"/>
        <request index="9"  response="000000000000" foes="000011111000" cont="0"/>
        <request index="10" response="000000000000" foes="000011111000" cont="0"/>
        <request index="11" response="000011000111" foes="000011000111" cont="1"/>
        <param key="origEdgeIds" value="-636912106 636912106"/>
        <param key="origId" value="259397231 5599381656"/>
    </junction>

    <junction id=":cluster_243485057_243507369_5599381676_5599381677_16_0" type="internal" x="158.78" y="200.86" incLanes=":cluster_243485057_243507369_5599381676_5599381677_2_0 473393249_0 473393249_1" intLanes=":cluster_243485057_243507369_5599381676_5599381677_4_0 :cluster_243485057_243507369_5599381676_5599381677_4_1 :cluster_243485057_243507369_5599381676_5599381677_6_0 :cluster_243485057_243507369_5599381676_5599381677_7_0 :cluster_243485057_243507369_5599381676_5599381677_8_0 :cluster_243485057_243507369_5599381676_5599381677_8_1 :cluster_243485057_243507369_5599381676_5599381677_12_0 :cluster_243485057_243507369_5599381676_5599381677_12_1 :cluster_243485057_243507369_5599381676_5599381677_14_0"/>
    <junction id=":cluster_243485057_243507369_5599381676_5599381677_17_0" type="internal" x="161.46" y="190.18" incLanes=":cluster_243485057_243507369_5599381676_5599381677_3_0 473393249_0 473393249_1 585984928#0_2" intLanes=":cluster_243485057_243507369_5599381676_5599381677_8_0 :cluster_243485057_243507369_5599381676_5599381677_8_1 :cluster_243485057_243507369_5599381676_5599381677_14_0"/>
    <junction id=":cluster_243485057_243507369_5599381676_5599381677_18_0" type="internal" x="159.63" y="202.09" incLanes=":cluster_243485057_243507369_5599381676_5599381677_6_0 585984928#0_0 585984928#0_1" intLanes=":cluster_243485057_243507369_5599381676_5599381677_0_0 :cluster_243485057_243507369_5599381676_5599381677_0_1 :cluster_243485057_243507369_5599381676_5599381677_2_0 :cluster_243485057_243507369_5599381676_5599381677_8_0 :cluster_243485057_243507369_5599381676_5599381677_8_1 :cluster_243485057_243507369_5599381676_5599381677_10_0 :cluster_243485057_243507369_5599381676_5599381677_11_0 :cluster_243485057_243507369_5599381676_5599381677_12_0 :cluster_243485057_243507369_5599381676_5599381677_12_1"/>
    <junction id=":cluster_243485057_243507369_5599381676_5599381677_19_0" type="internal" x="168.47" y="202.86" incLanes=":cluster_243485057_243507369_5599381676_5599381677_7_0 473393255_2 585984928#0_0 585984928#0_1" intLanes=":cluster_243485057_243507369_5599381676_5599381677_2_0 :cluster_243485057_243507369_5599381676_5599381677_12_0 :cluster_243485057_243507369_5599381676_5599381677_12_1"/>
    <junction id=":cluster_243485057_243507369_5599381676_5599381677_20_0" type="internal" x="152.63" y="200.21" incLanes=":cluster_243485057_243507369_5599381676_5599381677_10_0 473393255_0 473393255_1" intLanes=":cluster_243485057_243507369_5599381676_5599381677_0_0 :cluster_243485057_243507369_5599381676_5599381677_0_1 :cluster_243485057_243507369_5599381676_5599381677_4_0 :cluster_243485057_243507369_5599381676_5599381677_4_1 :cluster_243485057_243507369_5599381676_5599381677_6_0 :cluster_243485057_243507369_5599381676_5599381677_12_0 :cluster_243485057_243507369_5599381676_5599381677_12_1 :cluster_243485057_243507369_5599381676_5599381677_14_0 :cluster_243485057_243507369_5599381676_5599381677_15_0"/>
    <junction id=":cluster_243485057_243507369_5599381676_5599381677_21_0" type="internal" x="150.21" y="211.07" incLanes=":cluster_243485057_243507369_5599381676_5599381677_11_0 473393255_0 473393255_1 539603100_2" intLanes=":cluster_243485057_243507369_5599381676_5599381677_0_0 :cluster_243485057_243507369_5599381676_5599381677_0_1 :cluster_243485057_243507369_5599381676_5599381677_6_0"/>
    <junction id=":cluster_243485057_243507369_5599381676_5599381677_22_0" type="internal" x="153.02" y="199.24" incLanes=":cluster_243485057_243507369_5599381676_5599381677_14_0 539603100_0 539603100_1" intLanes=":cluster_243485057_243507369_5599381676_5599381677_0_0 :cluster_243485057_243507369_5599381676_5599381677_0_1 :cluster_243485057_243507369_5599381676_5599381677_2_0 :cluster_243485057_243507369_5599381676_5599381677_3_0 :cluster_243485057_243507369_5599381676_5599381677_4_0 :cluster_243485057_243507369_5599381676_5599381677_4_1 :cluster_243485057_243507369_5599381676_5599381677_8_0 :cluster_243485057_243507369_5599381676_5599381677_8_1 :cluster_243485057_243507369_5599381676_5599381677_10_0"/>
    <junction id=":cluster_243485057_243507369_5599381676_5599381677_23_0" type="internal" x="142.97" y="198.44" incLanes=":cluster_243485057_243507369_5599381676_5599381677_15_0 473393249_2 539603100_0 539603100_1" intLanes=":cluster_243485057_243507369_5599381676_5599381677_4_0 :cluster_243485057_243507369_5599381676_5599381677_4_1 :cluster_243485057_243507369_5599381676_5599381677_10_0"/>
    <junction id=":cluster_259397231_5599381656_12_0" type="internal" x="259.18" y="212.43" incLanes=":cluster_259397231_5599381656_3_0 585984925_0 585984925_1" intLanes=":cluster_259397231_5599381656_6_0 :cluster_259397231_5599381656_6_1 :cluster_259397231_5599381656_8_0 :cluster_259397231_5599381656_9_0 :cluster_259397231_5599381656_9_1"/>
    <junction id=":cluster_259397231_5599381656_13_0" type="internal" x="262.35" y="213.16" incLanes=":cluster_259397231_5599381656_4_0 -23924500_0 585984925_0 585984925_1" intLanes=":cluster_259397231_5599381656_5_0 :cluster_259397231_5599381656_9_0 :cluster_259397231_5599381656_9_1"/>
    <junction id=":cluster_259397231_5599381656_14_0" type="internal" x="252.91" y="211.45" incLanes=":cluster_259397231_5599381656_11_0 -23924500_0 473888861_0 473888861_1 473888861_2" intLanes=":cluster_259397231_5599381656_0_0 :cluster_259397231_5599381656_0_1 :cluster_259397231_5599381656_0_2 :cluster_259397231_5599381656_6_0 :cluster_259397231_5599381656_6_1"/>

    <connection from="-23924464" to="23924464" fromLane="0" toLane="0" via=":259397086_0_0" dir="T" state="M"/>
    <connection from="-23924500" to="639419044" fromLane="0" toLane="0" via=":cluster_259397231_5599381656_5_0" dir="l" state="m"/>
    <connection from="-23924500" to="636908812" fromLane="0" toLane="1" via=":cluster_259397231_5599381656_6_0" dir="r" state="m"/>
    <connection from="-23924500" to="636908812" fromLane="0" toLane="2" via=":cluster_259397231_5599381656_6_1" dir="r" state="m"/>
    <connection from="23924464" to="-23924464" fromLane="0" toLane="0" via=":6275761343_0_0" dir="T" state="M"/>
    <connection from="284167586" to="478162426" fromLane="0" toLane="0" via=":2879240150_0_0" dir="s" state="m"/>
    <connection from="284167586" to="478162426" fromLane="1" toLane="1" via=":2879240150_0_1" dir="s" state="m"/>
    <connection from="464199169" to="174281658" fromLane="0" toLane="0" via=":4593387844_0_0" dir="s" state="m"/>
    <connection from="464204347" to="585984925" fromLane="0" toLane="0" via=":5599381680_0_0" dir="s" state="m"/>
    <connection from="473393249" to="585984922" fromLane="0" toLane="0" via=":cluster_243485057_243507369_5599381676_5599381677_8_0" tl="cluster_243485057_243507369_5599381676_5599381677" linkIndex="8" dir="s" state="O"/>
    <connection from="473393249" to="585984922" fromLane="1" toLane="1" via=":cluster_243485057_243507369_5599381676_5599381677_8_1" tl="cluster_243485057_243507369_5599381676_5599381677" linkIndex="9" dir="s" state="O"/>
    <connection from="473393249" to="539603102#0" fromLane="2" toLane="1" via=":cluster_243485057_243507369_5599381676_5599381677_10_0" tl="cluster_243485057_243507369_5599381676_5599381677" linkIndex="10" dir="r" state="o"/>
    <connection from="473393249" to="74527432#0" fromLane="2" toLane="1" via=":cluster_243485057_243507369_5599381676_5599381677_11_0" tl="cluster_243485057_243507369_5599381676_5599381677" linkIndex="11" dir="T" state="o"/>
    <connection from="473393252" to="637713639" fromLane="0" toLane="0" via=":6011718847_0_0" dir="s" state="M"/>
    <connection from="473393252" to="637713639" fromLane="1" toLane="1" via=":6011718847_0_1" dir="s" state="M"/>
    <connection from="473393252" to="637713639" fromLane="1" toLane="2" via=":6011718847_0_2" dir="s" state="M"/>
    <connection from="473393255" to="74527432#0" fromLane="0" toLane="0" via=":cluster_243485057_243507369_5599381676_5599381677_0_0" tl="cluster_243485057_243507369_5599381676_5599381677" linkIndex="0" dir="s" state="O"/>
    <connection from="473393255" to="74527432#0" fromLane="1" toLane="1" via=":cluster_243485057_243507369_5599381676_5599381677_0_1" tl="cluster_243485057_243507369_5599381676_5599381677" linkIndex="1" dir="s" state="O"/>
    <connection from="473393255" to="585984926" fromLane="2" toLane="1" via=":cluster_243485057_243507369_5599381676_5599381677_2_0" tl="cluster_243485057_243507369_5599381676_5599381677" linkIndex="2" dir="r" state="o"/>
    <connection from="473393255" to="585984922" fromLane="2" toLane="1" via=":cluster_243485057_243507369_5599381676_5599381677_3_0" tl="cluster_243485057_243507369_5599381676_5599381677" linkIndex="3" dir="T" state="o"/>
    <connection from="473888861" to="636908812" fromLane="0" toLane="0" via=":cluster_259397231_5599381656_0_0" dir="s" state="M"/>
    <connection from="473888861" to="636908812" fromLane="1" toLane="1" via=":cluster_259397231_5599381656_0_1" dir="s" state="M"/>
    <connection from="473888861" to="636908812" fromLane="2" toLane="2" via=":cluster_259397231_5599381656_0_2" dir="s" state="M"/>
    <connection from="473888861" to="23924500" fromLane="2" toLane="0" via=":cluster_259397231_5599381656_3_0" dir="r" state="m"/>
    <connection from="473888861" to="639419044" fromLane="2" toLane="1" via=":cluster_259397231_5599381656_4_0" dir="T" state="m"/>
    <connection from="474471903" to="464199169" fromLane="0" toLane="0" via=":4593387852_0_0" dir="L" state="M"/>
    <connection from="474471903" to="473393255" fromLane="1" toLane="0" via=":4593387852_1_0" dir="s" state="M"/>
    <connection from="474471903" to="473393255" fromLane="2" toLane="1" via=":4593387852_1_1" dir="s" state="M"/>
    <connection from="474471903" to="473393255" fromLane="3" toLane="2" via=":4593387852_1_2" dir="s" state="M"/>
    <connection from="477792528" to="474471903" fromLane="0" toLane="0" via=":243492182_0_0" dir="s" state="M"/>
    <connection from="477792528" to="474471903" fromLane="0" toLane="1" via=":243492182_0_1" dir="s" state="M"/>
    <connection from="477792528" to="474471903" fromLane="1" toLane="2" via=":243492182_0_2" dir="s" state="M"/>
    <connection from="477792528" to="474471903" fromLane="1" toLane="3" via=":243492182_0_3" dir="s" state="M"/>
    <connection from="539603100" to="539603102#0" fromLane="0" toLane="0" via=":cluster_243485057_243507369_5599381676_5599381677_4_0" tl="cluster_243485057_243507369_5599381676_5599381677" linkIndex="4" dir="s" state="o"/>
    <connection from="539603100" to="539603102#0" fromLane="1" toLane="1" via=":cluster_243485057_243507369_5599381676_5599381677_4_1" tl="cluster_243485057_243507369_5599381676_5599381677" linkIndex="5" dir="s" state="o"/>
    <connection from="539603100" to="74527432#0" fromLane="2" toLane="1" via=":cluster_243485057_243507369_5599381676_5599381677_6_0" tl="cluster_243485057_243507369_5599381676_5599381677" linkIndex="6" dir="r" state="o"/>
    <connection from="539603100" to="585984926" fromLane="2" toLane="1" via=":cluster_243485057_243507369_5599381676_5599381677_7_0" tl="cluster_243485057_243507369_5599381676_5599381677" linkIndex="7" dir="T" state="o"/>
    <connection from="539603102#0" to="174281658" fromLane="0" toLane="0" via=":4593387844_1_0" dir="s" state="M"/>
    <connection from="539603102#0" to="174281658" fromLane="1" toLane="1" via=":4593387844_1_1" dir="s" state="M"/>
    <connection from="585984922" to="478162426" fromLane="0" toLane="1" via=":2879240150_2_0" dir="s" state="M"/>
    <connection from="585984922" to="478162426" fromLane="1" toLane="2" via=":2879240150_2_1" dir="s" state="M"/>
    <connection from="585984925" to="23924500" fromLane="0" toLane="0" via=":cluster_259397231_5599381656_8_0" dir="l" state="M"/>
    <connection from="585984925" to="639419044" fromLane="0" toLane="0" via=":cluster_259397231_5599381656_9_0" dir="s" state="M"/>
    <connection from="585984925" to="639419044" fromLane="1" toLane="1" via=":cluster_259397231_5599381656_9_1" dir="s" state="M"/>
    <connection from="585984925" to="636908812" fromLane="1" toLane="2" via=":cluster_259397231_5599381656_11_0" dir="T" state="m"/>
    <connection from="585984926" to="585984925" fromLane="0" toLane="0" via=":5599381680_1_0" dir="s" state="M"/>
    <connection from="585984926" to="585984925" fromLane="1" toLane="1" via=":5599381680_1_1" dir="s" state="M"/>
    <connection from="585984928#0" to="585984926" fromLane="0" toLane="0" via=":cluster_243485057_243507369_5599381676_5599381677_12_0" tl="cluster_243485057_243507369_5599381676_5599381677" linkIndex="12" dir="s" state="o"/>
    <connection from="585984928#0" to="585984926" fromLane="1" toLane="1" via=":cluster_243485057_243507369_5599381676_5599381677_12_1" tl="cluster_243485057_243507369_5599381676_5599381677" linkIndex="13" dir="s" state="o"/>
    <connection from="585984928#0" to="585984922" fromLane="2" toLane="1" via=":cluster_243485057_243507369_5599381676_5599381677_14_0" tl="cluster_243485057_243507369_5599381676_5599381677" linkIndex="14" dir="r" state="o"/>
    <connection from="585984928#0" to="539603102#0" fromLane="2" toLane="1" via=":cluster_243485057_243507369_5599381676_5599381677_15_0" tl="cluster_243485057_243507369_5599381676_5599381677" linkIndex="15" dir="T" state="o"/>
    <connection from="585984929" to="464204346" fromLane="0" toLane="0" via=":5599381682_0_0" dir="L" state="M"/>
    <connection from="585984929" to="585984928#0" fromLane="0" toLane="0" via=":5599381682_1_0" dir="s" state="M"/>
    <connection from="585984929" to="585984928#0" fromLane="1" toLane="1" via=":5599381682_1_1" dir="s" state="M"/>
    <connection from="585984929" to="585984928#0" fromLane="2" toLane="2" via=":5599381682_1_2" dir="s" state="M"/>
    <connection from="636908812" to="284167586" fromLane="0" toLane="0" via=":4675474956_0_0" dir="L" state="M"/>
    <connection from="636908812" to="284167586" fromLane="0" toLane="1" via=":4675474956_0_1" dir="L" state="M"/>
    <connection from="636908812" to="539603100" fromLane="0" toLane="0" via=":4675474956_2_0" dir="s" state="M"/>
    <connection from="636908812" to="539603100" fromLane="1" toLane="1" via=":4675474956_2_1" dir="s" state="M"/>
    <connection from="636908812" to="539603100" fromLane="2" toLane="2" via=":4675474956_2_2" dir="s" state="M"/>
    <connection from="637713639" to="464204347" fromLane="0" toLane="0" via=":4593444781_0_0" dir="L" state="M"/>
    <connection from="637713639" to="473393249" fromLane="0" toLane="0" via=":4593444781_1_0" dir="s" state="M"/>
    <connection from="637713639" to="473393249" fromLane="1" toLane="1" via=":4593444781_1_1" dir="s" state="M"/>
    <connection from="637713639" to="473393249" fromLane="2" toLane="2" via=":4593444781_1_2" dir="s" state="M"/>
    <connection from="641096149" to="585984929" fromLane="0" toLane="0" via=":5599381681_0_0" dir="s" state="M"/>
    <connection from="641096149" to="585984929" fromLane="1" toLane="1" via=":5599381681_0_1" dir="s" state="M"/>
    <connection from="641096149" to="585984929" fromLane="1" toLane="2" via=":5599381681_0_2" dir="s" state="M"/>

    <connection from=":243492182_0" to="474471903" fromLane="0" toLane="0" dir="s" state="M"/>
    <connection from=":243492182_0" to="474471903" fromLane="1" toLane="1" dir="s" state="M"/>
    <connection from=":243492182_0" to="474471903" fromLane="2" toLane="2" dir="s" state="M"/>
    <connection from=":243492182_0" to="474471903" fromLane="3" toLane="3" dir="s" state="M"/>
    <connection from=":259397086_0" to="23924464" fromLane="0" toLane="0" dir="T" state="M"/>
    <connection from=":2879240150_0" to="478162426" fromLane="0" toLane="0" dir="s" state="M"/>
    <connection from=":2879240150_0" to="478162426" fromLane="1" toLane="1" dir="s" state="M"/>
    <connection from=":2879240150_2" to="478162426" fromLane="0" toLane="1" dir="s" state="M"/>
    <connection from=":2879240150_2" to="478162426" fromLane="1" toLane="2" dir="s" state="M"/>
    <connection from=":4593387844_0" to="174281658" fromLane="0" toLane="0" dir="s" state="M"/>
    <connection from=":4593387844_1" to="174281658" fromLane="0" toLane="0" dir="s" state="M"/>
    <connection from=":4593387844_1" to="174281658" fromLane="1" toLane="1" dir="s" state="M"/>
    <connection from=":4593387852_0" to="464199169" fromLane="0" toLane="0" dir="L" state="M"/>
    <connection from=":4593387852_1" to="473393255" fromLane="0" toLane="0" dir="s" state="M"/>
    <connection from=":4593387852_1" to="473393255" fromLane="1" toLane="1" dir="s" state="M"/>
    <connection from=":4593387852_1" to="473393255" fromLane="2" toLane="2" dir="s" state="M"/>
    <connection from=":4593444781_0" to="464204347" fromLane="0" toLane="0" dir="L" state="M"/>
    <connection from=":4593444781_1" to="473393249" fromLane="0" toLane="0" dir="s" state="M"/>
    <connection from=":4593444781_1" to="473393249" fromLane="1" toLane="1" dir="s" state="M"/>
    <connection from=":4593444781_1" to="473393249" fromLane="2" toLane="2" dir="s" state="M"/>
    <connection from=":4675474956_0" to="284167586" fromLane="0" toLane="0" dir="L" state="M"/>
    <connection from=":4675474956_0" to="284167586" fromLane="1" toLane="1" dir="L" state="M"/>
    <connection from=":4675474956_2" to="539603100" fromLane="0" toLane="0" dir="s" state="M"/>
    <connection from=":4675474956_2" to="539603100" fromLane="1" toLane="1" dir="s" state="M"/>
    <connection from=":4675474956_2" to="539603100" fromLane="2" toLane="2" dir="s" state="M"/>
    <connection from=":5599381680_0" to="585984925" fromLane="0" toLane="0" dir="s" state="M"/>
    <connection from=":5599381680_1" to="585984925" fromLane="0" toLane="0" dir="s" state="M"/>
    <connection from=":5599381680_1" to="585984925" fromLane="1" toLane="1" dir="s" state="M"/>
    <connection from=":5599381681_0" to="585984929" fromLane="0" toLane="0" dir="s" state="M"/>
    <connection from=":5599381681_0" to="585984929" fromLane="1" toLane="1" dir="s" state="M"/>
    <connection from=":5599381681_0" to="585984929" fromLane="2" toLane="2" dir="s" state="M"/>
    <connection from=":5599381682_0" to="464204346" fromLane="0" toLane="0" dir="L" state="M"/>
    <connection from=":5599381682_1" to="585984928#0" fromLane="0" toLane="0" dir="s" state="M"/>
    <connection from=":5599381682_1" to="585984928#0" fromLane="1" toLane="1" dir="s" state="M"/>
    <connection from=":5599381682_1" to="585984928#0" fromLane="2" toLane="2" dir="s" state="M"/>
    <connection from=":6011718847_0" to="637713639" fromLane="0" toLane="0" dir="s" state="M"/>
    <connection from=":6011718847_0" to="637713639" fromLane="1" toLane="1" dir="s" state="M"/>
    <connection from=":6011718847_0" to="637713639" fromLane="2" toLane="2" dir="s" state="M"/>
    <connection from=":6275761343_0" to="-23924464" fromLane="0" toLane="0" dir="T" state="M"/>
    <connection from=":cluster_243485057_243507369_5599381676_5599381677_0" to="74527432#0" fromLane="0" toLane="0" dir="s" state="M"/>
    <connection from=":cluster_243485057_243507369_5599381676_5599381677_0" to="74527432#0" fromLane="1" toLane="1" dir="s" state="M"/>
    <connection from=":cluster_243485057_243507369_5599381676_5599381677_2" to="585984926" fromLane="0" toLane="1" via=":cluster_243485057_243507369_5599381676_5599381677_16_0" dir="r" state="m"/>
    <connection from=":cluster_243485057_243507369_5599381676_5599381677_16" to="585984926" fromLane="0" toLane="1" dir="r" state="M"/>
    <connection from=":cluster_243485057_243507369_5599381676_5599381677_3" to="585984922" fromLane="0" toLane="1" via=":cluster_243485057_243507369_5599381676_5599381677_17_0" dir="T" state="m"/>
    <connection from=":cluster_243485057_243507369_5599381676_5599381677_17" to="585984922" fromLane="0" toLane="1" dir="T" state="M"/>
    <connection from=":cluster_243485057_243507369_5599381676_5599381677_4" to="539603102#0" fromLane="0" toLane="0" dir="s" state="M"/>
    <connection from=":cluster_243485057_243507369_5599381676_5599381677_4" to="539603102#0" fromLane="1" toLane="1" dir="s" state="M"/>
    <connection from=":cluster_243485057_243507369_5599381676_5599381677_6" to="74527432#0" fromLane="0" toLane="1" via=":cluster_243485057_243507369_5599381676_5599381677_18_0" dir="r" state="m"/>
    <connection from=":cluster_243485057_243507369_5599381676_5599381677_18" to="74527432#0" fromLane="0" toLane="1" dir="r" state="M"/>
    <connection from=":cluster_243485057_243507369_5599381676_5599381677_7" to="585984926" fromLane="0" toLane="1" via=":cluster_243485057_243507369_5599381676_5599381677_19_0" dir="T" state="m"/>
    <connection from=":cluster_243485057_243507369_5599381676_5599381677_19" to="585984926" fromLane="0" toLane="1" dir="T" state="M"/>
    <connection from=":cluster_243485057_243507369_5599381676_5599381677_8" to="585984922" fromLane="0" toLane="0" dir="s" state="M"/>
    <connection from=":cluster_243485057_243507369_5599381676_5599381677_8" to="585984922" fromLane="1" toLane="1" dir="s" state="M"/>
    <connection from=":cluster_243485057_243507369_5599381676_5599381677_10" to="539603102#0" fromLane="0" toLane="1" via=":cluster_243485057_243507369_5599381676_5599381677_20_0" dir="r" state="m"/>
    <connection from=":cluster_243485057_243507369_5599381676_5599381677_20" to="539603102#0" fromLane="0" toLane="1" dir="r" state="M"/>
    <connection from=":cluster_243485057_243507369_5599381676_5599381677_11" to="74527432#0" fromLane="0" toLane="1" via=":cluster_243485057_243507369_5599381676_5599381677_21_0" dir="T" state="m"/>
    <connection from=":cluster_243485057_243507369_5599381676_5599381677_21" to="74527432#0" fromLane="0" toLane="1" dir="T" state="M"/>
    <connection from=":cluster_243485057_243507369_5599381676_5599381677_12" to="585984926" fromLane="0" toLane="0" dir="s" state="M"/>
    <connection from=":cluster_243485057_243507369_5599381676_5599381677_12" to="585984926" fromLane="1" toLane="1" dir="s" state="M"/>
    <connection from=":cluster_243485057_243507369_5599381676_5599381677_14" to="585984922" fromLane="0" toLane="1" via=":cluster_243485057_243507369_5599381676_5599381677_22_0" dir="r" state="m"/>
    <connection from=":cluster_243485057_243507369_5599381676_5599381677_22" to="585984922" fromLane="0" toLane="1" dir="r" state="M"/>
    <connection from=":cluster_243485057_243507369_5599381676_5599381677_15" to="539603102#0" fromLane="0" toLane="1" via=":cluster_243485057_243507369_5599381676_5599381677_23_0" dir="T" state="m"/>
    <connection from=":cluster_243485057_243507369_5599381676_5599381677_23" to="539603102#0" fromLane="0" toLane="1" dir="T" state="M"/>
    <connection from=":cluster_259397231_5599381656_0" to="636908812" fromLane="0" toLane="0" dir="s" state="M"/>
    <connection from=":cluster_259397231_5599381656_0" to="636908812" fromLane="1" toLane="1" dir="s" state="M"/>
    <connection from=":cluster_259397231_5599381656_0" to="636908812" fromLane="2" toLane="2" dir="s" state="M"/>
    <connection from=":cluster_259397231_5599381656_3" to="23924500" fromLane="0" toLane="0" via=":cluster_259397231_5599381656_12_0" dir="r" state="m"/>
    <connection from=":cluster_259397231_5599381656_12" to="23924500" fromLane="0" toLane="0" dir="r" state="M"/>
    <connection from=":cluster_259397231_5599381656_4" to="639419044" fromLane="0" toLane="1" via=":cluster_259397231_5599381656_13_0" dir="T" state="m"/>
    <connection from=":cluster_259397231_5599381656_13" to="639419044" fromLane="0" toLane="1" dir="T" state="M"/>
    <connection from=":cluster_259397231_5599381656_5" to="639419044" fromLane="0" toLane="0" dir="l" state="M"/>
    <connection from=":cluster_259397231_5599381656_6" to="636908812" fromLane="0" toLane="1" dir="r" state="M"/>
    <connection from=":cluster_259397231_5599381656_6" to="636908812" fromLane="1" toLane="2" dir="r" state="M"/>
    <connection from=":cluster_259397231_5599381656_8" to="23924500" fromLane="0" toLane="0" dir="l" state="M"/>
    <connection from=":cluster_259397231_5599381656_9" to="639419044" fromLane="0" toLane="0" dir="s" state="M"/>
    <connection from=":cluster_259397231_5599381656_9" to="639419044" fromLane="1" toLane="1" dir="s" state="M"/>
    <connection from=":cluster_259397231_5599381656_11" to="636908812" fromLane="0" toLane="2" via=":cluster_259397231_5599381656_14_0" dir="T" state="m"/>
    <connection from=":cluster_259397231_5599381656_14" to="636908812" fromLane="0" toLane="2" dir="T" state="M"/>

</net>
