<?xml version="1.0" encoding="UTF-8"?>

<!-- generated on 2023-07-19 16:17:12 by Eclipse SUMO netconvert Version 1.17.0
<configuration xmlns:xsi="http://www.w3.org/2001/XMLSchema-instance" xsi:noNamespaceSchemaLocation="http://sumo.dlr.de/xsd/netconvertConfiguration.xsd">

    <input>
        <sumo-net-file value="osm.net.xml.gz"/>
    </input>

    <output>
        <output-file value="osm.net.xml"/>
        <output.street-names value="true"/>
    </output>

    <processing>
        <geometry.min-radius.fix.railways value="false"/>
        <geometry.max-grade.fix value="false"/>
        <offset.disable-normalization value="true"/>
        <lefthand value="1"/>
    </processing>

    <junctions>
        <no-turnarounds value="true"/>
        <junctions.corner-detail value="5"/>
        <junctions.limit-turn-speed value="5.50"/>
        <rectangular-lane-cut value="0"/>
    </junctions>

    <pedestrian>
        <walkingareas value="0"/>
    </pedestrian>

</configuration>
-->

<net version="1.16" junctionCornerDetail="5" lefthand="true" limitTurnSpeed="5.50" xmlns:xsi="http://www.w3.org/2001/XMLSchema-instance" xsi:noNamespaceSchemaLocation="http://sumo.dlr.de/xsd/net_file.xsd">

    <location netOffset="-361424.47,-147454.47" convBoundary="0.00,0.00,937.85,509.46" origBoundary="103.754418,1.333751,103.762849,1.338355" projParameter="+proj=utm +zone=48 +ellps=WGS84 +datum=WGS84 +units=m +no_defs"/>

    <type id="highway.bridleway" priority="1" numLanes="1" speed="2.78" allow="pedestrian" oneway="1" width="2.00"/>
    <type id="highway.bus_guideway" priority="1" numLanes="1" speed="27.78" allow="bus" oneway="1"/>
    <type id="highway.cycleway" priority="1" numLanes="1" speed="5.56" allow="bicycle" oneway="0" width="1.00"/>
    <type id="highway.footway" priority="1" numLanes="1" speed="2.78" allow="pedestrian" oneway="1" width="2.00"/>
    <type id="highway.ford" priority="1" numLanes="1" speed="2.78" allow="army" oneway="0"/>
    <type id="highway.living_street" priority="2" numLanes="1" speed="2.78" disallow="tram rail_urban rail rail_electric rail_fast ship" oneway="0"/>
    <type id="highway.motorway" priority="14" numLanes="2" speed="39.44" allow="private emergency authority army vip passenger hov taxi bus coach delivery truck trailer motorcycle evehicle custom1 custom2" oneway="1"/>
    <type id="highway.motorway_link" priority="9" numLanes="1" speed="22.22" allow="private emergency authority army vip passenger hov taxi bus coach delivery truck trailer motorcycle evehicle custom1 custom2" oneway="1"/>
    <type id="highway.path" priority="1" numLanes="1" speed="5.56" allow="pedestrian bicycle" oneway="0" width="2.00"/>
    <type id="highway.pedestrian" priority="1" numLanes="1" speed="2.78" allow="pedestrian" oneway="1" width="2.00"/>
    <type id="highway.primary" priority="12" numLanes="2" speed="27.78" disallow="tram rail_urban rail rail_electric rail_fast ship" oneway="0"/>
    <type id="highway.primary_link" priority="7" numLanes="1" speed="22.22" disallow="tram rail_urban rail rail_electric rail_fast ship" oneway="0"/>
    <type id="highway.raceway" priority="15" numLanes="2" speed="83.33" allow="vip" oneway="0"/>
    <type id="highway.residential" priority="3" numLanes="1" speed="13.89" disallow="tram rail_urban rail rail_electric rail_fast ship" oneway="0"/>
    <type id="highway.secondary" priority="11" numLanes="1" speed="27.78" disallow="tram rail_urban rail rail_electric rail_fast ship" oneway="0"/>
    <type id="highway.secondary_link" priority="6" numLanes="1" speed="22.22" disallow="tram rail_urban rail rail_electric rail_fast ship" oneway="0"/>
    <type id="highway.service" priority="1" numLanes="1" speed="5.56" allow="pedestrian delivery bicycle" oneway="0"/>
    <type id="highway.stairs" priority="1" numLanes="1" speed="1.39" allow="pedestrian" oneway="1" width="2.00"/>
    <type id="highway.step" priority="1" numLanes="1" speed="1.39" allow="pedestrian" oneway="1" width="2.00"/>
    <type id="highway.steps" priority="1" numLanes="1" speed="1.39" allow="pedestrian" oneway="1" width="2.00"/>
    <type id="highway.tertiary" priority="10" numLanes="1" speed="22.22" disallow="tram rail_urban rail rail_electric rail_fast ship" oneway="0"/>
    <type id="highway.tertiary_link" priority="5" numLanes="1" speed="22.22" disallow="tram rail_urban rail rail_electric rail_fast ship" oneway="0"/>
    <type id="highway.track" priority="1" numLanes="1" speed="5.56" allow="pedestrian motorcycle moped bicycle" oneway="0"/>
    <type id="highway.trunk" priority="13" numLanes="2" speed="27.78" disallow="pedestrian bicycle tram rail_urban rail rail_electric rail_fast ship" oneway="0"/>
    <type id="highway.trunk_link" priority="8" numLanes="1" speed="22.22" disallow="pedestrian bicycle tram rail_urban rail rail_electric rail_fast ship" oneway="0"/>
    <type id="highway.unclassified" priority="4" numLanes="1" speed="13.89" disallow="tram rail_urban rail rail_electric rail_fast ship" oneway="0"/>
    <type id="highway.unsurfaced" priority="1" numLanes="1" speed="8.33" disallow="tram rail_urban rail rail_electric rail_fast ship" oneway="0"/>
    <type id="railway.highspeed" priority="21" numLanes="1" speed="69.44" allow="rail_fast" oneway="1"/>
    <type id="railway.light_rail" priority="19" numLanes="1" speed="27.78" allow="rail_urban" oneway="1"/>
    <type id="railway.preserved" priority="16" numLanes="1" speed="27.78" allow="rail" oneway="1"/>
    <type id="railway.rail" priority="20" numLanes="1" speed="44.44" allow="rail" oneway="1"/>
    <type id="railway.subway" priority="18" numLanes="1" speed="27.78" allow="rail_urban" oneway="1"/>
    <type id="railway.tram" priority="17" numLanes="1" speed="13.89" allow="tram" oneway="1"/>

    <edge id=":1221460131_0" function="internal">
        <lane id=":1221460131_0_0" index="0" allow="private emergency authority army vip passenger hov taxi bus coach delivery truck trailer motorcycle evehicle custom1 custom2" speed="25.00" length="3.19" shape="183.87,397.48 181.07,399.09"/>
        <lane id=":1221460131_0_1" index="1" allow="private emergency authority army vip passenger hov taxi bus coach delivery truck trailer motorcycle evehicle custom1 custom2" speed="25.00" length="3.19" shape="185.46,400.26 182.69,401.85"/>
        <lane id=":1221460131_0_2" index="2" allow="private emergency authority army vip passenger hov taxi bus coach delivery truck trailer motorcycle evehicle custom1 custom2" speed="25.00" length="3.19" shape="187.04,403.03 184.32,404.60"/>
    </edge>
    <edge id=":1221460131_3" function="internal">
        <lane id=":1221460131_3_0" index="0" allow="private emergency authority army vip passenger hov taxi bus coach delivery truck trailer motorcycle evehicle custom1 custom2" speed="19.45" length="3.29" shape="182.44,394.97 181.52,395.31 180.90,395.56 180.30,395.85 179.45,396.33"/>
    </edge>
    <edge id=":1221460139_0" function="internal">
        <lane id=":1221460139_0_0" index="0" allow="private emergency authority army vip passenger hov taxi bus coach delivery truck trailer motorcycle evehicle custom1 custom2" speed="13.89" length="16.54" shape="527.28,149.47 525.20,152.27 522.61,154.63 519.33,157.20 515.19,160.63"/>
    </edge>
    <edge id=":1221460139_1" function="internal">
        <lane id=":1221460139_1_0" index="0" allow="private emergency authority army vip passenger hov taxi bus coach delivery truck trailer motorcycle evehicle custom1 custom2" speed="13.89" length="11.27" shape="526.54,157.33 522.91,157.59 520.33,157.78 518.01,158.57 515.19,160.63"/>
        <lane id=":1221460139_1_1" index="1" allow="private emergency authority army vip passenger hov taxi bus coach delivery truck trailer motorcycle evehicle custom1 custom2" speed="13.12" length="11.27" shape="527.03,160.50 523.93,160.68 521.71,160.75 519.71,161.32 517.30,163.04"/>
    </edge>
    <edge id=":1492179329_0" function="internal">
        <lane id=":1492179329_0_0" index="0" allow="private emergency authority army vip passenger hov taxi bus coach delivery truck trailer motorcycle evehicle custom1 custom2" speed="13.89" length="9.03" shape="702.19,178.29 704.00,176.34 705.48,175.22 706.97,174.13 708.83,172.21"/>
    </edge>
    <edge id=":1492179329_1" function="internal">
        <lane id=":1492179329_1_0" index="0" allow="private emergency authority army vip passenger hov taxi bus coach delivery truck trailer motorcycle evehicle custom1 custom2" speed="13.89" length="8.75" shape="699.70,175.77 701.80,174.25 703.28,173.23 704.63,172.09 706.36,170.17"/>
    </edge>
    <edge id=":1492179345_0" function="internal">
        <lane id=":1492179345_0_0" index="0" allow="private emergency authority army vip passenger hov taxi bus coach delivery truck trailer motorcycle evehicle custom1 custom2" speed="13.89" length="7.49" shape="505.69,280.96 507.83,280.72 509.33,280.98 510.83,281.32 513.01,281.33"/>
        <lane id=":1492179345_0_1" index="1" allow="private emergency authority army vip passenger hov taxi bus coach delivery truck trailer motorcycle evehicle custom1 custom2" speed="13.89" length="7.49" shape="505.69,280.96 507.80,280.21 509.15,279.38 510.52,278.64 512.67,278.15"/>
    </edge>
    <edge id=":244134692_0" function="internal">
        <lane id=":244134692_0_0" index="0" disallow="tram rail_urban rail rail_electric rail_fast ship" speed="18.05" length="0.29" shape="581.62,186.97 581.70,187.21"/>
        <lane id=":244134692_0_1" index="1" disallow="tram rail_urban rail rail_electric rail_fast ship" speed="18.05" length="0.29" shape="584.65,185.94 584.75,186.22"/>
        <lane id=":244134692_0_2" index="2" disallow="tram rail_urban rail rail_electric rail_fast ship" speed="18.05" length="0.29" shape="587.68,184.92 587.79,185.23"/>
    </edge>
    <edge id=":3740792534_0" function="internal">
        <lane id=":3740792534_0_0" index="0" allow="private emergency authority army vip passenger hov taxi bus coach delivery truck trailer motorcycle evehicle custom1 custom2" speed="13.89" length="0.45" shape="533.00,250.83 533.06,250.80 533.10,250.78 533.14,250.77 533.20,250.74"/>
        <lane id=":3740792534_0_1" index="1" allow="private emergency authority army vip passenger hov taxi bus coach delivery truck trailer motorcycle evehicle custom1 custom2" speed="13.89" length="0.45" shape="531.52,247.99 531.70,247.90 531.83,247.84 531.95,247.79 532.14,247.73"/>
    </edge>
    <edge id=":44819830#1-AddedOnRampNode_0" function="internal">
        <lane id=":44819830#1-AddedOnRampNode_0_0" index="0" allow="private emergency authority army vip passenger hov taxi bus coach delivery truck trailer motorcycle evehicle custom1 custom2" speed="25.00" length="8.00" shape="99.34,447.22 92.45,451.28"/>
        <lane id=":44819830#1-AddedOnRampNode_0_1" index="1" allow="private emergency authority army vip passenger hov taxi bus coach delivery truck trailer motorcycle evehicle custom1 custom2" speed="25.00" length="8.00" shape="100.97,449.98 94.07,454.04"/>
        <lane id=":44819830#1-AddedOnRampNode_0_2" index="2" allow="private emergency authority army vip passenger hov taxi bus coach delivery truck trailer motorcycle evehicle custom1 custom2" speed="25.00" length="8.00" shape="102.59,452.74 95.70,456.80"/>
    </edge>
    <edge id=":5171643248_0" function="internal">
        <lane id=":5171643248_0_0" index="0" disallow="tram rail_urban rail rail_electric rail_fast ship" speed="3.65" length="4.67" shape="445.54,74.49 444.44,73.56 443.56,73.39 442.90,74.00 442.46,75.37"/>
    </edge>
    <edge id=":568256148_0" function="internal">
        <lane id=":568256148_0_0" index="0" disallow="tram rail_urban rail rail_electric rail_fast ship" speed="18.05" length="0.36" shape="598.70,180.00 598.56,179.55"/>
        <lane id=":568256148_0_1" index="1" disallow="tram rail_urban rail rail_electric rail_fast ship" speed="18.05" length="0.36" shape="595.63,180.90 595.52,180.56"/>
        <lane id=":568256148_0_2" index="2" disallow="tram rail_urban rail rail_electric rail_fast ship" speed="18.05" length="0.36" shape="592.56,181.80 592.49,181.57"/>
    </edge>
    <edge id=":568265824_0" function="internal">
        <lane id=":568265824_0_0" index="0" allow="private emergency authority army vip passenger hov taxi bus coach delivery truck trailer motorcycle evehicle custom1 custom2" speed="13.89" length="8.16" shape="463.04,291.63 465.16,290.51 466.73,290.01 468.39,289.71 470.76,289.22"/>
    </edge>
    <edge id=":568265824_1" function="internal">
        <lane id=":568265824_1_0" index="0" allow="private emergency authority army vip passenger hov taxi bus coach delivery truck trailer motorcycle evehicle custom1 custom2" speed="13.89" length="8.56" shape="461.40,288.88 463.69,287.80 465.40,287.38 467.11,286.97 469.39,285.88"/>
        <lane id=":568265824_1_1" index="1" allow="private emergency authority army vip passenger hov taxi bus coach delivery truck trailer motorcycle evehicle custom1 custom2" speed="13.89" length="8.56" shape="459.77,286.12 462.05,285.05 463.76,284.64 465.47,284.22 467.74,283.13"/>
    </edge>
    <edge id=":568265825_0" function="internal">
        <lane id=":568265825_0_0" index="0" allow="private emergency authority army vip passenger hov taxi bus coach delivery truck trailer motorcycle evehicle custom1 custom2" speed="13.89" length="28.26" shape="527.22,279.78 555.34,277.06"/>
    </edge>
    <edge id=":568265825_1" function="internal">
        <lane id=":568265825_1_0" index="0" allow="private emergency authority army vip passenger hov taxi bus coach delivery truck trailer motorcycle evehicle custom1 custom2" speed="13.89" length="20.19" shape="527.22,279.78 533.09,278.92 537.00,277.70 540.65,275.69 545.74,272.52"/>
        <lane id=":568265825_1_1" index="1" allow="private emergency authority army vip passenger hov taxi bus coach delivery truck trailer motorcycle evehicle custom1 custom2" speed="13.89" length="19.09" shape="526.87,276.60 532.42,275.77 536.10,274.57 539.54,272.64 544.34,269.62"/>
    </edge>
    <edge id=":568265826_0" function="internal">
        <lane id=":568265826_0_0" index="0" allow="private emergency authority army vip passenger hov taxi bus coach delivery truck trailer motorcycle evehicle custom1 custom2" speed="14.46" length="13.97" shape="611.41,289.40 614.27,291.23 616.68,293.07 618.74,295.59 620.58,299.47"/>
    </edge>
    <edge id=":568265826_1" function="internal">
        <lane id=":568265826_1_0" index="0" disallow="tram rail_urban rail rail_electric rail_fast ship" speed="16.67" length="13.87" shape="616.00,286.32 620.58,299.47"/>
        <lane id=":568265826_1_1" index="1" disallow="tram rail_urban rail rail_electric rail_fast ship" speed="16.67" length="13.87" shape="619.02,285.26 623.58,298.36"/>
        <lane id=":568265826_1_2" index="2" disallow="tram rail_urban rail rail_electric rail_fast ship" speed="16.67" length="13.87" shape="622.04,284.19 626.58,297.25"/>
    </edge>
    <edge id=":5979452352_0" function="internal">
        <lane id=":5979452352_0_0" index="0" disallow="tram rail_urban rail rail_electric rail_fast ship" speed="16.67" length="8.21" shape="635.53,283.83 634.90,281.50 634.83,279.81 634.77,278.12 634.14,275.80"/>
        <lane id=":5979452352_0_1" index="1" disallow="tram rail_urban rail rail_electric rail_fast ship" speed="16.67" length="8.21" shape="632.55,284.99 631.92,282.66 631.85,280.97 631.78,279.28 631.15,276.95"/>
        <lane id=":5979452352_0_2" index="2" disallow="tram rail_urban rail rail_electric rail_fast ship" speed="16.67" length="8.21" shape="629.57,286.15 628.93,283.82 628.86,282.13 628.80,280.43 628.17,278.10"/>
        <lane id=":5979452352_0_3" index="3" disallow="tram rail_urban rail rail_electric rail_fast ship" speed="16.67" length="8.21" shape="629.57,286.15 628.47,284.00 627.37,282.70 626.28,281.41 625.18,279.26"/>
    </edge>
    <edge id=":6596320638_0" function="internal">
        <lane id=":6596320638_0_0" index="0" allow="private emergency authority army vip passenger hov taxi bus coach delivery truck trailer motorcycle evehicle custom1 custom2" speed="13.89" length="8.21" shape="473.57,203.27 471.61,204.67 470.05,205.33 468.49,205.98 466.54,207.39"/>
    </edge>
    <edge id=":6931233530_0" function="internal">
        <lane id=":6931233530_0_0" index="0" allow="private emergency authority army vip passenger hov taxi bus coach delivery truck trailer motorcycle evehicle custom1 custom2" speed="25.00" length="8.21" shape="685.85,118.90 683.64,119.85 681.97,120.16 680.30,120.46 678.09,121.41"/>
        <lane id=":6931233530_0_1" index="1" allow="private emergency authority army vip passenger hov taxi bus coach delivery truck trailer motorcycle evehicle custom1 custom2" speed="25.00" length="8.21" shape="687.41,121.70 685.20,122.65 683.53,122.95 681.86,123.25 679.65,124.21"/>
        <lane id=":6931233530_0_2" index="2" allow="private emergency authority army vip passenger hov taxi bus coach delivery truck trailer motorcycle evehicle custom1 custom2" speed="25.00" length="8.21" shape="688.97,124.49 686.76,125.44 685.09,125.74 683.43,126.04 681.22,127.00"/>
    </edge>
    <edge id=":cluster_1492179336_568265833_0" function="internal">
        <lane id=":cluster_1492179336_568265833_0_0" index="0" disallow="tram rail_urban rail rail_electric rail_fast ship" speed="16.67" length="15.28" shape="610.63,212.22 608.85,208.06 607.23,205.37 605.68,202.67 604.11,198.44"/>
        <lane id=":cluster_1492179336_568265833_0_1" index="1" disallow="tram rail_urban rail rail_electric rail_fast ship" speed="16.67" length="15.28" shape="607.61,213.28 605.83,209.13 604.21,206.45 602.66,203.74 601.09,199.52"/>
        <lane id=":cluster_1492179336_568265833_0_2" index="2" disallow="tram rail_urban rail rail_electric rail_fast ship" speed="16.67" length="15.28" shape="604.60,214.34 602.82,210.20 601.19,207.52 599.64,204.82 598.07,200.60"/>
    </edge>
    <edge id=":cluster_1492179336_568265833_3" function="internal">
        <lane id=":cluster_1492179336_568265833_3_0" index="0" allow="private emergency authority army vip passenger hov taxi bus coach delivery truck trailer motorcycle evehicle custom1 custom2" speed="13.36" length="33.77" shape="585.56,217.17 590.29,210.53 596.70,206.45 604.77,204.93 614.52,205.97"/>
    </edge>
    <edge id=":cluster_1492179336_568265833_4" function="internal">
        <lane id=":cluster_1492179336_568265833_4_0" index="0" allow="private emergency authority army vip passenger hov taxi bus coach delivery truck trailer motorcycle evehicle custom1 custom2" speed="13.08" length="23.77" shape="583.38,214.79 590.85,207.16 596.29,202.07 599.70,199.52 601.09,199.52"/>
        <lane id=":cluster_1492179336_568265833_4_1" index="1" allow="private emergency authority army vip passenger hov taxi bus coach delivery truck trailer motorcycle evehicle custom1 custom2" speed="12.15" length="20.45" shape="583.38,214.79 586.01,212.40 591.09,207.78 595.99,203.12 598.07,200.60"/>
    </edge>
    <edge id=":cluster_1492179336_568265833_6" function="internal">
        <lane id=":cluster_1492179336_568265833_6_0" index="0" disallow="tram rail_urban rail rail_electric rail_fast ship" speed="16.67" length="15.08" shape="587.30,204.47 592.20,218.71"/>
        <lane id=":cluster_1492179336_568265833_6_1" index="1" disallow="tram rail_urban rail rail_electric rail_fast ship" speed="16.67" length="15.08" shape="590.32,203.39 595.22,217.64"/>
        <lane id=":cluster_1492179336_568265833_6_2" index="2" disallow="tram rail_urban rail rail_electric rail_fast ship" speed="16.67" length="15.08" shape="593.33,202.31 598.24,216.58"/>
    </edge>
    <edge id=":cluster_1492179336_568265833_9" function="internal">
        <lane id=":cluster_1492179336_568265833_9_0" index="0" allow="private emergency authority army vip passenger hov taxi bus coach delivery truck trailer motorcycle evehicle custom1 custom2" speed="12.52" length="21.57" shape="593.33,202.31 594.52,202.14 598.45,202.69 605.12,203.97 614.52,205.97"/>
    </edge>
    <edge id=":cluster_1492179336_568265833_10" function="internal">
        <lane id=":cluster_1492179336_568265833_10_0" index="0" disallow="tram rail_urban rail rail_electric rail_fast ship" speed="4.31" length="7.36" shape="593.33,202.31 595.15,203.66 596.55,203.83 597.52,202.81 598.07,200.60"/>
    </edge>
    <edge id=":cluster_568265843_568265844_0" function="internal">
        <lane id=":cluster_568265843_568265844_0_0" index="0" allow="private emergency authority army vip passenger hov taxi bus coach delivery truck trailer motorcycle evehicle custom1 custom2" speed="13.19" length="35.15" shape="592.01,144.09 585.29,153.37 578.75,159.39 572.38,162.15 566.19,161.65"/>
        <lane id=":cluster_568265843_568265844_0_1" index="1" allow="private emergency authority army vip passenger hov taxi bus coach delivery truck trailer motorcycle evehicle custom1 custom2" speed="12.82" length="35.15" shape="594.67,145.87 586.81,156.95 579.61,163.97 573.07,166.92 567.18,165.81"/>
    </edge>
    <edge id=":cluster_568265843_568265844_2" function="internal">
        <lane id=":cluster_568265843_568265844_2_0" index="0" allow="private emergency authority army vip passenger hov taxi bus coach delivery truck trailer motorcycle evehicle custom1 custom2" speed="16.17" length="27.90" shape="597.33,147.66 578.78,168.50"/>
        <lane id=":cluster_568265843_568265844_2_1" index="1" allow="private emergency authority army vip passenger hov taxi bus coach delivery truck trailer motorcycle evehicle custom1 custom2" speed="15.38" length="25.22" shape="597.33,147.66 581.84,167.56"/>
    </edge>
    <edge id=":cluster_568265843_568265844_4" function="internal">
        <lane id=":cluster_568265843_568265844_4_0" index="0" disallow="tram rail_urban rail rail_electric rail_fast ship" speed="19.44" length="21.75" shape="593.37,163.97 585.67,143.41"/>
        <lane id=":cluster_568265843_568265844_4_1" index="1" disallow="tram rail_urban rail rail_electric rail_fast ship" speed="19.44" length="21.75" shape="590.31,164.92 582.68,144.56"/>
        <lane id=":cluster_568265843_568265844_4_2" index="2" disallow="tram rail_urban rail rail_electric rail_fast ship" speed="19.44" length="21.75" shape="587.25,165.87 579.69,145.70"/>
    </edge>
    <edge id=":cluster_568265843_568265844_7" function="internal">
        <lane id=":cluster_568265843_568265844_7_0" index="0" allow="private emergency authority army vip passenger hov taxi bus coach delivery truck trailer motorcycle evehicle custom1 custom2" speed="16.66" length="22.21" shape="587.25,165.87 583.88,162.58 579.18,164.15 573.50,166.57 567.18,165.81"/>
    </edge>
    <edge id=":cluster_568265843_568265844_8" function="internal">
        <lane id=":cluster_568265843_568265844_8_0" index="0" disallow="tram rail_urban rail rail_electric rail_fast ship" speed="4.53" length="8.28" shape="587.25,165.87 585.27,164.26 583.70,164.01 582.56,165.10 581.84,167.56"/>
    </edge>
    <edge id=":cluster_568265843_568265844_9" function="internal">
        <lane id=":cluster_568265843_568265844_9_0" index="0" disallow="tram rail_urban rail rail_electric rail_fast ship" speed="19.44" length="21.01" shape="567.40,150.38 575.73,169.45"/>
        <lane id=":cluster_568265843_568265844_9_1" index="1" disallow="tram rail_urban rail rail_electric rail_fast ship" speed="19.44" length="21.01" shape="570.39,149.24 578.78,168.50"/>
        <lane id=":cluster_568265843_568265844_9_2" index="2" disallow="tram rail_urban rail rail_electric rail_fast ship" speed="19.44" length="21.01" shape="573.38,148.10 581.84,167.56"/>
    </edge>

    <edge id="-160530747" from="5233314782" to="5171643248" name="Toh Guan Road East" priority="10" type="highway.tertiary" shape="414.39,149.12 423.72,142.17 435.47,130.68 442.80,119.10 446.27,107.23 447.58,97.61 447.11,85.85 444.00,74.93">
        <lane id="-160530747_0" index="0" disallow="tram rail_urban rail rail_electric rail_fast ship" speed="13.89" length="88.91" shape="415.35,150.40 424.76,143.39 436.72,131.69 444.27,119.77 447.84,107.56 449.18,97.69 448.70,85.60 445.54,74.49">
            <param key="origId" value="160530747"/>
        </lane>
    </edge>
    <edge id="106091351" from="1221460152" to="1221460139" priority="9" type="highway.motorway_link" spreadType="center" shape="541.94,72.48 544.98,100.98 544.56,112.59 543.38,118.49 540.63,125.69 537.18,132.52 524.78,153.75 518.07,160.23">
        <lane id="106091351_0" index="0" allow="private emergency authority army vip passenger hov taxi bus coach delivery truck trailer motorcycle evehicle custom1 custom2" speed="13.89" length="81.28" shape="541.94,72.48 544.98,100.98 544.56,112.59 543.38,118.49 540.63,125.69 537.18,132.52 527.28,149.47">
            <param key="origId" value="106091351"/>
        </lane>
    </edge>
    <edge id="135956125#0" from="cluster_568265843_568265844" to="1221460139" name="Toh Tuck Avenue" priority="9" type="highway.motorway_link" spreadType="center" shape="576.62,161.53 567.97,164.42 565.88,163.24 562.87,162.19 552.74,159.50 543.46,158.29 532.71,158.21 525.89,159.02 518.07,160.23">
        <lane id="135956125#0_0" index="0" allow="private emergency authority army vip passenger hov taxi bus coach delivery truck trailer motorcycle evehicle custom1 custom2" speed="13.89" length="40.69" shape="566.19,161.65 563.34,160.66 553.05,157.93 543.57,156.69 532.62,156.61 526.54,157.33">
            <param key="origId" value="135956125"/>
        </lane>
        <lane id="135956125#0_1" index="1" allow="private emergency authority army vip passenger hov taxi bus coach delivery truck trailer motorcycle evehicle custom1 custom2" speed="13.89" length="40.69" shape="567.18,165.81 565.22,164.70 562.40,163.72 552.43,161.07 543.35,159.89 532.80,159.81 527.03,160.50">
            <param key="origId" value="135956125"/>
        </lane>
        <param key="origFrom" value="568265844"/>
    </edge>
    <edge id="135956129#0" from="568265825" to="cluster_1492179336_568265833" priority="9" type="highway.motorway_link" spreadType="center" shape="531.57,277.70 544.04,271.68 551.06,267.38 557.77,261.56 566.33,251.54 573.80,238.51 580.01,224.70 582.70,219.36 584.27,216.17 587.94,212.32 592.04,208.61">
        <lane id="135956129#0_0" index="0" allow="private emergency authority army vip passenger hov taxi bus coach delivery truck trailer motorcycle evehicle custom1 custom2" speed="13.89" length="69.10" shape="545.74,272.52 552.01,268.68 558.91,262.69 567.64,252.47 575.23,239.24 581.45,225.39 584.13,220.07 585.56,217.17">
            <param key="origId" value="135956129"/>
        </lane>
        <lane id="135956129#0_1" index="1" allow="private emergency authority army vip passenger hov taxi bus coach delivery truck trailer motorcycle evehicle custom1 custom2" speed="13.89" length="69.10" shape="544.34,269.62 550.11,266.08 556.63,260.43 565.02,250.61 572.37,237.78 578.57,224.01 581.27,218.65 582.94,215.24 583.38,214.79">
            <param key="origId" value="135956129"/>
        </lane>
        <param key="origTo" value="1492179336"/>
    </edge>
    <edge id="135956133" from="1492179353" to="1492179329" priority="9" type="highway.motorway_link" spreadType="center" shape="644.51,315.68 645.00,304.34 643.31,281.07 645.29,264.76 648.00,256.73 652.55,246.72 664.00,229.68 675.40,212.41 711.04,167.03">
        <lane id="135956133_0" index="0" allow="private emergency authority army vip passenger hov taxi bus coach delivery truck trailer motorcycle evehicle custom1 custom2" speed="13.89" length="136.56" shape="644.47,297.08 643.31,281.07 645.29,264.76 648.00,256.73 652.55,246.72 664.00,229.68 675.40,212.41 702.19,178.29">
            <param key="origId" value="135956133"/>
        </lane>
    </edge>
    <edge id="160530747" from="5171643248" to="5233314782" name="Toh Guan Road East" priority="10" type="highway.tertiary" shape="444.00,74.93 447.11,85.85 447.58,97.61 446.27,107.23 442.80,119.10 435.47,130.68 423.72,142.17 414.39,149.12">
        <lane id="160530747_0" index="0" disallow="tram rail_urban rail rail_electric rail_fast ship" speed="13.89" length="85.03" shape="442.46,75.37 445.52,86.10 445.98,97.53 444.70,106.90 441.33,118.43 434.22,129.67 422.68,140.95 413.43,147.84">
            <param key="origId" value="160530747"/>
        </lane>
    </edge>
    <edge id="173767599" from="1492179353" to="5979452352" name="Bukit Batok East Avenue 3" priority="12" type="highway.primary" spreadType="center">
        <lane id="173767599_0" index="0" disallow="tram rail_urban rail rail_electric rail_fast ship" speed="16.67" length="14.88" shape="640.94,297.69 635.53,283.83">
            <param key="origId" value="173767599"/>
        </lane>
        <lane id="173767599_1" index="1" disallow="tram rail_urban rail rail_electric rail_fast ship" speed="16.67" length="14.88" shape="637.96,298.86 632.55,284.99">
            <param key="origId" value="173767599"/>
        </lane>
        <lane id="173767599_2" index="2" disallow="tram rail_urban rail rail_electric rail_fast ship" speed="16.67" length="14.88" shape="634.97,300.02 629.57,286.15">
            <param key="origId" value="173767599"/>
        </lane>
    </edge>
    <edge id="173768000" from="1492179329" to="1492179317" priority="9" type="highway.motorway_link" spreadType="center" shape="711.04,167.03 720.65,155.43 731.62,143.74 745.65,132.85 764.93,120.26 814.36,89.89">
        <lane id="173768000_0" index="0" allow="private emergency authority army vip passenger hov taxi bus coach delivery truck trailer motorcycle evehicle custom1 custom2" speed="13.89" length="135.30" shape="708.83,172.21 721.85,156.49 732.70,144.93 746.58,134.15 765.79,121.61 815.20,91.25">
            <param key="origId" value="173768000 655011243 785808159"/>
        </lane>
        <lane id="173768000_1" index="1" allow="private emergency authority army vip passenger hov taxi bus coach delivery truck trailer motorcycle evehicle custom1 custom2" speed="13.89" length="135.30" shape="706.36,170.17 719.45,154.37 730.54,142.55 744.72,131.55 764.07,118.91 813.52,88.53">
            <param key="origId" value="173768000 655011243 785808159"/>
        </lane>
    </edge>
    <edge id="200159283" from="cluster_1492179336_568265833" to="568265826" name="Bukit Batok East Avenue 3" priority="12" type="highway.primary" spreadType="center" shape="592.04,208.61 624.59,301.09">
        <lane id="200159283_0" index="0" disallow="tram rail_urban rail rail_electric rail_fast ship" speed="16.67" length="71.68" shape="592.20,218.71 616.00,286.32">
            <param key="origId" value="200159283"/>
        </lane>
        <lane id="200159283_1" index="1" disallow="tram rail_urban rail rail_electric rail_fast ship" speed="16.67" length="71.68" shape="595.22,217.64 619.02,285.26">
            <param key="origId" value="200159283"/>
        </lane>
        <lane id="200159283_2" index="2" disallow="tram rail_urban rail rail_electric rail_fast ship" speed="16.67" length="71.68" shape="598.24,216.58 622.04,284.19">
            <param key="origId" value="200159283"/>
        </lane>
        <param key="origFrom" value="1492179336"/>
    </edge>
    <edge id="370372731#0" from="568265839" to="cluster_568265843_568265844" priority="9" type="highway.motorway_link" spreadType="center" shape="649.08,93.31 639.88,98.14 631.55,103.68 615.55,117.31 608.29,124.93 599.95,137.42 591.67,150.68 587.41,157.03">
        <lane id="370372731#0_0" index="0" allow="private emergency authority army vip passenger hov taxi bus coach delivery truck trailer motorcycle evehicle custom1 custom2" speed="13.89" length="61.16" shape="633.91,98.26 629.62,101.12 613.35,114.98 605.78,122.92 597.26,135.68 592.01,144.09">
            <param key="origId" value="370372731"/>
        </lane>
        <lane id="370372731#0_1" index="1" allow="private emergency authority army vip passenger hov taxi bus coach delivery truck trailer motorcycle evehicle custom1 custom2" speed="13.89" length="61.16" shape="635.41,101.11 631.55,103.68 615.55,117.31 608.29,124.93 599.95,137.42 594.67,145.87">
            <param key="origId" value="370372731"/>
        </lane>
        <lane id="370372731#0_2" index="2" allow="private emergency authority army vip passenger hov taxi bus coach delivery truck trailer motorcycle evehicle custom1 custom2" speed="13.89" length="61.16" shape="636.91,103.96 633.48,106.24 617.75,119.64 610.80,126.94 602.64,139.16 597.33,147.66">
            <param key="origId" value="370372731"/>
        </lane>
        <param key="origTo" value="568265843"/>
    </edge>
    <edge id="370372732" from="568265825" to="568265826" priority="9" type="highway.motorway_link" spreadType="center" shape="531.57,277.70 566.24,276.76 580.37,277.26 590.47,279.01 599.08,282.21 607.75,287.01 612.26,289.96 617.81,294.11 621.33,297.69 624.59,301.09">
        <lane id="370372732_0" index="0" allow="private emergency authority army vip passenger hov taxi bus coach delivery truck trailer motorcycle evehicle custom1 custom2" speed="13.89" length="58.76" shape="555.34,277.06 566.24,276.76 580.37,277.26 590.47,279.01 599.08,282.21 607.75,287.01 611.41,289.40">
            <param key="origId" value="370372732"/>
        </lane>
    </edge>
    <edge id="370372733" from="568265824" to="3740792534" name="Pan Island Expressway" priority="9" type="highway.motorway_link" spreadType="center" shape="453.88,293.34 493.30,269.62 532.46,249.31">
        <lane id="370372733_0" index="0" allow="private emergency authority army vip passenger hov taxi bus coach delivery truck trailer motorcycle evehicle custom1 custom2" speed="13.89" length="72.76" shape="469.39,285.88 494.08,271.02 533.00,250.83">
            <param key="origId" value="370372733"/>
        </lane>
        <lane id="370372733_1" index="1" allow="private emergency authority army vip passenger hov taxi bus coach delivery truck trailer motorcycle evehicle custom1 custom2" speed="13.89" length="72.76" shape="467.74,283.13 492.52,268.22 531.52,247.99">
            <param key="origId" value="370372733"/>
        </lane>
    </edge>
    <edge id="370372736" from="3740792534" to="6596259373" priority="9" type="highway.motorway_link" spreadType="center" shape="532.46,249.31 557.76,240.40 633.96,216.28 666.86,205.77 679.07,200.95 690.55,195.53 708.24,186.26 741.40,163.73 773.55,141.56 832.61,101.61">
        <lane id="370372736_0" index="0" allow="private emergency authority army vip passenger hov taxi bus coach delivery truck trailer motorcycle evehicle custom1 custom2" speed="13.89" length="337.30" shape="533.20,250.74 558.27,241.92 634.44,217.81 667.40,207.28 679.71,202.42 691.26,196.96 709.06,187.63 742.30,165.05 774.45,142.88 833.51,102.94">
            <param key="origId" value="370372736 370372734"/>
        </lane>
        <lane id="370372736_1" index="1" allow="private emergency authority army vip passenger hov taxi bus coach delivery truck trailer motorcycle evehicle custom1 custom2" speed="13.89" length="337.30" shape="532.14,247.73 557.25,238.88 633.48,214.75 666.32,204.26 678.43,199.48 689.84,194.10 707.42,184.89 740.50,162.41 772.65,140.24 831.71,100.28">
            <param key="origId" value="370372736 370372734"/>
        </lane>
    </edge>
    <edge id="370372742" from="3740792311" to="6931233530" name="Pan-Island Expressway" priority="14" type="highway.motorway" spreadType="center">
        <lane id="370372742_0" index="0" allow="private emergency authority army vip passenger hov taxi bus coach delivery truck trailer motorcycle evehicle custom1 custom2" speed="25.00" length="86.10" shape="759.45,74.11 684.29,116.11">
            <param key="origId" value="370372742"/>
        </lane>
        <lane id="370372742_1" index="1" allow="private emergency authority army vip passenger hov taxi bus coach delivery truck trailer motorcycle evehicle custom1 custom2" speed="25.00" length="86.10" shape="761.01,76.90 685.85,118.90">
            <param key="origId" value="370372742"/>
        </lane>
        <lane id="370372742_2" index="2" allow="private emergency authority army vip passenger hov taxi bus coach delivery truck trailer motorcycle evehicle custom1 custom2" speed="25.00" length="86.10" shape="762.57,79.70 687.41,121.70">
            <param key="origId" value="370372742"/>
        </lane>
        <lane id="370372742_3" index="3" allow="private emergency authority army vip passenger hov taxi bus coach delivery truck trailer motorcycle evehicle custom1 custom2" speed="25.00" length="86.10" shape="764.13,82.49 688.97,124.49">
            <param key="origId" value="370372742"/>
        </lane>
        <param key="ref" value="PIE"/>
    </edge>
    <edge id="370372743" from="139701133" to="5971954232" name="Pan-Island Expressway" priority="14" type="highway.motorway" spreadType="center" shape="270.82,377.92 298.87,360.66 452.97,272.74 555.03,214.68 637.02,167.49 937.85,0.00">
        <lane id="370372743_0" index="0" allow="private emergency authority army vip passenger hov taxi bus coach delivery truck trailer motorcycle evehicle custom1 custom2" speed="25.00" length="766.68" shape="272.50,380.65 300.50,363.41 454.55,275.52 556.62,217.46 638.60,170.27 939.41,2.80">
            <param key="origId" value="370372743 44819831 173767781"/>
        </lane>
        <lane id="370372743_1" index="1" allow="private emergency authority army vip passenger hov taxi bus coach delivery truck trailer motorcycle evehicle custom1 custom2" speed="25.00" length="766.68" shape="270.82,377.92 298.87,360.66 452.97,272.74 555.03,214.68 637.02,167.49 937.85,-0.00">
            <param key="origId" value="370372743 44819831 173767781"/>
        </lane>
        <lane id="370372743_2" index="2" allow="private emergency authority army vip passenger hov taxi bus coach delivery truck trailer motorcycle evehicle custom1 custom2" speed="25.00" length="766.68" shape="269.14,375.19 297.24,357.91 451.39,269.96 553.44,211.90 635.44,164.71 936.29,-2.80">
            <param key="origId" value="370372743 44819831 173767781"/>
        </lane>
        <param key="ref" value="PIE"/>
    </edge>
    <edge id="370372745" from="568265824" to="1492179345" priority="9" type="highway.motorway_link" spreadType="center" shape="453.88,293.34 480.06,286.95 509.23,280.13">
        <lane id="370372745_0" index="0" allow="private emergency authority army vip passenger hov taxi bus coach delivery truck trailer motorcycle evehicle custom1 custom2" speed="13.89" length="35.89" shape="470.76,289.22 480.06,286.95 505.69,280.96">
            <param key="origId" value="370372745"/>
        </lane>
    </edge>
    <edge id="370372746" from="6596320638" to="1221460131" priority="9" type="highway.motorway_link" spreadType="center" shape="469.52,204.73 458.66,214.42 443.74,225.70 431.20,236.38 418.68,245.28 398.99,258.33 376.91,271.98 350.65,289.19 330.96,302.25 298.15,322.42 255.44,349.62 209.76,378.63 195.57,389.87 180.44,395.74">
        <lane id="370372746_0" index="0" allow="private emergency authority army vip passenger hov taxi bus coach delivery truck trailer motorcycle evehicle custom1 custom2" speed="13.89" length="341.15" shape="466.54,207.39 458.66,214.42 443.74,225.70 431.20,236.38 418.68,245.28 398.99,258.33 376.91,271.98 350.65,289.19 330.96,302.25 298.15,322.42 255.44,349.62 209.76,378.63 195.57,389.87 182.44,394.97">
            <param key="origId" value="370372746"/>
        </lane>
    </edge>
    <edge id="44818676" from="568256148" to="cluster_568265843_568265844" name="Toh Tuck Avenue" priority="12" type="highway.primary" spreadType="center" shape="595.58,180.73 590.62,165.76 587.41,157.03">
        <lane id="44818676_0" index="0" disallow="tram rail_urban rail rail_electric rail_fast ship" speed="19.44" length="16.48" shape="598.56,179.55 593.64,164.70 593.37,163.97">
            <param key="origId" value="44818676 635190898"/>
        </lane>
        <lane id="44818676_1" index="1" disallow="tram rail_urban rail rail_electric rail_fast ship" speed="19.44" length="16.48" shape="595.52,180.56 590.62,165.76 590.31,164.92">
            <param key="origId" value="44818676 635190898"/>
        </lane>
        <lane id="44818676_2" index="2" disallow="tram rail_urban rail rail_electric rail_fast ship" speed="19.44" length="16.48" shape="592.49,181.57 587.60,166.82 587.25,165.87">
            <param key="origId" value="44818676 635190898"/>
        </lane>
        <param key="origTo" value="568265843"/>
    </edge>
    <edge id="44818738" from="244134692" to="cluster_1492179336_568265833" name="Bukit Batok East Avenue 3" priority="12" type="highway.primary" spreadType="center" shape="584.70,186.08 590.34,203.46 592.04,208.61">
        <lane id="44818738_0" index="0" disallow="tram rail_urban rail rail_electric rail_fast ship" speed="16.67" length="18.05" shape="581.70,187.21 587.30,204.47">
            <param key="origId" value="44818738 354025264"/>
        </lane>
        <lane id="44818738_1" index="1" disallow="tram rail_urban rail rail_electric rail_fast ship" speed="16.67" length="18.05" shape="584.75,186.22 590.32,203.39">
            <param key="origId" value="44818738 354025264"/>
        </lane>
        <lane id="44818738_2" index="2" disallow="tram rail_urban rail rail_electric rail_fast ship" speed="16.67" length="18.05" shape="587.79,185.23 593.33,202.31">
            <param key="origId" value="44818738 354025264"/>
        </lane>
        <param key="origTo" value="1492179336"/>
    </edge>
    <edge id="44819830#1" from="44819830#1-AddedOnRampNode" to="139671673" name="Pan-Island Expressway" priority="14" type="highway.motorway" spreadType="center">
        <lane id="44819830#1_0" index="0" allow="private emergency authority army vip passenger hov taxi bus coach delivery truck trailer motorcycle evehicle custom1 custom2" speed="25.00" length="109.19" shape="92.45,451.28 -1.62,506.70">
            <param key="origId" value="44819830"/>
        </lane>
        <lane id="44819830#1_1" index="1" allow="private emergency authority army vip passenger hov taxi bus coach delivery truck trailer motorcycle evehicle custom1 custom2" speed="25.00" length="109.19" shape="94.07,454.04 -0.00,509.46">
            <param key="origId" value="44819830"/>
        </lane>
        <lane id="44819830#1_2" index="2" allow="private emergency authority army vip passenger hov taxi bus coach delivery truck trailer motorcycle evehicle custom1 custom2" speed="25.00" length="109.19" shape="95.70,456.80 1.62,512.22">
            <param key="origId" value="44819830"/>
        </lane>
        <param key="ref" value="PIE"/>
    </edge>
    <edge id="44819830#1-AddedOnRampEdge" from="1221460131" to="44819830#1-AddedOnRampNode" name="Pan-Island Expressway" priority="14" type="highway.motorway" spreadType="center" shape="182.88,399.88 96.71,450.63">
        <lane id="44819830#1-AddedOnRampEdge_0" index="0" allow="private emergency authority army vip passenger hov taxi bus coach delivery truck trailer motorcycle evehicle custom1 custom2" speed="25.00" length="94.85" acceleration="1" shape="179.45,396.33 97.72,444.46">
            <param key="origId" value="44819830"/>
        </lane>
        <lane id="44819830#1-AddedOnRampEdge_1" index="1" allow="private emergency authority army vip passenger hov taxi bus coach delivery truck trailer motorcycle evehicle custom1 custom2" speed="25.00" length="94.85" shape="181.07,399.09 99.34,447.22">
            <param key="origId" value="44819830"/>
        </lane>
        <lane id="44819830#1-AddedOnRampEdge_2" index="2" allow="private emergency authority army vip passenger hov taxi bus coach delivery truck trailer motorcycle evehicle custom1 custom2" speed="25.00" length="94.85" shape="182.69,401.85 100.97,449.98">
            <param key="origId" value="44819830"/>
        </lane>
        <lane id="44819830#1-AddedOnRampEdge_3" index="3" allow="private emergency authority army vip passenger hov taxi bus coach delivery truck trailer motorcycle evehicle custom1 custom2" speed="25.00" length="94.85" shape="184.32,404.60 102.59,452.74">
            <param key="origId" value="44819830"/>
        </lane>
        <param key="ref" value="PIE"/>
    </edge>
    <edge id="44829777#0" from="cluster_1492179336_568265833" to="1492179329" priority="9" type="highway.motorway_link" spreadType="center" shape="602.62,203.87 607.48,204.50 611.66,205.34 624.70,208.20 634.64,208.45 646.82,205.76 657.17,202.46 666.28,198.42 681.23,190.01 711.04,167.03">
        <lane id="44829777#0_0" index="0" allow="private emergency authority army vip passenger hov taxi bus coach delivery truck trailer motorcycle evehicle custom1 custom2" speed="13.89" length="94.14" shape="614.52,205.97 624.70,208.20 634.64,208.45 646.82,205.76 657.17,202.46 666.28,198.42 681.23,190.01 699.70,175.77">
            <param key="origId" value="44829777"/>
        </lane>
        <param key="origFrom" value="568265833"/>
    </edge>
    <edge id="632222014#0" from="cluster_568265843_568265844" to="247186651" name="Toh Tuck Avenue" priority="12" type="highway.primary" spreadType="center" shape="587.41,157.03 582.92,145.26 561.97,84.52 556.13,69.89">
        <lane id="632222014#0_0" index="0" disallow="tram rail_urban rail rail_electric rail_fast ship" speed="19.44" length="56.86" shape="585.67,143.41 567.11,89.61">
            <param key="origId" value="632222014"/>
        </lane>
        <lane id="632222014#0_1" index="1" disallow="tram rail_urban rail rail_electric rail_fast ship" speed="19.44" length="56.86" shape="582.68,144.56 564.14,90.80">
            <param key="origId" value="632222014"/>
        </lane>
        <lane id="632222014#0_2" index="2" disallow="tram rail_urban rail rail_electric rail_fast ship" speed="19.44" length="56.86" shape="579.69,145.70 561.16,91.99">
            <param key="origId" value="632222014"/>
        </lane>
        <param key="origFrom" value="568265843"/>
    </edge>
    <edge id="632390244" from="5971166982" to="568265824" priority="9" type="highway.motorway_link" spreadType="center">
        <lane id="632390244_0" index="0" allow="private emergency authority army vip passenger hov taxi bus coach delivery truck trailer motorcycle evehicle custom1 custom2" speed="13.89" length="45.18" shape="424.18,314.68 463.04,291.63">
            <param key="origId" value="632390244"/>
        </lane>
        <lane id="632390244_1" index="1" allow="private emergency authority army vip passenger hov taxi bus coach delivery truck trailer motorcycle evehicle custom1 custom2" speed="13.89" length="45.18" shape="422.55,311.93 461.40,288.88">
            <param key="origId" value="632390244"/>
        </lane>
        <lane id="632390244_2" index="2" allow="private emergency authority army vip passenger hov taxi bus coach delivery truck trailer motorcycle evehicle custom1 custom2" speed="13.89" length="45.18" shape="420.92,309.18 459.77,286.12">
            <param key="origId" value="632390244"/>
        </lane>
    </edge>
    <edge id="633439943" from="5979452352" to="cluster_1492179336_568265833" name="Bukit Batok East Avenue 3" priority="12" type="highway.primary" spreadType="center" shape="631.10,281.26 616.29,242.86 602.62,203.87">
        <lane id="633439943_0" index="0" disallow="tram rail_urban rail rail_electric rail_fast ship" speed="16.67" length="67.94" shape="634.14,275.80 620.80,241.20 610.63,212.22">
            <param key="origId" value="633439943"/>
        </lane>
        <lane id="633439943_1" index="1" disallow="tram rail_urban rail rail_electric rail_fast ship" speed="16.67" length="67.94" shape="631.15,276.95 617.79,242.31 607.61,213.28">
            <param key="origId" value="633439943"/>
        </lane>
        <lane id="633439943_2" index="2" disallow="tram rail_urban rail rail_electric rail_fast ship" speed="16.67" length="67.94" shape="628.17,278.10 614.79,243.41 604.60,214.34">
            <param key="origId" value="633439943"/>
        </lane>
        <lane id="633439943_3" index="3" disallow="tram rail_urban rail rail_electric rail_fast ship" speed="16.67" length="67.94" shape="625.18,279.26 611.78,244.52 601.58,215.41">
            <param key="origId" value="633439943"/>
        </lane>
        <param key="origTo" value="568265833"/>
    </edge>
    <edge id="633444926" from="568265826" to="1492179363" name="Bukit Batok East Avenue 3" priority="12" type="highway.primary" spreadType="center">
        <lane id="633444926_0" index="0" disallow="tram rail_urban rail rail_electric rail_fast ship" speed="16.67" length="67.90" shape="620.58,299.47 644.13,363.15">
            <param key="origId" value="633444926"/>
        </lane>
        <lane id="633444926_1" index="1" disallow="tram rail_urban rail rail_electric rail_fast ship" speed="16.67" length="67.90" shape="623.58,298.36 647.13,362.04">
            <param key="origId" value="633444926"/>
        </lane>
        <lane id="633444926_2" index="2" disallow="tram rail_urban rail rail_electric rail_fast ship" speed="16.67" length="67.90" shape="626.58,297.25 650.13,360.93">
            <param key="origId" value="633444926"/>
        </lane>
    </edge>
    <edge id="702427902" from="1221460139" to="6596320638" priority="9" type="highway.motorway_link" spreadType="center" shape="518.07,160.23 492.21,182.91 475.96,199.00 469.52,204.73">
        <lane id="702427902_0" index="0" allow="private emergency authority army vip passenger hov taxi bus coach delivery truck trailer motorcycle evehicle custom1 custom2" speed="13.89" length="59.45" shape="515.19,160.63 491.12,181.74 474.86,197.83 471.44,200.88">
            <param key="origId" value="702427902"/>
        </lane>
        <lane id="702427902_1" index="1" allow="private emergency authority army vip passenger hov taxi bus coach delivery truck trailer motorcycle evehicle custom1 custom2" speed="13.89" length="59.45" shape="517.30,163.04 493.30,184.08 477.06,200.17 473.57,203.27">
            <param key="origId" value="702427902"/>
        </lane>
    </edge>
    <edge id="740303058" from="6931233530" to="1221460131" name="Pan-Island Expressway" priority="14" type="highway.motorway" spreadType="center" shape="683.14,122.25 629.74,152.18 548.33,198.90 444.98,256.97 260.13,357.79 183.69,401.26">
        <lane id="740303058_0" index="0" allow="private emergency authority army vip passenger hov taxi bus coach delivery truck trailer motorcycle evehicle custom1 custom2" speed="25.00" length="566.09" shape="678.09,121.41 628.16,149.40 546.75,196.12 443.43,254.17 258.57,354.99 183.87,397.48">
            <param key="origId" value="740303058 44819824 44819830"/>
        </lane>
        <lane id="740303058_1" index="1" allow="private emergency authority army vip passenger hov taxi bus coach delivery truck trailer motorcycle evehicle custom1 custom2" speed="25.00" length="566.09" shape="679.65,124.21 629.74,152.18 548.33,198.90 444.98,256.97 260.13,357.79 185.46,400.26">
            <param key="origId" value="740303058 44819824 44819830"/>
        </lane>
        <lane id="740303058_2" index="2" allow="private emergency authority army vip passenger hov taxi bus coach delivery truck trailer motorcycle evehicle custom1 custom2" speed="25.00" length="566.09" shape="681.22,127.00 631.32,154.96 549.91,201.68 446.53,259.77 261.69,360.59 187.04,403.03">
            <param key="origId" value="740303058 44819824 44819830"/>
        </lane>
        <param key="ref" value="PIE"/>
    </edge>
    <edge id="75406308" from="568265839" to="247186651" priority="9" type="highway.motorway_link" spreadType="center" shape="649.08,93.31 642.89,93.25 635.81,93.97 619.23,98.50 607.75,99.13 598.66,97.81 585.00,94.14 573.62,90.13 568.99,86.25 564.60,80.78 556.13,69.89">
        <lane id="75406308_0" index="0" allow="private emergency authority army vip passenger hov taxi bus coach delivery truck trailer motorcycle evehicle custom1 custom2" speed="13.89" length="65.15" shape="632.97,94.74 619.23,98.50 607.75,99.13 598.66,97.81 585.00,94.14 573.62,90.13 570.55,87.56">
            <param key="origId" value="75406308"/>
        </lane>
    </edge>
    <edge id="75406310" from="cluster_568265843_568265844" to="244134692" name="Toh Tuck Avenue" priority="12" type="highway.primary" spreadType="center" shape="576.62,161.53 579.17,169.75 584.70,186.08">
        <lane id="75406310_0" index="0" disallow="tram rail_urban rail rail_electric rail_fast ship" speed="19.44" length="18.40" shape="575.73,169.45 576.13,170.74 581.62,186.97">
            <param key="origId" value="75406310 354025263"/>
        </lane>
        <lane id="75406310_1" index="1" disallow="tram rail_urban rail rail_electric rail_fast ship" speed="19.44" length="18.40" shape="578.78,168.50 579.17,169.75 584.65,185.94">
            <param key="origId" value="75406310 354025263"/>
        </lane>
        <lane id="75406310_2" index="2" disallow="tram rail_urban rail rail_electric rail_fast ship" speed="19.44" length="18.40" shape="581.84,167.56 582.21,168.76 587.68,184.92">
            <param key="origId" value="75406310 354025263"/>
        </lane>
        <param key="origFrom" value="568265844"/>
    </edge>
    <edge id="75406311" from="cluster_1492179336_568265833" to="568256148" name="Bukit Batok East Avenue 3" priority="12" type="highway.primary" spreadType="center" shape="602.62,203.87 601.22,199.97 595.58,180.73">
        <lane id="75406311_0" index="0" disallow="tram rail_urban rail rail_electric rail_fast ship" speed="16.67" length="19.40" shape="604.11,198.44 598.70,180.00">
            <param key="origId" value="75406311 354025261"/>
        </lane>
        <lane id="75406311_1" index="1" disallow="tram rail_urban rail rail_electric rail_fast ship" speed="16.67" length="19.40" shape="601.09,199.52 595.63,180.90">
            <param key="origId" value="75406311 354025261"/>
        </lane>
        <lane id="75406311_2" index="2" disallow="tram rail_urban rail rail_electric rail_fast ship" speed="16.67" length="19.40" shape="598.07,200.60 592.56,181.80">
            <param key="origId" value="75406311 354025261"/>
        </lane>
        <param key="origFrom" value="568265833"/>
    </edge>
    <edge id="784988976" from="1492179345" to="568265825" priority="9" type="highway.motorway_link" spreadType="center">
        <lane id="784988976_0" index="0" allow="private emergency authority army vip passenger hov taxi bus coach delivery truck trailer motorcycle evehicle custom1 custom2" speed="13.89" length="14.29" shape="513.01,281.33 527.22,279.78">
            <param key="origId" value="784988976"/>
        </lane>
        <lane id="784988976_1" index="1" allow="private emergency authority army vip passenger hov taxi bus coach delivery truck trailer motorcycle evehicle custom1 custom2" speed="13.89" length="14.29" shape="512.67,278.15 526.87,276.60">
            <param key="origId" value="784988976"/>
        </lane>
    </edge>
    <edge id="786425168" from="7353240884" to="cluster_568265843_568265844" name="Toh Tuck Avenue" priority="12" type="highway.primary" spreadType="center" shape="549.90,91.86 559.51,115.36 572.06,149.14 576.62,161.53">
        <lane id="786425168_0" index="0" disallow="tram rail_urban rail rail_electric rail_fast ship" speed="19.44" length="60.93" shape="545.46,93.68 555.04,117.10 567.40,150.38">
            <param key="origId" value="786425168 633797719"/>
        </lane>
        <lane id="786425168_1" index="1" disallow="tram rail_urban rail rail_electric rail_fast ship" speed="19.44" length="60.93" shape="548.42,92.47 558.02,115.94 570.39,149.24">
            <param key="origId" value="786425168 633797719"/>
        </lane>
        <lane id="786425168_2" index="2" disallow="tram rail_urban rail rail_electric rail_fast ship" speed="19.44" length="60.93" shape="551.38,91.25 561.00,114.78 573.38,148.10">
            <param key="origId" value="786425168 633797719"/>
        </lane>
        <lane id="786425168_3" index="3" disallow="tram rail_urban rail rail_electric rail_fast ship" speed="19.44" length="60.93" shape="554.34,90.04 563.98,113.62 576.37,146.96">
            <param key="origId" value="786425168 633797719"/>
        </lane>
        <param key="origTo" value="568265844"/>
    </edge>

    <tlLogic id="joinedS_cluster_1492179336_568265833_cluster_568265843_568265844" type="actuated" programID="0" offset="0">
        <phase duration="25" state="rrrrrrGGGGGrrrrGGGGGrrr" minDur="8" maxDur="50"/>
        <phase duration="5"  state="rrrrrryyyyyrrrryyyyyrrr"/>
        <phase duration="25" state="GGGrrrGGGrrrrrrGGGrrGGG" minDur="8" maxDur="50"/>
        <phase duration="5"  state="yyyrrryyyrrrrrryyyrryyy"/>
        <phase duration="25" state="rrrGGGrrrrrGGGGrrrrrrrr" minDur="5" maxDur="50"/>
        <phase duration="5"  state="rrryyyrrrrryyyyrrrrrrrr"/>
    </tlLogic>

    <junction id="1221460131" type="priority" x="183.69" y="401.26" incLanes="740303058_0 740303058_1 740303058_2 370372746_0" intLanes=":1221460131_0_0 :1221460131_0_1 :1221460131_0_2 :1221460131_3_0" shape="181.63,393.56 187.84,404.42 185.13,405.98 178.63,394.95 179.70,394.35 180.09,394.17 180.49,394.00">
        <request index="0" response="0000" foes="0000" cont="0"/>
        <request index="1" response="0000" foes="0000" cont="0"/>
        <request index="2" response="0000" foes="0000" cont="0"/>
        <request index="3" response="0000" foes="0000" cont="0"/>
    </junction>
    <junction id="1221460139" type="priority" x="518.07" y="160.23" incLanes="106091351_0 135956125#0_0 135956125#0_1" intLanes=":1221460139_0_0 :1221460139_1_0 :1221460139_1_1" shape="526.12,148.28 528.44,150.66 527.44,152.39 526.80,153.57 526.30,154.67 526.07,155.47 526.29,155.75 527.27,162.08 525.27,162.22 523.70,162.21 522.40,162.23 521.19,162.45 519.89,163.07 518.35,164.24 514.13,159.43 516.87,157.22 519.06,155.71 520.89,154.48 522.55,153.11 524.23,151.19">
        <request index="0" response="110" foes="110" cont="0"/>
        <request index="1" response="000" foes="001" cont="0"/>
        <request index="2" response="000" foes="001" cont="0"/>
    </junction>
    <junction id="1221460152" type="dead_end" x="541.94" y="72.48" incLanes="" intLanes="" shape="543.53,72.31 540.35,72.65"/>
    <junction id="139671673" type="dead_end" x="0.00" y="509.46" incLanes="44819830#1_0 44819830#1_1 44819830#1_2" intLanes="" shape="-2.44,505.32 2.44,513.60"/>
    <junction id="139701133" type="dead_end" x="270.82" y="377.92" incLanes="" intLanes="" shape="268.30,373.83 273.34,382.01"/>
    <junction id="1492179317" type="dead_end" x="814.36" y="89.89" incLanes="173768000_0 173768000_1" intLanes="" shape="816.04,92.62 812.68,87.16"/>
    <junction id="1492179329" type="priority" x="711.04" y="167.03" incLanes="135956133_0 44829777#0_0" intLanes=":1492179329_0_0 :1492179329_1_0" shape="705.13,169.15 710.06,173.23 707.69,175.55 706.72,176.23 705.76,176.91 704.70,177.85 703.45,179.28 700.94,177.30 700.67,177.04 698.72,174.51 701.26,172.70 702.17,172.08 703.02,171.40 703.96,170.49">
        <request index="0" response="00" foes="00" cont="0"/>
        <request index="1" response="00" foes="00" cont="0"/>
    </junction>
    <junction id="1492179345" type="priority" x="509.23" y="280.13" incLanes="370372745_0" intLanes=":1492179345_0_0 :1492179345_0_1" shape="512.50,276.56 513.19,282.92 510.53,282.80 509.59,282.56 508.66,282.34 507.55,282.29 506.06,282.51 505.33,279.40 508.00,278.36 508.88,277.80 509.77,277.28 510.89,276.85">
        <request index="0" response="00" foes="00" cont="0"/>
        <request index="1" response="00" foes="00" cont="0"/>
    </junction>
    <junction id="1492179353" type="dead_end" x="644.51" y="315.68" incLanes="" intLanes="" shape="642.86,297.02 646.08,297.15 646.62,309.47 646.10,317.08 644.53,320.01 641.90,318.23 638.22,311.76 633.48,300.60 642.43,297.11"/>
    <junction id="1492179363" type="dead_end" x="647.13" y="362.04" incLanes="633444926_0 633444926_1 633444926_2" intLanes="" shape="642.63,363.70 651.63,360.38"/>
    <junction id="244134692" type="priority" x="584.70" y="186.08" incLanes="75406310_0 75406310_1 75406310_2" intLanes=":244134692_0_0 :244134692_0_1 :244134692_0_2" shape="589.31,184.74 580.18,187.70 580.11,187.48 589.20,184.40">
        <request index="0" response="000" foes="000" cont="0"/>
        <request index="1" response="000" foes="000" cont="0"/>
        <request index="2" response="000" foes="000" cont="0"/>
    </junction>
    <junction id="247186651" type="dead_end" x="556.13" y="69.89" incLanes="75406308_0 632222014#0_0 632222014#0_1 632222014#0_2" intLanes="" shape="571.84,86.55 569.26,88.56 568.60,89.02 559.67,92.58 557.82,86.07 557.53,81.77 558.78,79.66 561.58,79.76 565.93,82.05"/>
    <junction id="3740792311" type="dead_end" x="761.79" y="78.30" incLanes="" intLanes="" shape="764.91,83.89 758.67,72.71"/>
    <junction id="3740792534" type="priority" x="532.46" y="249.31" incLanes="370372733_0 370372733_1" intLanes=":3740792534_0_0 :3740792534_0_1" shape="531.61,246.22 533.73,252.25 530.79,246.57 531.08,246.42 531.19,246.37 531.30,246.33 531.43,246.28">
        <request index="0" response="00" foes="00" cont="0"/>
        <request index="1" response="00" foes="00" cont="0"/>
    </junction>
    <junction id="44819830#1-AddedOnRampNode" type="priority" x="97.52" y="452.01" incLanes="44819830#1-AddedOnRampEdge_0 44819830#1-AddedOnRampEdge_1 44819830#1-AddedOnRampEdge_2 44819830#1-AddedOnRampEdge_3" intLanes=":44819830#1-AddedOnRampNode_0_0 :44819830#1-AddedOnRampNode_0_1 :44819830#1-AddedOnRampNode_0_2" shape="96.91,443.09 103.40,454.12 96.51,458.18 91.64,449.90 93.83,447.65 94.72,445.34 95.49,444.20">
        <request index="0" response="000" foes="000" cont="0"/>
        <request index="1" response="000" foes="000" cont="0"/>
        <request index="2" response="000" foes="000" cont="0"/>
    </junction>
    <junction id="5171643248" type="priority" x="444.00" y="74.93" incLanes="-160530747_0" intLanes=":5171643248_0_0" shape="444.00,74.93 447.08,74.05 444.00,74.93">
        <request index="0" response="0" foes="0" cont="0"/>
    </junction>
    <junction id="5233314782" type="dead_end" x="414.39" y="149.12" incLanes="160530747_0" intLanes="" shape="414.39,149.12 412.48,146.55 414.39,149.12"/>
    <junction id="568256148" type="priority" x="595.58" y="180.73" incLanes="75406311_0 75406311_1 75406311_2" intLanes=":568256148_0_0 :568256148_0_1 :568256148_0_2" shape="600.24,179.55 591.02,182.25 590.97,182.07 600.08,179.05">
        <request index="0" response="000" foes="000" cont="0"/>
        <request index="1" response="000" foes="000" cont="0"/>
        <request index="2" response="000" foes="000" cont="0"/>
    </junction>
    <junction id="568265824" type="priority" x="453.88" y="293.34" incLanes="632390244_0 632390244_1 632390244_2" intLanes=":568265824_0_0 :568265824_1_0 :568265824_1_1" shape="466.91,281.76 470.21,287.25 470.38,287.66 471.14,290.77 468.34,291.32 467.34,291.50 466.38,291.76 465.28,292.23 463.85,293.00 458.96,284.75 461.83,283.50 462.94,283.26 464.04,283.03 465.31,282.59">
        <request index="0" response="000" foes="000" cont="0"/>
        <request index="1" response="000" foes="000" cont="0"/>
        <request index="2" response="000" foes="000" cont="0"/>
    </junction>
    <junction id="568265825" type="priority" x="531.57" y="277.70" incLanes="784988976_0 784988976_1" intLanes=":568265825_0_0 :568265825_1_0 :568265825_1_1" shape="543.64,268.17 546.44,273.97 546.11,274.94 547.17,275.24 549.06,275.43 551.77,275.50 555.30,275.46 555.39,278.65 527.39,281.37 526.70,275.01 530.57,274.49 533.40,273.86 535.65,273.01 537.80,271.85">
        <request index="0" response="000" foes="000" cont="0"/>
        <request index="1" response="000" foes="000" cont="0"/>
        <request index="2" response="000" foes="000" cont="0"/>
    </junction>
    <junction id="568265826" type="priority" x="624.59" y="301.09" incLanes="370372732_0 200159283_0 200159283_1 200159283_2" intLanes=":568265826_0_0 :568265826_1_0 :568265826_1_1 :568265826_1_2" shape="628.08,296.69 619.08,300.02 618.02,297.45 616.99,295.65 615.84,294.33 614.43,293.23 612.61,292.05 610.23,290.54 612.59,288.26 614.18,289.01 614.62,288.93 614.82,288.54 614.77,287.85 614.49,286.85 623.54,283.66">
        <request index="0" response="1110" foes="1110" cont="0"/>
        <request index="1" response="0000" foes="0001" cont="0"/>
        <request index="2" response="0000" foes="0001" cont="0"/>
        <request index="3" response="0000" foes="0001" cont="0"/>
    </junction>
    <junction id="568265839" type="dead_end" x="649.08" y="93.31" incLanes="" intLanes="" shape="637.66,105.38 633.17,96.84 632.97,96.41 632.98,93.08 644.03,90.44 650.98,89.68 653.81,90.79 652.54,93.78 647.15,98.64"/>
    <junction id="5971166982" type="dead_end" x="422.55" y="311.93" incLanes="" intLanes="" shape="420.10,307.80 425.00,316.06"/>
    <junction id="5971954232" type="dead_end" x="937.85" y="0.00" incLanes="370372743_0 370372743_1 370372743_2" intLanes="" shape="940.18,4.19 935.52,-4.19"/>
    <junction id="5979452352" type="priority" x="631.10" y="281.26" incLanes="173767599_0 173767599_1 173767599_2" intLanes=":5979452352_0_0 :5979452352_0_1 :5979452352_0_2 :5979452352_0_3" shape="637.02,283.24 628.08,286.73 626.61,284.10 625.15,282.47 624.42,281.40 623.69,279.83 635.63,275.23 636.32,278.15 636.33,280.32 636.51,281.60">
        <request index="0" response="0000" foes="0000" cont="0"/>
        <request index="1" response="0000" foes="0000" cont="0"/>
        <request index="2" response="0000" foes="0000" cont="0"/>
        <request index="3" response="0000" foes="0000" cont="0"/>
    </junction>
    <junction id="6596259373" type="dead_end" x="832.61" y="101.61" incLanes="370372736_0 370372736_1" intLanes="" shape="834.40,104.26 830.82,98.96"/>
    <junction id="6596320638" type="priority" x="469.52" y="204.73" incLanes="702427902_0 702427902_1" intLanes=":6596320638_0_0" shape="470.38,199.68 474.64,204.46 472.13,206.13 470.10,206.91 468.97,207.53 467.60,208.59 465.47,206.20 467.42,203.90 468.43,201.97 469.17,200.92">
        <request index="0" response="0" foes="0" cont="0"/>
    </junction>
    <junction id="6931233530" type="priority" x="683.14" y="122.25" incLanes="370372742_0 370372742_1 370372742_2 370372742_3" intLanes=":6931233530_0_0 :6931233530_0_1 :6931233530_0_2" shape="683.51,114.71 689.75,125.89 686.95,126.98 684.80,127.30 683.56,127.65 682.00,128.39 677.30,120.02 679.70,118.20 681.11,116.53 682.06,115.66">
        <request index="0" response="000" foes="000" cont="0"/>
        <request index="1" response="000" foes="000" cont="0"/>
        <request index="2" response="000" foes="000" cont="0"/>
    </junction>
    <junction id="7353240884" type="dead_end" x="549.90" y="91.86" incLanes="" intLanes="" shape="555.82,89.44 543.98,94.28"/>
    <junction id="cluster_1492179336_568265833" type="traffic_light" x="597.33" y="206.24" incLanes="633439943_0 633439943_1 633439943_2 633439943_3 135956129#0_0 135956129#0_1 44818738_0 44818738_1 44818738_2" intLanes=":cluster_1492179336_568265833_0_0 :cluster_1492179336_568265833_0_1 :cluster_1492179336_568265833_0_2 :cluster_1492179336_568265833_3_0 :cluster_1492179336_568265833_4_0 :cluster_1492179336_568265833_4_1 :cluster_1492179336_568265833_6_0 :cluster_1492179336_568265833_6_1 :cluster_1492179336_568265833_6_2 :cluster_1492179336_568265833_9_0 :cluster_1492179336_568265833_10_0" shape="614.72,204.37 614.31,207.56 612.33,207.64 611.81,208.16 611.61,209.01 611.72,210.19 612.14,211.69 590.69,219.24 589.44,216.85 588.79,216.45 588.12,216.58 587.43,217.25 586.72,218.44 582.30,213.60 583.70,211.99 584.77,210.45 585.51,208.98 585.93,207.57 586.02,206.22 585.80,205.01 605.61,197.90 607.25,200.74 608.59,201.91 610.29,202.90 612.33,203.72">
        <request index="0"  response="00000000000" foes="11000111000" cont="0"/>
        <request index="1"  response="00000000000" foes="11000111000" cont="0"/>
        <request index="2"  response="00000000000" foes="11000111000" cont="0"/>
        <request index="3"  response="01111000111" foes="01111000111" cont="0"/>
        <request index="4"  response="01111000111" foes="11111000111" cont="0"/>
        <request index="5"  response="01111000111" foes="11111000111" cont="0"/>
        <request index="6"  response="00000000000" foes="00000111000" cont="0"/>
        <request index="7"  response="00000000000" foes="00000111000" cont="0"/>
        <request index="8"  response="00000000000" foes="00000111000" cont="0"/>
        <request index="9"  response="00000000111" foes="00000111111" cont="0"/>
        <request index="10" response="00000110111" foes="00000110111" cont="0"/>
        <param key="origEdgeIds" value="200159308"/>
        <param key="origId" value="1492179336 568265833"/>
    </junction>
    <junction id="cluster_568265843_568265844" type="traffic_light" x="582.02" y="159.28" incLanes="370372731#0_0 370372731#0_1 370372731#0_2 44818676_0 44818676_1 44818676_2 786425168_0 786425168_1 786425168_2 786425168_3" intLanes=":cluster_568265843_568265844_0_0 :cluster_568265843_568265844_0_1 :cluster_568265843_568265844_2_0 :cluster_568265843_568265844_2_1 :cluster_568265843_568265844_4_0 :cluster_568265843_568265844_4_1 :cluster_568265843_568265844_4_2 :cluster_568265843_568265844_7_0 :cluster_568265843_568265844_8_0 :cluster_568265843_568265844_9_0 :cluster_568265843_568265844_9_1 :cluster_568265843_568265844_9_2" shape="590.68,143.20 598.66,148.55 596.94,151.55 595.65,154.36 594.81,156.95 594.40,159.34 594.43,161.52 594.90,163.50 574.20,169.93 572.71,168.32 571.66,168.32 570.44,168.45 569.09,168.41 567.68,167.89 565.75,159.81 567.53,159.44 567.77,158.28 567.58,156.49 566.96,154.04 565.91,150.95 587.16,142.84 588.15,144.60 588.71,144.86 589.32,144.72 589.98,144.16">
        <request index="0"  response="111011110000" foes="111011110000" cont="0"/>
        <request index="1"  response="111011110000" foes="111011110000" cont="0"/>
        <request index="2"  response="111011110000" foes="111111110000" cont="0"/>
        <request index="3"  response="111011110000" foes="111111110000" cont="0"/>
        <request index="4"  response="000000000000" foes="000000001111" cont="0"/>
        <request index="5"  response="000000000000" foes="000000001111" cont="0"/>
        <request index="6"  response="000000000000" foes="000000001111" cont="0"/>
        <request index="7"  response="111000000000" foes="111000001111" cont="0"/>
        <request index="8"  response="111000001100" foes="111000001100" cont="0"/>
        <request index="9"  response="000000000000" foes="000110001111" cont="0"/>
        <request index="10" response="000000000000" foes="000110001111" cont="0"/>
        <request index="11" response="000000000000" foes="000110001111" cont="0"/>
        <param key="origEdgeIds" value="370372747"/>
        <param key="origId" value="568265843 568265844"/>
    </junction>

    <connection from="-160530747" to="160530747" fromLane="0" toLane="0" via=":5171643248_0_0" dir="T" state="M"/>
    <connection from="106091351" to="702427902" fromLane="0" toLane="0" via=":1221460139_0_0" dir="s" state="m"/>
    <connection from="135956125#0" to="702427902" fromLane="0" toLane="0" via=":1221460139_1_0" dir="s" state="M"/>
    <connection from="135956125#0" to="702427902" fromLane="1" toLane="1" via=":1221460139_1_1" dir="s" state="M"/>
    <connection from="135956129#0" to="44829777#0" fromLane="0" toLane="0" via=":cluster_1492179336_568265833_3_0" tl="joinedS_cluster_1492179336_568265833_cluster_568265843_568265844" linkIndex="3" dir="L" state="o"/>
    <connection from="135956129#0" to="75406311" fromLane="1" toLane="1" via=":cluster_1492179336_568265833_4_0" tl="joinedS_cluster_1492179336_568265833_cluster_568265843_568265844" linkIndex="4" dir="r" state="o"/>
    <connection from="135956129#0" to="75406311" fromLane="1" toLane="2" via=":cluster_1492179336_568265833_4_1" tl="joinedS_cluster_1492179336_568265833_cluster_568265843_568265844" linkIndex="5" dir="r" state="o"/>
    <connection from="135956133" to="173768000" fromLane="0" toLane="0" via=":1492179329_0_0" dir="s" state="M"/>
    <connection from="173767599" to="633439943" fromLane="0" toLane="0" via=":5979452352_0_0" dir="s" state="M"/>
    <connection from="173767599" to="633439943" fromLane="1" toLane="1" via=":5979452352_0_1" dir="s" state="M"/>
    <connection from="173767599" to="633439943" fromLane="2" toLane="2" via=":5979452352_0_2" dir="s" state="M"/>
    <connection from="173767599" to="633439943" fromLane="2" toLane="3" via=":5979452352_0_3" dir="s" state="M"/>
    <connection from="200159283" to="633444926" fromLane="0" toLane="0" via=":568265826_1_0" dir="s" state="M"/>
    <connection from="200159283" to="633444926" fromLane="1" toLane="1" via=":568265826_1_1" dir="s" state="M"/>
    <connection from="200159283" to="633444926" fromLane="2" toLane="2" via=":568265826_1_2" dir="s" state="M"/>
    <connection from="370372731#0" to="135956125#0" fromLane="0" toLane="0" via=":cluster_568265843_568265844_0_0" tl="joinedS_cluster_1492179336_568265833_cluster_568265843_568265844" linkIndex="11" dir="s" state="o"/>
    <connection from="370372731#0" to="135956125#0" fromLane="1" toLane="1" via=":cluster_568265843_568265844_0_1" tl="joinedS_cluster_1492179336_568265833_cluster_568265843_568265844" linkIndex="12" dir="s" state="o"/>
    <connection from="370372731#0" to="75406310" fromLane="2" toLane="1" via=":cluster_568265843_568265844_2_0" tl="joinedS_cluster_1492179336_568265833_cluster_568265843_568265844" linkIndex="13" dir="r" state="o"/>
    <connection from="370372731#0" to="75406310" fromLane="2" toLane="2" via=":cluster_568265843_568265844_2_1" tl="joinedS_cluster_1492179336_568265833_cluster_568265843_568265844" linkIndex="14" dir="r" state="o"/>
    <connection from="370372732" to="633444926" fromLane="0" toLane="0" via=":568265826_0_0" dir="s" state="m"/>
    <connection from="370372733" to="370372736" fromLane="0" toLane="0" via=":3740792534_0_0" dir="s" state="M"/>
    <connection from="370372733" to="370372736" fromLane="1" toLane="1" via=":3740792534_0_1" dir="s" state="M"/>
    <connection from="370372742" to="740303058" fromLane="1" toLane="0" via=":6931233530_0_0" dir="s" state="M"/>
    <connection from="370372742" to="740303058" fromLane="2" toLane="1" via=":6931233530_0_1" dir="s" state="M"/>
    <connection from="370372742" to="740303058" fromLane="3" toLane="2" via=":6931233530_0_2" dir="s" state="M"/>
    <connection from="370372745" to="784988976" fromLane="0" toLane="0" via=":1492179345_0_0" dir="s" state="M"/>
    <connection from="370372745" to="784988976" fromLane="0" toLane="1" via=":1492179345_0_1" dir="s" state="M"/>
    <connection from="370372746" to="44819830#1-AddedOnRampEdge" fromLane="0" toLane="0" via=":1221460131_3_0" dir="s" state="M"/>
    <connection from="44818676" to="632222014#0" fromLane="0" toLane="0" via=":cluster_568265843_568265844_4_0" tl="joinedS_cluster_1492179336_568265833_cluster_568265843_568265844" linkIndex="15" dir="s" state="O"/>
    <connection from="44818676" to="632222014#0" fromLane="1" toLane="1" via=":cluster_568265843_568265844_4_1" tl="joinedS_cluster_1492179336_568265833_cluster_568265843_568265844" linkIndex="16" dir="s" state="O"/>
    <connection from="44818676" to="632222014#0" fromLane="2" toLane="2" via=":cluster_568265843_568265844_4_2" tl="joinedS_cluster_1492179336_568265833_cluster_568265843_568265844" linkIndex="17" dir="s" state="O"/>
    <connection from="44818676" to="135956125#0" fromLane="2" toLane="1" via=":cluster_568265843_568265844_7_0" tl="joinedS_cluster_1492179336_568265833_cluster_568265843_568265844" linkIndex="18" dir="r" state="o"/>
    <connection from="44818676" to="75406310" fromLane="2" toLane="2" via=":cluster_568265843_568265844_8_0" tl="joinedS_cluster_1492179336_568265833_cluster_568265843_568265844" linkIndex="19" dir="T" state="o"/>
    <connection from="44818738" to="200159283" fromLane="0" toLane="0" via=":cluster_1492179336_568265833_6_0" tl="joinedS_cluster_1492179336_568265833_cluster_568265843_568265844" linkIndex="6" dir="s" state="O"/>
    <connection from="44818738" to="200159283" fromLane="1" toLane="1" via=":cluster_1492179336_568265833_6_1" tl="joinedS_cluster_1492179336_568265833_cluster_568265843_568265844" linkIndex="7" dir="s" state="O"/>
    <connection from="44818738" to="200159283" fromLane="2" toLane="2" via=":cluster_1492179336_568265833_6_2" tl="joinedS_cluster_1492179336_568265833_cluster_568265843_568265844" linkIndex="8" dir="s" state="O"/>
    <connection from="44818738" to="44829777#0" fromLane="2" toLane="0" via=":cluster_1492179336_568265833_9_0" tl="joinedS_cluster_1492179336_568265833_cluster_568265843_568265844" linkIndex="9" dir="r" state="o"/>
    <connection from="44818738" to="75406311" fromLane="2" toLane="2" via=":cluster_1492179336_568265833_10_0" tl="joinedS_cluster_1492179336_568265833_cluster_568265843_568265844" linkIndex="10" dir="T" state="o"/>
    <connection from="44819830#1-AddedOnRampEdge" to="44819830#1" fromLane="1" toLane="0" via=":44819830#1-AddedOnRampNode_0_0" dir="s" state="M"/>
    <connection from="44819830#1-AddedOnRampEdge" to="44819830#1" fromLane="2" toLane="1" via=":44819830#1-AddedOnRampNode_0_1" dir="s" state="M"/>
    <connection from="44819830#1-AddedOnRampEdge" to="44819830#1" fromLane="3" toLane="2" via=":44819830#1-AddedOnRampNode_0_2" dir="s" state="M"/>
    <connection from="44829777#0" to="173768000" fromLane="0" toLane="1" via=":1492179329_1_0" dir="s" state="M"/>
    <connection from="632390244" to="370372745" fromLane="0" toLane="0" via=":568265824_0_0" dir="L" state="M"/>
    <connection from="632390244" to="370372733" fromLane="1" toLane="0" via=":568265824_1_0" dir="s" state="M"/>
    <connection from="632390244" to="370372733" fromLane="2" toLane="1" via=":568265824_1_1" dir="s" state="M"/>
    <connection from="633439943" to="75406311" fromLane="0" toLane="0" via=":cluster_1492179336_568265833_0_0" tl="joinedS_cluster_1492179336_568265833_cluster_568265843_568265844" linkIndex="0" dir="s" state="O"/>
    <connection from="633439943" to="75406311" fromLane="1" toLane="1" via=":cluster_1492179336_568265833_0_1" tl="joinedS_cluster_1492179336_568265833_cluster_568265843_568265844" linkIndex="1" dir="s" state="O"/>
    <connection from="633439943" to="75406311" fromLane="2" toLane="2" via=":cluster_1492179336_568265833_0_2" tl="joinedS_cluster_1492179336_568265833_cluster_568265843_568265844" linkIndex="2" dir="s" state="O"/>
    <connection from="702427902" to="370372746" fromLane="1" toLane="0" via=":6596320638_0_0" dir="s" state="M"/>
    <connection from="740303058" to="44819830#1-AddedOnRampEdge" fromLane="0" toLane="1" via=":1221460131_0_0" dir="s" state="M"/>
    <connection from="740303058" to="44819830#1-AddedOnRampEdge" fromLane="1" toLane="2" via=":1221460131_0_1" dir="s" state="M"/>
    <connection from="740303058" to="44819830#1-AddedOnRampEdge" fromLane="2" toLane="3" via=":1221460131_0_2" dir="s" state="M"/>
    <connection from="75406310" to="44818738" fromLane="0" toLane="0" via=":244134692_0_0" dir="s" state="M"/>
    <connection from="75406310" to="44818738" fromLane="1" toLane="1" via=":244134692_0_1" dir="s" state="M"/>
    <connection from="75406310" to="44818738" fromLane="2" toLane="2" via=":244134692_0_2" dir="s" state="M"/>
    <connection from="75406311" to="44818676" fromLane="0" toLane="0" via=":568256148_0_0" dir="s" state="M"/>
    <connection from="75406311" to="44818676" fromLane="1" toLane="1" via=":568256148_0_1" dir="s" state="M"/>
    <connection from="75406311" to="44818676" fromLane="2" toLane="2" via=":568256148_0_2" dir="s" state="M"/>
    <connection from="784988976" to="370372732" fromLane="0" toLane="0" via=":568265825_0_0" dir="s" state="M"/>
    <connection from="784988976" to="135956129#0" fromLane="0" toLane="0" via=":568265825_1_0" dir="R" state="M"/>
    <connection from="784988976" to="135956129#0" fromLane="1" toLane="1" via=":568265825_1_1" dir="R" state="M"/>
    <connection from="786425168" to="75406310" fromLane="0" toLane="0" via=":cluster_568265843_568265844_9_0" tl="joinedS_cluster_1492179336_568265833_cluster_568265843_568265844" linkIndex="20" dir="s" state="O"/>
    <connection from="786425168" to="75406310" fromLane="1" toLane="1" via=":cluster_568265843_568265844_9_1" tl="joinedS_cluster_1492179336_568265833_cluster_568265843_568265844" linkIndex="21" dir="s" state="O"/>
    <connection from="786425168" to="75406310" fromLane="2" toLane="2" via=":cluster_568265843_568265844_9_2" tl="joinedS_cluster_1492179336_568265833_cluster_568265843_568265844" linkIndex="22" dir="s" state="O"/>

    <connection from=":1221460131_0" to="44819830#1-AddedOnRampEdge" fromLane="0" toLane="1" dir="s" state="M"/>
    <connection from=":1221460131_0" to="44819830#1-AddedOnRampEdge" fromLane="1" toLane="2" dir="s" state="M"/>
    <connection from=":1221460131_0" to="44819830#1-AddedOnRampEdge" fromLane="2" toLane="3" dir="s" state="M"/>
    <connection from=":1221460131_3" to="44819830#1-AddedOnRampEdge" fromLane="0" toLane="0" dir="s" state="M"/>
    <connection from=":1221460139_0" to="702427902" fromLane="0" toLane="0" dir="s" state="M"/>
    <connection from=":1221460139_1" to="702427902" fromLane="0" toLane="0" dir="s" state="M"/>
    <connection from=":1221460139_1" to="702427902" fromLane="1" toLane="1" dir="s" state="M"/>
    <connection from=":1492179329_0" to="173768000" fromLane="0" toLane="0" dir="s" state="M"/>
    <connection from=":1492179329_1" to="173768000" fromLane="0" toLane="1" dir="s" state="M"/>
    <connection from=":1492179345_0" to="784988976" fromLane="0" toLane="0" dir="s" state="M"/>
    <connection from=":1492179345_0" to="784988976" fromLane="1" toLane="1" dir="s" state="M"/>
    <connection from=":244134692_0" to="44818738" fromLane="0" toLane="0" dir="s" state="M"/>
    <connection from=":244134692_0" to="44818738" fromLane="1" toLane="1" dir="s" state="M"/>
    <connection from=":244134692_0" to="44818738" fromLane="2" toLane="2" dir="s" state="M"/>
    <connection from=":3740792534_0" to="370372736" fromLane="0" toLane="0" dir="s" state="M"/>
    <connection from=":3740792534_0" to="370372736" fromLane="1" toLane="1" dir="s" state="M"/>
    <connection from=":44819830#1-AddedOnRampNode_0" to="44819830#1" fromLane="0" toLane="0" dir="s" state="M"/>
    <connection from=":44819830#1-AddedOnRampNode_0" to="44819830#1" fromLane="1" toLane="1" dir="s" state="M"/>
    <connection from=":44819830#1-AddedOnRampNode_0" to="44819830#1" fromLane="2" toLane="2" dir="s" state="M"/>
    <connection from=":5171643248_0" to="160530747" fromLane="0" toLane="0" dir="T" state="M"/>
    <connection from=":568256148_0" to="44818676" fromLane="0" toLane="0" dir="s" state="M"/>
    <connection from=":568256148_0" to="44818676" fromLane="1" toLane="1" dir="s" state="M"/>
    <connection from=":568256148_0" to="44818676" fromLane="2" toLane="2" dir="s" state="M"/>
    <connection from=":568265824_0" to="370372745" fromLane="0" toLane="0" dir="L" state="M"/>
    <connection from=":568265824_1" to="370372733" fromLane="0" toLane="0" dir="s" state="M"/>
    <connection from=":568265824_1" to="370372733" fromLane="1" toLane="1" dir="s" state="M"/>
    <connection from=":568265825_0" to="370372732" fromLane="0" toLane="0" dir="s" state="M"/>
    <connection from=":568265825_1" to="135956129#0" fromLane="0" toLane="0" dir="R" state="M"/>
    <connection from=":568265825_1" to="135956129#0" fromLane="1" toLane="1" dir="R" state="M"/>
    <connection from=":568265826_0" to="633444926" fromLane="0" toLane="0" dir="s" state="M"/>
    <connection from=":568265826_1" to="633444926" fromLane="0" toLane="0" dir="s" state="M"/>
    <connection from=":568265826_1" to="633444926" fromLane="1" toLane="1" dir="s" state="M"/>
    <connection from=":568265826_1" to="633444926" fromLane="2" toLane="2" dir="s" state="M"/>
    <connection from=":5979452352_0" to="633439943" fromLane="0" toLane="0" dir="s" state="M"/>
    <connection from=":5979452352_0" to="633439943" fromLane="1" toLane="1" dir="s" state="M"/>
    <connection from=":5979452352_0" to="633439943" fromLane="2" toLane="2" dir="s" state="M"/>
    <connection from=":5979452352_0" to="633439943" fromLane="3" toLane="3" dir="s" state="M"/>
    <connection from=":6596320638_0" to="370372746" fromLane="0" toLane="0" dir="s" state="M"/>
    <connection from=":6931233530_0" to="740303058" fromLane="0" toLane="0" dir="s" state="M"/>
    <connection from=":6931233530_0" to="740303058" fromLane="1" toLane="1" dir="s" state="M"/>
    <connection from=":6931233530_0" to="740303058" fromLane="2" toLane="2" dir="s" state="M"/>
    <connection from=":cluster_1492179336_568265833_0" to="75406311" fromLane="0" toLane="0" dir="s" state="M"/>
    <connection from=":cluster_1492179336_568265833_0" to="75406311" fromLane="1" toLane="1" dir="s" state="M"/>
    <connection from=":cluster_1492179336_568265833_0" to="75406311" fromLane="2" toLane="2" dir="s" state="M"/>
    <connection from=":cluster_1492179336_568265833_3" to="44829777#0" fromLane="0" toLane="0" dir="L" state="M"/>
    <connection from=":cluster_1492179336_568265833_4" to="75406311" fromLane="0" toLane="1" dir="r" state="M"/>
    <connection from=":cluster_1492179336_568265833_4" to="75406311" fromLane="1" toLane="2" dir="r" state="M"/>
    <connection from=":cluster_1492179336_568265833_6" to="200159283" fromLane="0" toLane="0" dir="s" state="M"/>
    <connection from=":cluster_1492179336_568265833_6" to="200159283" fromLane="1" toLane="1" dir="s" state="M"/>
    <connection from=":cluster_1492179336_568265833_6" to="200159283" fromLane="2" toLane="2" dir="s" state="M"/>
    <connection from=":cluster_1492179336_568265833_9" to="44829777#0" fromLane="0" toLane="0" dir="r" state="M"/>
    <connection from=":cluster_1492179336_568265833_10" to="75406311" fromLane="0" toLane="2" dir="T" state="M"/>
    <connection from=":cluster_568265843_568265844_0" to="135956125#0" fromLane="0" toLane="0" dir="s" state="M"/>
    <connection from=":cluster_568265843_568265844_0" to="135956125#0" fromLane="1" toLane="1" dir="s" state="M"/>
    <connection from=":cluster_568265843_568265844_2" to="75406310" fromLane="0" toLane="1" dir="r" state="M"/>
    <connection from=":cluster_568265843_568265844_2" to="75406310" fromLane="1" toLane="2" dir="r" state="M"/>
    <connection from=":cluster_568265843_568265844_4" to="632222014#0" fromLane="0" toLane="0" dir="s" state="M"/>
    <connection from=":cluster_568265843_568265844_4" to="632222014#0" fromLane="1" toLane="1" dir="s" state="M"/>
    <connection from=":cluster_568265843_568265844_4" to="632222014#0" fromLane="2" toLane="2" dir="s" state="M"/>
    <connection from=":cluster_568265843_568265844_7" to="135956125#0" fromLane="0" toLane="1" dir="r" state="M"/>
    <connection from=":cluster_568265843_568265844_8" to="75406310" fromLane="0" toLane="2" dir="T" state="M"/>
    <connection from=":cluster_568265843_568265844_9" to="75406310" fromLane="0" toLane="0" dir="s" state="M"/>
    <connection from=":cluster_568265843_568265844_9" to="75406310" fromLane="1" toLane="1" dir="s" state="M"/>
    <connection from=":cluster_568265843_568265844_9" to="75406310" fromLane="2" toLane="2" dir="s" state="M"/>

</net>
