<?xml version="1.0" encoding="UTF-8"?>

<!-- generated on 2023-07-18 13:14:09 by Eclipse SUMO netconvert Version 1.17.0
<configuration xmlns:xsi="http://www.w3.org/2001/XMLSchema-instance" xsi:noNamespaceSchemaLocation="http://sumo.dlr.de/xsd/netconvertConfiguration.xsd">

    <input>
        <sumo-net-file value="osm.net.xml.gz"/>
    </input>

    <output>
        <output-file value="osm.net.xml"/>
        <output.street-names value="true"/>
    </output>

    <processing>
        <geometry.min-radius.fix.railways value="false"/>
        <geometry.max-grade.fix value="false"/>
        <offset.disable-normalization value="true"/>
        <lefthand value="1"/>
    </processing>

    <junctions>
        <no-turnarounds value="true"/>
        <junctions.corner-detail value="5"/>
        <junctions.limit-turn-speed value="5.50"/>
        <rectangular-lane-cut value="0"/>
    </junctions>

    <pedestrian>
        <walkingareas value="0"/>
    </pedestrian>

</configuration>
-->

<net version="1.16" junctionCornerDetail="5" lefthand="true" limitTurnSpeed="5.50" xmlns:xsi="http://www.w3.org/2001/XMLSchema-instance" xsi:noNamespaceSchemaLocation="http://sumo.dlr.de/xsd/net_file.xsd">

    <location netOffset="-380896.42,-146191.79" convBoundary="0.00,0.00,591.07,239.01" origBoundary="103.929425,1.322409,103.934737,1.324572" projParameter="+proj=utm +zone=48 +ellps=WGS84 +datum=WGS84 +units=m +no_defs"/>

    <type id="highway.bridleway" priority="1" numLanes="1" speed="2.78" allow="pedestrian" oneway="1" width="2.00"/>
    <type id="highway.bus_guideway" priority="1" numLanes="1" speed="27.78" allow="bus" oneway="1"/>
    <type id="highway.cycleway" priority="1" numLanes="1" speed="5.56" allow="bicycle" oneway="0" width="1.00"/>
    <type id="highway.footway" priority="1" numLanes="1" speed="2.78" allow="pedestrian" oneway="1" width="2.00"/>
    <type id="highway.ford" priority="1" numLanes="1" speed="2.78" allow="army" oneway="0"/>
    <type id="highway.living_street" priority="2" numLanes="1" speed="2.78" disallow="tram rail_urban rail rail_electric rail_fast ship" oneway="0"/>
    <type id="highway.motorway" priority="14" numLanes="2" speed="39.44" allow="private emergency authority army vip passenger hov taxi bus coach delivery truck trailer motorcycle evehicle custom1 custom2" oneway="1"/>
    <type id="highway.motorway_link" priority="9" numLanes="1" speed="22.22" allow="private emergency authority army vip passenger hov taxi bus coach delivery truck trailer motorcycle evehicle custom1 custom2" oneway="1"/>
    <type id="highway.path" priority="1" numLanes="1" speed="5.56" allow="pedestrian bicycle" oneway="0" width="2.00"/>
    <type id="highway.pedestrian" priority="1" numLanes="1" speed="2.78" allow="pedestrian" oneway="1" width="2.00"/>
    <type id="highway.primary" priority="12" numLanes="2" speed="27.78" disallow="tram rail_urban rail rail_electric rail_fast ship" oneway="0"/>
    <type id="highway.primary_link" priority="7" numLanes="1" speed="22.22" disallow="tram rail_urban rail rail_electric rail_fast ship" oneway="0"/>
    <type id="highway.raceway" priority="15" numLanes="2" speed="83.33" allow="vip" oneway="0"/>
    <type id="highway.residential" priority="3" numLanes="1" speed="13.89" disallow="tram rail_urban rail rail_electric rail_fast ship" oneway="0"/>
    <type id="highway.secondary" priority="11" numLanes="1" speed="27.78" disallow="tram rail_urban rail rail_electric rail_fast ship" oneway="0"/>
    <type id="highway.secondary_link" priority="6" numLanes="1" speed="22.22" disallow="tram rail_urban rail rail_electric rail_fast ship" oneway="0"/>
    <type id="highway.service" priority="1" numLanes="1" speed="5.56" allow="pedestrian delivery bicycle" oneway="0"/>
    <type id="highway.stairs" priority="1" numLanes="1" speed="1.39" allow="pedestrian" oneway="1" width="2.00"/>
    <type id="highway.step" priority="1" numLanes="1" speed="1.39" allow="pedestrian" oneway="1" width="2.00"/>
    <type id="highway.steps" priority="1" numLanes="1" speed="1.39" allow="pedestrian" oneway="1" width="2.00"/>
    <type id="highway.tertiary" priority="10" numLanes="1" speed="22.22" disallow="tram rail_urban rail rail_electric rail_fast ship" oneway="0"/>
    <type id="highway.tertiary_link" priority="5" numLanes="1" speed="22.22" disallow="tram rail_urban rail rail_electric rail_fast ship" oneway="0"/>
    <type id="highway.track" priority="1" numLanes="1" speed="5.56" allow="pedestrian motorcycle moped bicycle" oneway="0"/>
    <type id="highway.trunk" priority="13" numLanes="2" speed="27.78" disallow="pedestrian bicycle tram rail_urban rail rail_electric rail_fast ship" oneway="0"/>
    <type id="highway.trunk_link" priority="8" numLanes="1" speed="22.22" disallow="pedestrian bicycle tram rail_urban rail rail_electric rail_fast ship" oneway="0"/>
    <type id="highway.unclassified" priority="4" numLanes="1" speed="13.89" disallow="tram rail_urban rail rail_electric rail_fast ship" oneway="0"/>
    <type id="highway.unsurfaced" priority="1" numLanes="1" speed="8.33" disallow="tram rail_urban rail rail_electric rail_fast ship" oneway="0"/>
    <type id="railway.highspeed" priority="21" numLanes="1" speed="69.44" allow="rail_fast" oneway="1"/>
    <type id="railway.light_rail" priority="19" numLanes="1" speed="27.78" allow="rail_urban" oneway="1"/>
    <type id="railway.preserved" priority="16" numLanes="1" speed="27.78" allow="rail" oneway="1"/>
    <type id="railway.rail" priority="20" numLanes="1" speed="44.44" allow="rail" oneway="1"/>
    <type id="railway.subway" priority="18" numLanes="1" speed="27.78" allow="rail_urban" oneway="1"/>
    <type id="railway.tram" priority="17" numLanes="1" speed="13.89" allow="tram" oneway="1"/>

    <edge id=":1865254938_0" function="internal">
        <lane id=":1865254938_0_0" index="0" allow="bus bicycle" speed="3.65" length="4.67" shape="89.12,157.77 87.82,158.38 87.31,159.12 87.59,159.97 88.66,160.93"/>
    </edge>
    <edge id=":259397036_0" function="internal">
        <lane id=":259397036_0_0" index="0" disallow="tram rail_urban rail rail_electric rail_fast ship" speed="16.67" length="8.18" shape="282.37,67.37 281.77,69.71 281.00,71.23 280.25,72.76 279.72,75.11"/>
        <lane id=":259397036_0_1" index="1" disallow="tram rail_urban rail rail_electric rail_fast ship" speed="16.67" length="8.18" shape="282.37,67.37 282.27,69.77 282.59,71.42 282.93,73.08 282.90,75.49"/>
        <lane id=":259397036_0_2" index="2" disallow="tram rail_urban rail rail_electric rail_fast ship" speed="16.67" length="8.18" shape="285.54,67.84 285.44,70.21 285.76,71.85 286.11,73.49 286.07,75.87"/>
    </edge>
    <edge id=":4592829561_0" function="internal">
        <lane id=":4592829561_0_0" index="0" disallow="tram rail_urban rail rail_electric rail_fast ship" speed="13.93" length="16.11" shape="245.74,166.93 242.70,168.80 239.46,170.11 235.54,170.71 230.46,170.42"/>
    </edge>
    <edge id=":4592829561_1" function="internal">
        <lane id=":4592829561_1_0" index="0" allow="bus bicycle" speed="7.36" length="19.50" shape="245.74,166.93 241.62,171.00 239.76,175.59 240.68,179.51 244.92,181.61"/>
    </edge>
    <edge id=":4592829561_2" function="internal">
        <lane id=":4592829561_2_0" index="0" disallow="tram rail_urban rail rail_electric rail_fast ship" speed="16.67" length="15.72" shape="246.04,172.07 230.46,170.42"/>
        <lane id=":4592829561_2_1" index="1" disallow="tram rail_urban rail rail_electric rail_fast ship" speed="16.67" length="15.72" shape="245.67,175.25 230.04,173.59"/>
        <lane id=":4592829561_2_2" index="2" disallow="tram rail_urban rail rail_electric rail_fast ship" speed="16.67" length="15.72" shape="245.30,178.43 229.62,176.76"/>
    </edge>
    <edge id=":4592829561_5" function="internal">
        <lane id=":4592829561_5_0" index="0" allow="bus bicycle" speed="3.65" length="1.44" shape="245.30,178.43 244.01,179.08"/>
    </edge>
    <edge id=":4592829561_8" function="internal">
        <lane id=":4592829561_8_0" index="0" allow="bus bicycle" speed="3.65" length="3.23" shape="244.01,179.08 243.52,179.83 243.82,180.67 244.92,181.61"/>
    </edge>
    <edge id=":4592829561_6" function="internal">
        <lane id=":4592829561_6_0" index="0" allow="bus bicycle" speed="16.67" length="15.82" shape="229.19,179.93 244.92,181.61"/>
    </edge>
    <edge id=":4592829561_7" function="internal">
        <lane id=":4592829561_7_0" index="0" allow="bus bicycle" speed="3.65" length="1.44" shape="229.19,179.93 230.49,179.30"/>
    </edge>
    <edge id=":4592829561_9" function="internal">
        <lane id=":4592829561_9_0" index="0" allow="bus bicycle" speed="3.65" length="3.23" shape="230.49,179.30 230.99,178.56 230.70,177.71 229.62,176.76"/>
    </edge>
    <edge id=":4592829565_0" function="internal">
        <lane id=":4592829565_0_0" index="0" disallow="tram rail_urban rail rail_electric rail_fast ship" speed="15.28" length="6.21" shape="273.59,126.34 273.29,128.14 272.89,129.33 272.30,130.47 271.47,132.12"/>
    </edge>
    <edge id=":4592829565_1" function="internal">
        <lane id=":4592829565_1_0" index="0" disallow="tram rail_urban rail rail_electric rail_fast ship" speed="16.67" length="6.54" shape="276.77,126.72 276.37,128.63 275.85,129.89 275.36,131.15 275.04,133.07"/>
        <lane id=":4592829565_1_1" index="1" disallow="tram rail_urban rail rail_electric rail_fast ship" speed="16.67" length="6.54" shape="279.94,127.10 279.55,128.97 279.03,130.20 278.54,131.43 278.23,133.30"/>
    </edge>
    <edge id=":4592829566_0" function="internal">
        <lane id=":4592829566_0_0" index="0" disallow="tram rail_urban rail rail_electric rail_fast ship" speed="16.67" length="9.17" shape="296.45,156.10 295.39,153.81 294.80,152.17 294.49,150.45 294.26,147.94"/>
        <lane id=":4592829566_0_1" index="1" disallow="tram rail_urban rail rail_electric rail_fast ship" speed="16.67" length="9.17" shape="296.45,156.10 294.80,153.71 293.13,152.32 291.78,150.84 291.07,148.20"/>
    </edge>
    <edge id=":4592829570_0" function="internal">
        <lane id=":4592829570_0_0" index="0" disallow="tram rail_urban rail rail_electric rail_fast ship" speed="12.08" length="9.36" shape="316.29,176.14 313.57,175.67 311.71,175.11 310.09,174.08 308.09,172.21"/>
    </edge>
    <edge id=":4592829570_1" function="internal">
        <lane id=":4592829570_1_0" index="0" disallow="tram rail_urban rail rail_electric rail_fast ship" speed="16.67" length="9.57" shape="316.29,176.14 313.58,176.34 311.82,177.49 310.04,178.69 307.32,179.03"/>
        <lane id=":4592829570_1_1" index="1" disallow="tram rail_urban rail rail_electric rail_fast ship" speed="16.67" length="9.57" shape="315.77,179.29 313.11,179.50 311.38,180.66 309.64,181.87 306.96,182.21"/>
        <lane id=":4592829570_1_2" index="2" disallow="tram rail_urban rail rail_electric rail_fast ship" speed="16.67" length="9.57" shape="315.25,182.45 312.64,182.67 310.94,183.83 309.24,185.04 306.61,185.39"/>
    </edge>
    <edge id=":4592829570_4" function="internal">
        <lane id=":4592829570_4_0" index="0" allow="bus bicycle" speed="3.65" length="1.44" shape="314.73,185.61 313.42,186.20"/>
    </edge>
    <edge id=":4592829570_8" function="internal">
        <lane id=":4592829570_8_0" index="0" allow="bus bicycle" speed="3.65" length="3.23" shape="313.42,186.20 312.90,186.93 313.16,187.78 314.21,188.77"/>
    </edge>
    <edge id=":4592829570_5" function="internal">
        <lane id=":4592829570_5_0" index="0" allow="bus bicycle" speed="16.67" length="7.97" shape="306.25,188.57 314.21,188.77"/>
    </edge>
    <edge id=":4592829570_6" function="internal">
        <lane id=":4592829570_6_0" index="0" allow="bus bicycle" speed="7.69" length="5.58" shape="306.25,188.57 311.28,187.36 311.44,186.98"/>
    </edge>
    <edge id=":4592829570_7" function="internal">
        <lane id=":4592829570_7_0" index="0" allow="bus bicycle" speed="3.65" length="1.44" shape="306.25,188.57 307.53,187.91"/>
    </edge>
    <edge id=":4592829570_9" function="internal">
        <lane id=":4592829570_9_0" index="0" allow="bus bicycle" speed="7.69" length="16.35" shape="311.44,186.98 313.00,183.20 311.80,177.65 308.09,172.21"/>
    </edge>
    <edge id=":4592829570_10" function="internal">
        <lane id=":4592829570_10_0" index="0" allow="bus bicycle" speed="3.65" length="3.23" shape="307.53,187.91 308.02,187.16 307.71,186.32 306.61,185.39"/>
    </edge>
    <edge id=":4592829571_0" function="internal">
        <lane id=":4592829571_0_0" index="0" disallow="tram rail_urban rail rail_electric rail_fast ship" speed="16.67" length="13.01" shape="183.16,164.09 170.19,162.41"/>
        <lane id=":4592829571_0_1" index="1" disallow="tram rail_urban rail rail_electric rail_fast ship" speed="16.67" length="13.01" shape="182.74,167.26 169.83,165.59"/>
        <lane id=":4592829571_0_2" index="2" disallow="tram rail_urban rail rail_electric rail_fast ship" speed="16.67" length="13.01" shape="182.31,170.43 169.47,168.77"/>
    </edge>
    <edge id=":4592829571_3" function="internal">
        <lane id=":4592829571_3_0" index="0" allow="bus bicycle" speed="3.65" length="1.44" shape="182.31,170.43 181.02,171.07"/>
    </edge>
    <edge id=":4592829571_9" function="internal">
        <lane id=":4592829571_9_0" index="0" allow="bus bicycle" speed="3.65" length="3.23" shape="181.02,171.07 180.51,171.81 180.81,172.65 181.89,173.61"/>
    </edge>
    <edge id=":4592829571_4" function="internal">
        <lane id=":4592829571_4_0" index="0" allow="bus bicycle" speed="5.86" length="9.64" shape="177.71,179.57 177.09,176.63 177.58,174.66 179.18,173.65 181.89,173.61"/>
    </edge>
    <edge id=":4592829571_5" function="internal">
        <lane id=":4592829571_5_0" index="0" disallow="pedestrian tram rail_urban rail rail_electric rail_fast ship" speed="10.42" length="15.28" shape="177.71,179.57 175.46,173.59 173.40,169.27 171.52,166.60 169.83,165.59"/>
        <lane id=":4592829571_5_1" index="1" disallow="pedestrian tram rail_urban rail rail_electric rail_fast ship" speed="9.72" length="15.28" shape="177.71,179.57 175.87,175.05 173.89,171.74 171.75,169.65 169.47,168.77"/>
    </edge>
    <edge id=":4592829571_7" function="internal">
        <lane id=":4592829571_7_0" index="0" allow="bus bicycle" speed="16.67" length="12.88" shape="169.11,171.95 181.89,173.61"/>
    </edge>
    <edge id=":4592829571_8" function="internal">
        <lane id=":4592829571_8_0" index="0" allow="bus bicycle" speed="3.65" length="1.44" shape="169.11,171.95 170.40,171.29"/>
    </edge>
    <edge id=":4592829571_10" function="internal">
        <lane id=":4592829571_10_0" index="0" allow="bus bicycle" speed="3.65" length="3.23" shape="170.40,171.29 170.88,170.54 170.58,169.70 169.47,168.77"/>
    </edge>
    <edge id=":4675260747_0" function="internal">
        <lane id=":4675260747_0_0" index="0" allow="bus bicycle" speed="3.65" length="4.67" shape="566.55,240.60 567.84,239.95 568.34,239.21 568.04,238.36 566.95,237.42"/>
    </edge>
    <edge id=":4675722406_0" function="internal">
        <lane id=":4675722406_0_0" index="0" allow="bus bicycle" speed="3.65" length="4.67" shape="0.29,178.02 -1.03,178.58 -1.57,179.30 -1.33,180.16 -0.29,181.16"/>
    </edge>
    <edge id=":5173707033_0" function="internal">
        <lane id=":5173707033_0_0" index="0" allow="bus bicycle" speed="16.67" length="7.68" shape="158.12,201.58 150.47,200.89"/>
    </edge>
    <edge id=":5173707033_1" function="internal">
        <lane id=":5173707033_1_0" index="0" disallow="tram rail_urban rail rail_electric rail_fast ship" speed="16.67" length="8.82" shape="149.07,213.62 151.60,213.39 153.26,212.45 154.92,211.48 157.46,211.16"/>
        <lane id=":5173707033_1_1" index="1" disallow="tram rail_urban rail rail_electric rail_fast ship" speed="16.67" length="8.82" shape="149.42,210.44 151.91,210.21 153.54,209.27 155.18,208.29 157.68,207.96"/>
        <lane id=":5173707033_1_2" index="2" disallow="tram rail_urban rail rail_electric rail_fast ship" speed="16.67" length="8.82" shape="149.77,207.26 152.22,207.02 153.83,206.08 155.43,205.10 157.90,204.77"/>
    </edge>
    <edge id=":562922321_0" function="internal">
        <lane id=":562922321_0_0" index="0" allow="bus bicycle" speed="5.59" length="8.23" shape="176.69,203.00 174.71,202.48 173.70,201.28 173.66,199.39 174.59,196.83"/>
    </edge>
    <edge id=":562922321_1" function="internal">
        <lane id=":562922321_1_0" index="0" allow="bus bicycle" speed="16.67" length="12.90" shape="176.69,203.00 163.83,201.97"/>
    </edge>
    <edge id=":562922321_2" function="internal">
        <lane id=":562922321_2_0" index="0" allow="bus bicycle" speed="3.65" length="1.44" shape="176.69,203.00 175.41,203.67"/>
    </edge>
    <edge id=":562922321_8" function="internal">
        <lane id=":562922321_8_0" index="0" allow="bus bicycle" speed="3.65" length="3.23" shape="175.41,203.67 174.93,204.43 175.24,205.26 176.36,206.18"/>
    </edge>
    <edge id=":562922321_3" function="internal">
        <lane id=":562922321_3_0" index="0" disallow="tram rail_urban rail rail_electric rail_fast ship" speed="16.67" length="12.67" shape="163.17,211.55 175.69,212.55"/>
        <lane id=":562922321_3_1" index="1" disallow="tram rail_urban rail rail_electric rail_fast ship" speed="16.67" length="12.67" shape="163.39,208.36 176.02,209.37"/>
        <lane id=":562922321_3_2" index="2" disallow="tram rail_urban rail rail_electric rail_fast ship" speed="16.67" length="12.67" shape="163.61,205.16 176.36,206.18"/>
    </edge>
    <edge id=":562922321_6" function="internal">
        <lane id=":562922321_6_0" index="0" disallow="pedestrian tram rail_urban rail rail_electric rail_fast ship" speed="9.57" length="3.32" shape="163.61,205.16 166.81,204.82 166.90,204.77"/>
    </edge>
    <edge id=":562922321_7" function="internal">
        <lane id=":562922321_7_0" index="0" allow="bus bicycle" speed="3.65" length="1.44" shape="163.61,205.16 164.86,204.45"/>
    </edge>
    <edge id=":562922321_9" function="internal">
        <lane id=":562922321_9_0" index="0" disallow="pedestrian tram rail_urban rail rail_electric rail_fast ship" speed="9.57" length="11.33" shape="166.90,204.77 169.71,203.31 172.30,200.65 174.59,196.83"/>
    </edge>
    <edge id=":562922321_10" function="internal">
        <lane id=":562922321_10_0" index="0" allow="bus bicycle" speed="3.65" length="3.23" shape="164.86,204.45 165.32,203.68 164.97,202.85 163.83,201.97"/>
    </edge>
    <edge id=":6141719293_0" function="internal">
        <lane id=":6141719293_0_0" index="0" allow="bus bicycle" speed="16.67" length="8.04" shape="136.43,199.35 128.43,198.50"/>
    </edge>
    <edge id=":6141719293_1" function="internal">
        <lane id=":6141719293_1_0" index="0" disallow="tram rail_urban rail rail_electric rail_fast ship" speed="16.67" length="8.59" shape="127.46,208.05 129.85,208.80 131.25,210.05 132.65,211.31 135.03,212.07"/>
        <lane id=":6141719293_1_1" index="1" disallow="tram rail_urban rail rail_electric rail_fast ship" speed="16.67" length="8.59" shape="127.79,204.87 130.18,205.61 131.59,206.87 132.99,208.13 135.38,208.89"/>
        <lane id=":6141719293_1_2" index="2" disallow="tram rail_urban rail rail_electric rail_fast ship" speed="16.67" length="8.59" shape="128.11,201.69 130.51,202.43 131.92,203.68 133.34,204.94 135.73,205.71"/>
        <lane id=":6141719293_1_3" index="3" disallow="tram rail_urban rail rail_electric rail_fast ship" speed="16.67" length="8.59" shape="128.11,201.69 136.08,202.53"/>
    </edge>
    <edge id=":6191206948_0" function="internal">
        <lane id=":6191206948_0_0" index="0" allow="bus bicycle" speed="3.65" length="4.67" shape="590.85,226.83 592.15,226.19 592.66,225.46 592.37,224.61 591.29,223.65"/>
    </edge>
    <edge id=":6448879095_0" function="internal">
        <lane id=":6448879095_0_0" index="0" disallow="tram rail_urban rail rail_electric rail_fast ship" speed="16.67" length="20.87" shape="272.34,169.85 271.62,190.80"/>
        <lane id=":6448879095_0_1" index="1" disallow="tram rail_urban rail rail_electric rail_fast ship" speed="16.67" length="20.87" shape="275.53,170.02 274.82,190.80"/>
    </edge>
    <edge id=":6448879095_2" function="internal">
        <lane id=":6448879095_2_0" index="0" allow="bus bicycle" speed="9.06" length="17.72" shape="275.53,170.02 275.53,176.66 276.36,181.49 278.00,184.51 280.46,185.73"/>
    </edge>
    <edge id=":6448879095_3" function="internal">
        <lane id=":6448879095_3_0" index="0" disallow="tram rail_urban rail rail_electric rail_fast ship" speed="16.67" length="14.85" shape="281.50,176.19 266.46,174.75"/>
        <lane id=":6448879095_3_1" index="1" disallow="tram rail_urban rail rail_electric rail_fast ship" speed="16.67" length="14.85" shape="281.15,179.37 266.37,177.97"/>
        <lane id=":6448879095_3_2" index="2" disallow="tram rail_urban rail rail_electric rail_fast ship" speed="16.67" length="14.85" shape="280.81,182.55 266.28,181.19"/>
    </edge>
    <edge id=":6448879095_6" function="internal">
        <lane id=":6448879095_6_0" index="0" allow="bus bicycle" speed="3.65" length="1.44" shape="280.81,182.55 279.53,183.21"/>
    </edge>
    <edge id=":6448879095_10" function="internal">
        <lane id=":6448879095_10_0" index="0" allow="bus bicycle" speed="3.65" length="3.23" shape="279.53,183.21 279.04,183.97 279.36,184.80 280.46,185.73"/>
    </edge>
    <edge id=":6448879095_7" function="internal">
        <lane id=":6448879095_7_0" index="0" allow="bus bicycle" speed="6.92" length="9.32" shape="266.19,184.40 268.56,185.07 270.26,186.36 271.28,188.27 271.62,190.80"/>
    </edge>
    <edge id=":6448879095_8" function="internal">
        <lane id=":6448879095_8_0" index="0" allow="bus bicycle" speed="16.67" length="14.33" shape="266.19,184.40 280.46,185.73"/>
    </edge>
    <edge id=":6448879095_9" function="internal">
        <lane id=":6448879095_9_0" index="0" allow="bus bicycle" speed="3.66" length="1.45" shape="266.19,184.40 267.42,183.63"/>
    </edge>
    <edge id=":6448879095_11" function="internal">
        <lane id=":6448879095_11_0" index="0" allow="bus bicycle" speed="3.66" length="3.25" shape="267.42,183.63 267.85,182.84 267.47,182.02 266.28,181.19"/>
    </edge>
    <edge id=":7174500361_0" function="internal">
        <lane id=":7174500361_0_0" index="0" disallow="tram rail_urban rail rail_electric rail_fast ship" speed="16.67" length="8.54" shape="379.48,189.65 377.17,188.83 375.85,187.53 374.53,186.21 372.23,185.33"/>
        <lane id=":7174500361_0_1" index="1" disallow="tram rail_urban rail rail_electric rail_fast ship" speed="16.67" length="8.54" shape="379.05,192.82 376.71,192.00 375.37,190.69 374.04,189.37 371.71,188.48"/>
        <lane id=":7174500361_0_2" index="2" disallow="tram rail_urban rail rail_electric rail_fast ship" speed="16.67" length="8.54" shape="378.62,195.99 376.26,195.16 374.90,193.86 373.55,192.53 371.20,191.64"/>
        <lane id=":7174500361_0_3" index="3" disallow="tram rail_urban rail rail_electric rail_fast ship" speed="16.67" length="8.54" shape="378.62,195.99 370.68,194.80"/>
    </edge>
    <edge id=":7174500361_4" function="internal">
        <lane id=":7174500361_4_0" index="0" allow="bus bicycle" speed="16.67" length="8.12" shape="370.16,197.96 378.18,199.16"/>
    </edge>
    <edge id=":960312890_0" function="internal">
        <lane id=":960312890_0_0" index="0" allow="bus bicycle" speed="16.67" length="14.44" shape="280.37,209.67 265.96,208.90"/>
    </edge>
    <edge id=":960312890_1" function="internal">
        <lane id=":960312890_1_0" index="0" allow="bus bicycle" speed="3.65" length="4.67" shape="280.37,209.67 279.14,210.42 278.70,211.20 279.06,212.02 280.22,212.87"/>
    </edge>
    <edge id=":960312890_2" function="internal">
        <lane id=":960312890_2_0" index="0" disallow="tram rail_urban rail rail_electric rail_fast ship" speed="16.67" length="14.54" shape="265.35,218.48 279.92,219.26"/>
        <lane id=":960312890_2_1" index="1" disallow="tram rail_urban rail rail_electric rail_fast ship" speed="16.67" length="14.54" shape="265.56,215.28 280.07,216.07"/>
        <lane id=":960312890_2_2" index="2" disallow="tram rail_urban rail rail_electric rail_fast ship" speed="16.67" length="14.54" shape="265.76,212.09 280.22,212.87"/>
    </edge>
    <edge id=":960312890_5" function="internal">
        <lane id=":960312890_5_0" index="0" allow="bus bicycle" speed="3.65" length="1.44" shape="265.76,212.09 267.01,211.37"/>
    </edge>
    <edge id=":960312890_9" function="internal">
        <lane id=":960312890_9_0" index="0" allow="bus bicycle" speed="3.65" length="3.23" shape="267.01,211.37 267.46,210.60 267.11,209.77 265.96,208.90"/>
    </edge>
    <edge id=":960312890_6" function="internal">
        <lane id=":960312890_6_0" index="0" allow="bus bicycle" speed="6.38" length="9.05" shape="271.65,203.53 271.30,206.01 270.23,207.73 268.45,208.69 265.96,208.90"/>
    </edge>
    <edge id=":960312890_7" function="internal">
        <lane id=":960312890_7_0" index="0" disallow="tram rail_urban rail rail_electric rail_fast ship" speed="8.84" length="3.98" shape="271.65,203.53 272.04,207.49"/>
        <lane id=":960312890_7_1" index="1" disallow="tram rail_urban rail rail_electric rail_fast ship" speed="7.52" length="4.16" shape="274.85,203.52 275.19,207.52 275.24,207.66"/>
    </edge>
    <edge id=":960312890_10" function="internal">
        <lane id=":960312890_10_0" index="0" disallow="tram rail_urban rail rail_electric rail_fast ship" speed="8.84" length="12.92" shape="272.04,207.49 272.18,208.87 273.76,212.73 276.39,215.13 280.07,216.07"/>
    </edge>
    <edge id=":960312890_11" function="internal">
        <lane id=":960312890_11_0" index="0" disallow="tram rail_urban rail rail_electric rail_fast ship" speed="7.52" length="7.80" shape="275.24,207.66 276.20,210.41 277.88,212.19 280.22,212.87"/>
    </edge>

    <edge id="-325024329#0" from="562922321" to="5173707033" name="New Upper Changi Road" priority="12" type="highway.primary">
        <lane id="-325024329#0_0" index="0" allow="bus bicycle" speed="16.67" length="5.72" shape="163.83,201.97 158.12,201.58">
            <param key="origId" value="325024329"/>
        </lane>
    </edge>
    <edge id="-473376612" from="7174500361" to="6191206948" name="New Upper Changi Road" priority="12" type="highway.primary" shape="374.39,197.03 388.58,198.96 450.84,207.24 489.09,211.33 496.24,212.34 591.07,225.24">
        <lane id="-473376612_0" index="0" allow="bus bicycle" speed="16.67" length="214.47" shape="378.18,199.16 388.37,200.55 450.65,208.83 488.89,212.92 496.02,213.92 590.85,226.83">
            <param key="origId" value="473376612 768471960 473376611 768471961 464288976"/>
        </lane>
    </edge>
    <edge id="-473376613" from="6448879095" to="4592829570" name="New Upper Changi Road" priority="12" type="highway.primary" shape="273.21,183.33 296.79,185.90 327.76,189.37">
        <lane id="-473376613_0" index="0" allow="bus bicycle" speed="16.67" length="25.95" shape="280.46,185.73 296.61,187.49 306.25,188.57">
            <param key="origId" value="473376613"/>
        </lane>
    </edge>
    <edge id="-635640229" from="4675260747" to="960312890" name="New Upper Changi Road" priority="12" type="highway.primary" shape="566.75,239.01 471.19,227.17 437.03,222.94 427.63,221.68 388.26,217.59 387.30,217.49 366.47,216.29 363.31,216.11 330.30,213.64 273.26,210.94">
        <lane id="-635640229_0" index="0" allow="bus bicycle" speed="16.67" length="288.05" shape="566.95,237.42 471.39,225.58 437.23,221.35 427.82,220.09 388.43,216.00 387.43,215.89 366.56,214.69 363.42,214.51 330.40,212.04 280.37,209.67">
            <param key="origId" value="635640229 474497475 661314059 474497474 661314060 464288975"/>
        </lane>
    </edge>
    <edge id="-655522686#1" from="960312890" to="562922321" name="New Upper Changi Road" priority="12" type="highway.primary" shape="273.26,210.94 269.94,210.73 267.73,210.61 211.97,207.17 173.88,204.40 169.47,204.09 165.94,203.72">
        <lane id="-655522686#1_0" index="0" allow="bus bicycle" speed="16.67" length="89.47" shape="265.96,208.90 212.08,205.57 176.69,203.00">
            <param key="origId" value="655522686 655522686 661313505 825925109 325024329"/>
        </lane>
    </edge>
    <edge id="-655522687" from="5173707033" to="6141719293" name="New Upper Changi Road" priority="12" type="highway.primary">
        <lane id="-655522687_0" index="0" allow="bus bicycle" speed="16.67" length="14.12" shape="150.47,200.89 136.43,199.35">
            <param key="origId" value="655522687"/>
        </lane>
    </edge>
    <edge id="-655522688" from="6141719293" to="4675722406" name="New Upper Changi Road" priority="12" type="highway.primary" shape="132.27,200.50 111.81,198.42 56.46,190.16 0.00,179.59">
        <lane id="-655522688_0" index="0" allow="bus bicycle" speed="16.67" length="129.82" shape="128.43,198.50 112.01,196.83 56.73,188.58 0.29,178.02">
            <param key="origId" value="655522688 656747043"/>
        </lane>
    </edge>
    <edge id="-656747369" from="4592829571" to="4592829561" name="New Upper Changi Road" priority="12" type="highway.primary">
        <lane id="-656747369_0" index="0" allow="bus bicycle" speed="16.67" length="47.72" shape="181.89,173.61 229.19,179.93">
            <param key="origId" value="656747369"/>
        </lane>
    </edge>
    <edge id="-661314803" from="4592829561" to="6448879095" name="New Upper Changi Road" priority="12" type="highway.primary" shape="210.51,175.82 235.17,178.71 269.56,183.23 273.21,183.33">
        <lane id="-661314803_0" index="0" allow="bus bicycle" speed="16.67" length="21.45" shape="244.92,181.61 266.19,184.40">
            <param key="origId" value="661314803 585992265"/>
        </lane>
    </edge>
    <edge id="-74741532" from="1865254938" to="4592829571" name="New Upper Changi Road" priority="12" type="highway.primary" shape="88.89,159.35 146.52,167.78 172.09,170.68">
        <lane id="-74741532_0" index="0" allow="bus bicycle" speed="16.67" length="81.21" shape="88.66,160.93 146.31,169.37 169.11,171.95">
            <param key="origId" value="74741532"/>
        </lane>
    </edge>
    <edge id="-768471955" from="4592829570" to="7174500361" name="New Upper Changi Road" priority="12" type="highway.primary">
        <lane id="-768471955_0" index="0" allow="bus bicycle" speed="16.67" length="56.69" shape="314.21,188.77 370.16,197.96">
            <param key="origId" value="768471955"/>
        </lane>
    </edge>
    <edge id="325024329#0" from="5173707033" to="562922321" name="New Upper Changi Road" priority="12" type="highway.primary">
        <lane id="325024329#0_0" index="0" disallow="tram rail_urban rail rail_electric rail_fast ship" speed="16.67" length="5.72" shape="157.46,211.16 163.17,211.55">
            <param key="origId" value="325024329"/>
        </lane>
        <lane id="325024329#0_1" index="1" disallow="tram rail_urban rail rail_electric rail_fast ship" speed="16.67" length="5.72" shape="157.68,207.96 163.39,208.36">
            <param key="origId" value="325024329"/>
        </lane>
        <lane id="325024329#0_2" index="2" disallow="tram rail_urban rail rail_electric rail_fast ship" speed="16.67" length="5.72" shape="157.90,204.77 163.61,205.16">
            <param key="origId" value="325024329"/>
        </lane>
    </edge>
    <edge id="325024329#1" from="562922321" to="960312890" name="New Upper Changi Road" priority="12" type="highway.primary" shape="165.94,203.72 169.47,204.09 173.88,204.40 211.97,207.17 267.73,210.61 269.94,210.73 273.26,210.94">
        <lane id="325024329#1_0" index="0" disallow="tram rail_urban rail rail_electric rail_fast ship" speed="16.67" length="89.73" shape="175.69,212.55 211.43,215.15 265.35,218.48">
            <param key="origId" value="325024329 825925109 661313505 655522686 655522686"/>
        </lane>
        <lane id="325024329#1_1" index="1" disallow="tram rail_urban rail rail_electric rail_fast ship" speed="16.67" length="89.73" shape="176.02,209.37 211.65,211.96 265.56,215.28">
            <param key="origId" value="325024329 825925109 661313505 655522686 655522686"/>
        </lane>
        <lane id="325024329#1_2" index="2" disallow="tram rail_urban rail rail_electric rail_fast ship" speed="16.67" length="89.73" shape="176.36,206.18 211.86,208.77 265.76,212.09">
            <param key="origId" value="325024329 825925109 661313505 655522686 655522686"/>
        </lane>
    </edge>
    <edge id="464133416" from="4592829565" to="4592829561" priority="7" type="highway.primary_link" spreadType="center" shape="277.69,119.00 269.37,136.54 265.84,143.40 260.46,153.55 255.79,158.74 252.65,162.24 245.60,167.02 229.44,172.99 210.51,175.82">
        <lane id="464133416_0" index="0" disallow="tram rail_urban rail rail_electric rail_fast ship" speed="13.89" length="44.13" shape="271.47,132.12 269.37,136.54 265.84,143.40 260.46,153.55 255.79,158.74 252.65,162.24 245.74,166.93">
            <param key="origId" value="464133416"/>
        </lane>
    </edge>
    <edge id="464133417" from="4592829570" to="4592829566" name="Bedok South Avenue 1" priority="12" type="highway.primary" spreadType="center" shape="327.76,189.37 314.66,178.82 303.46,167.56 300.65,163.42 298.24,159.84 292.67,148.17">
        <lane id="464133417_0" index="0" disallow="tram rail_urban rail rail_electric rail_fast ship" speed="16.67" length="20.03" shape="308.09,172.21 303.46,167.56 300.65,163.42 298.24,159.84 296.45,156.10">
            <param key="origId" value="464133417"/>
        </lane>
    </edge>
    <edge id="464133418" from="562922321" to="4592829571" name="New Upper Changi Road" priority="7" type="highway.primary_link" spreadType="center" shape="165.94,203.72 169.52,201.56 173.78,198.49 176.42,193.06 178.43,186.72 177.95,180.28 176.25,175.33 172.09,170.68">
        <lane id="464133418_0" index="0" disallow="pedestrian tram rail_urban rail rail_electric rail_fast ship" speed="13.89" length="18.05" shape="174.59,196.83 176.42,193.06 178.43,186.72 177.95,180.28 177.71,179.57">
            <param key="origId" value="464133418"/>
        </lane>
    </edge>
    <edge id="464288975" from="960312890" to="4675260747" name="New Upper Changi Road" priority="12" type="highway.primary" shape="273.26,210.94 330.30,213.64 363.31,216.11 366.47,216.29 387.30,217.49 388.26,217.59 427.63,221.68 437.03,222.94 471.19,227.17 566.75,239.01">
        <lane id="464288975_0" index="0" disallow="tram rail_urban rail rail_electric rail_fast ship" speed="16.67" length="287.57" shape="279.92,219.26 329.81,221.63 362.73,224.09 366.01,224.28 386.82,225.48 387.43,225.55 426.69,229.62 436.01,230.87 470.21,235.11 565.77,246.95">
            <param key="origId" value="464288975 661314060 474497474 661314059 474497475 635640229"/>
        </lane>
        <lane id="464288975_1" index="1" disallow="tram rail_urban rail rail_electric rail_fast ship" speed="16.67" length="287.57" shape="280.07,216.07 330.01,218.43 362.96,220.90 366.19,221.08 387.01,222.28 387.76,222.36 427.06,226.45 436.42,227.70 470.60,231.93 566.16,243.77">
            <param key="origId" value="464288975 661314060 474497474 661314059 474497475 635640229"/>
        </lane>
        <lane id="464288975_2" index="2" disallow="tram rail_urban rail rail_electric rail_fast ship" speed="16.67" length="287.57" shape="280.22,212.87 330.20,215.24 363.19,217.71 366.38,217.89 387.20,219.09 388.09,219.18 427.44,223.27 436.83,224.53 470.99,228.76 566.55,240.60">
            <param key="origId" value="464288975 661314060 474497474 661314059 474497475 635640229"/>
        </lane>
    </edge>
    <edge id="464288976" from="6191206948" to="7174500361" name="New Upper Changi Road" priority="12" type="highway.primary" shape="591.07,225.24 496.24,212.34 489.09,211.33 450.84,207.24 388.58,198.96 374.39,197.03">
        <lane id="464288976_0" index="0" disallow="tram rail_urban rail rail_electric rail_fast ship" speed="16.67" length="214.47" shape="592.15,217.31 497.32,204.41 490.08,203.39 451.79,199.30 389.64,191.03 379.48,189.65">
            <param key="origId" value="464288976 768471961 473376611 768471960 473376612"/>
        </lane>
        <lane id="464288976_1" index="1" disallow="tram rail_urban rail rail_electric rail_fast ship" speed="16.67" length="214.47" shape="591.72,220.48 496.89,207.58 489.68,206.57 451.41,202.47 389.22,194.20 379.05,192.82">
            <param key="origId" value="464288976 768471961 473376611 768471960 473376612"/>
        </lane>
        <lane id="464288976_2" index="2" disallow="tram rail_urban rail rail_electric rail_fast ship" speed="16.67" length="214.47" shape="591.29,223.65 496.46,210.75 489.29,209.74 451.03,205.65 388.79,197.37 378.62,195.99">
            <param key="origId" value="464288976 768471961 473376611 768471960 473376612"/>
        </lane>
    </edge>
    <edge id="473376613" from="4592829570" to="6448879095" name="New Upper Changi Road" priority="12" type="highway.primary" shape="327.76,189.37 296.79,185.90 273.21,183.33">
        <lane id="473376613_0" index="0" disallow="tram rail_urban rail rail_electric rail_fast ship" speed="16.67" length="25.96" shape="307.32,179.03 297.67,177.95 281.50,176.19">
            <param key="origId" value="473376613"/>
        </lane>
        <lane id="473376613_1" index="1" disallow="tram rail_urban rail rail_electric rail_fast ship" speed="16.67" length="25.96" shape="306.96,182.21 297.32,181.13 281.15,179.37">
            <param key="origId" value="473376613"/>
        </lane>
        <lane id="473376613_2" index="2" disallow="tram rail_urban rail rail_electric rail_fast ship" speed="16.67" length="25.96" shape="306.61,185.39 296.97,184.31 280.81,182.55">
            <param key="origId" value="473376613"/>
        </lane>
    </edge>
    <edge id="473376614" from="4592829566" to="4675281045" name="Bedok South Avenue 1" priority="12" type="highway.primary" spreadType="center" shape="292.67,148.17 292.18,142.12 291.13,129.29 292.65,105.76 297.65,69.72 299.84,55.13 301.25,46.73 308.73,2.24">
        <lane id="473376614_0" index="0" disallow="tram rail_urban rail rail_electric rail_fast ship" speed="16.67" length="147.19" shape="294.26,147.94 293.77,141.99 292.73,129.28 294.24,105.92 299.23,69.95 301.42,55.38 302.83,47.00 310.31,2.51">
            <param key="origId" value="473376614 655522077"/>
        </lane>
        <lane id="473376614_1" index="1" disallow="tram rail_urban rail rail_electric rail_fast ship" speed="16.67" length="147.19" shape="291.07,148.20 290.59,142.25 289.53,129.30 291.06,105.60 296.07,69.49 298.26,54.88 299.67,46.46 307.15,1.97">
            <param key="origId" value="473376614 655522077"/>
        </lane>
    </edge>
    <edge id="474497470" from="259397036" to="4592829565" name="Bedok South Avenue 1" priority="12" type="highway.primary" spreadType="center">
        <lane id="474497470_0" index="0" disallow="tram rail_urban rail rail_electric rail_fast ship" speed="16.67" length="51.59" shape="279.72,75.11 273.59,126.34">
            <param key="origId" value="474497470"/>
        </lane>
        <lane id="474497470_1" index="1" disallow="tram rail_urban rail rail_electric rail_fast ship" speed="16.67" length="51.59" shape="282.90,75.49 276.77,126.72">
            <param key="origId" value="474497470"/>
        </lane>
        <lane id="474497470_2" index="2" disallow="tram rail_urban rail rail_electric rail_fast ship" speed="16.67" length="51.59" shape="286.07,75.87 279.94,127.10">
            <param key="origId" value="474497470"/>
        </lane>
    </edge>
    <edge id="474497473" from="4592829565" to="6448879095" name="Bedok South Avenue 1" priority="12" type="highway.primary" spreadType="center" shape="277.69,119.00 274.03,168.18 273.21,183.33">
        <lane id="474497473_0" index="0" disallow="tram rail_urban rail rail_electric rail_fast ship" speed="16.67" length="36.85" shape="275.04,133.07 272.43,168.08 272.34,169.85">
            <param key="origId" value="474497473"/>
        </lane>
        <lane id="474497473_1" index="1" disallow="tram rail_urban rail rail_electric rail_fast ship" speed="16.67" length="36.85" shape="278.23,133.30 275.63,168.28 275.53,170.02">
            <param key="origId" value="474497473"/>
        </lane>
    </edge>
    <edge id="538018310" from="4675281043" to="259397036" name="Bedok South Avenue 1" priority="12" type="highway.primary" spreadType="center" shape="295.10,0.00 289.34,33.61 285.20,59.18 283.37,71.54">
        <lane id="538018310_0" index="0" disallow="tram rail_urban rail rail_electric rail_fast ship" speed="16.67" length="68.52" shape="293.52,-0.27 287.76,33.35 283.62,58.93 282.37,67.37">
            <param key="origId" value="538018310"/>
        </lane>
        <lane id="538018310_1" index="1" disallow="tram rail_urban rail rail_electric rail_fast ship" speed="16.67" length="68.52" shape="296.68,0.27 290.92,33.87 286.78,59.43 285.54,67.84">
            <param key="origId" value="538018310"/>
        </lane>
    </edge>
    <edge id="585992265" from="6448879095" to="4592829561" name="New Upper Changi Road" priority="12" type="highway.primary" shape="273.21,183.33 269.56,183.23 235.17,178.71 210.51,175.82">
        <lane id="585992265_0" index="0" disallow="tram rail_urban rail rail_electric rail_fast ship" speed="16.67" length="20.88" shape="266.46,174.75 246.04,172.07">
            <param key="origId" value="585992265 661314803"/>
        </lane>
        <lane id="585992265_1" index="1" disallow="tram rail_urban rail rail_electric rail_fast ship" speed="16.67" length="20.88" shape="266.37,177.97 245.67,175.25">
            <param key="origId" value="585992265 661314803"/>
        </lane>
        <lane id="585992265_2" index="2" disallow="tram rail_urban rail rail_electric rail_fast ship" speed="16.67" length="20.88" shape="266.28,181.19 245.30,178.43">
            <param key="origId" value="585992265 661314803"/>
        </lane>
    </edge>
    <edge id="655522687" from="6141719293" to="5173707033" name="New Upper Changi Road" priority="12" type="highway.primary">
        <lane id="655522687_0" index="0" disallow="tram rail_urban rail rail_electric rail_fast ship" speed="16.67" length="14.12" shape="135.03,212.07 149.07,213.62">
            <param key="origId" value="655522687"/>
        </lane>
        <lane id="655522687_1" index="1" disallow="tram rail_urban rail rail_electric rail_fast ship" speed="16.67" length="14.12" shape="135.38,208.89 149.42,210.44">
            <param key="origId" value="655522687"/>
        </lane>
        <lane id="655522687_2" index="2" disallow="tram rail_urban rail rail_electric rail_fast ship" speed="16.67" length="14.12" shape="135.73,205.71 149.77,207.26">
            <param key="origId" value="655522687"/>
        </lane>
        <lane id="655522687_3" index="3" disallow="tram rail_urban rail rail_electric rail_fast ship" speed="16.67" length="14.12" shape="136.08,202.53 150.12,204.07">
            <param key="origId" value="655522687"/>
        </lane>
    </edge>
    <edge id="656747043" from="4675722406" to="6141719293" name="New Upper Changi Road" priority="12" type="highway.primary" shape="0.00,179.59 56.46,190.16 111.81,198.42 132.27,200.50">
        <lane id="656747043_0" index="0" disallow="tram rail_urban rail rail_electric rail_fast ship" speed="16.67" length="130.35" shape="-1.47,187.45 55.13,198.05 110.81,206.36 127.46,208.05">
            <param key="origId" value="656747043 655522688"/>
        </lane>
        <lane id="656747043_1" index="1" disallow="tram rail_urban rail rail_electric rail_fast ship" speed="16.67" length="130.35" shape="-0.88,184.31 55.66,194.89 111.21,203.18 127.79,204.87">
            <param key="origId" value="656747043 655522688"/>
        </lane>
        <lane id="656747043_2" index="2" disallow="tram rail_urban rail rail_electric rail_fast ship" speed="16.67" length="130.35" shape="-0.29,181.16 56.19,191.74 111.61,200.01 128.11,201.69">
            <param key="origId" value="656747043 655522688"/>
        </lane>
    </edge>
    <edge id="656747369" from="4592829561" to="4592829571" name="New Upper Changi Road" priority="12" type="highway.primary">
        <lane id="656747369_0" index="0" disallow="tram rail_urban rail rail_electric rail_fast ship" speed="16.67" length="47.72" shape="230.46,170.42 183.16,164.09">
            <param key="origId" value="656747369"/>
        </lane>
        <lane id="656747369_1" index="1" disallow="tram rail_urban rail rail_electric rail_fast ship" speed="16.67" length="47.72" shape="230.04,173.59 182.74,167.26">
            <param key="origId" value="656747369"/>
        </lane>
        <lane id="656747369_2" index="2" disallow="tram rail_urban rail rail_electric rail_fast ship" speed="16.67" length="47.72" shape="229.62,176.76 182.31,170.43">
            <param key="origId" value="656747369"/>
        </lane>
    </edge>
    <edge id="74741532" from="4592829571" to="1865254938" name="New Upper Changi Road" priority="12" type="highway.primary" shape="172.09,170.68 146.52,167.78 88.89,159.35">
        <lane id="74741532_0" index="0" disallow="tram rail_urban rail rail_electric rail_fast ship" speed="16.67" length="81.01" shape="170.19,162.41 147.55,159.85 90.05,151.43">
            <param key="origId" value="74741532"/>
        </lane>
        <lane id="74741532_1" index="1" disallow="tram rail_urban rail rail_electric rail_fast ship" speed="16.67" length="81.01" shape="169.83,165.59 147.14,163.02 89.58,154.60">
            <param key="origId" value="74741532"/>
        </lane>
        <lane id="74741532_2" index="2" disallow="tram rail_urban rail rail_electric rail_fast ship" speed="16.67" length="81.01" shape="169.47,168.77 146.73,166.19 89.12,157.77">
            <param key="origId" value="74741532"/>
        </lane>
    </edge>
    <edge id="768471955" from="7174500361" to="4592829570" name="New Upper Changi Road" priority="12" type="highway.primary">
        <lane id="768471955_0" index="0" disallow="tram rail_urban rail rail_electric rail_fast ship" speed="16.67" length="56.69" shape="372.23,185.33 316.29,176.14">
            <param key="origId" value="768471955"/>
        </lane>
        <lane id="768471955_1" index="1" disallow="tram rail_urban rail rail_electric rail_fast ship" speed="16.67" length="56.69" shape="371.71,188.48 315.77,179.29">
            <param key="origId" value="768471955"/>
        </lane>
        <lane id="768471955_2" index="2" disallow="tram rail_urban rail rail_electric rail_fast ship" speed="16.67" length="56.69" shape="371.20,191.64 315.25,182.45">
            <param key="origId" value="768471955"/>
        </lane>
        <lane id="768471955_3" index="3" disallow="tram rail_urban rail rail_electric rail_fast ship" speed="16.67" length="56.69" shape="370.68,194.80 314.73,185.61">
            <param key="origId" value="768471955"/>
        </lane>
    </edge>
    <edge id="82513162" from="6448879095" to="960312890" name="Bedok South Avenue 1" priority="12" type="highway.primary" spreadType="center">
        <lane id="82513162_0" index="0" disallow="tram rail_urban rail rail_electric rail_fast ship" speed="16.67" length="12.73" shape="271.62,190.80 271.65,203.53">
            <param key="origId" value="82513162"/>
        </lane>
        <lane id="82513162_1" index="1" disallow="tram rail_urban rail rail_electric rail_fast ship" speed="16.67" length="12.73" shape="274.82,190.80 274.85,203.52">
            <param key="origId" value="82513162"/>
        </lane>
    </edge>

    <tlLogic id="joinedS_6448879095_960312890" type="actuated" programID="0" offset="0">
        <phase duration="22" state="rrrGGGgGGrGrrrrGGGg" minDur="7" maxDur="50"/>
        <phase duration="4"  state="rrryyyyyyryrrrryyyy"/>
        <phase duration="23" state="rrrGGGrGGggggGgrrrr" minDur="7" maxDur="50"/>
        <phase duration="4"  state="rrryyyryyygggyyrrrr"/>
        <phase duration="6"  state="GGrrrrrrrrGGGrrrrrr" minDur="7" maxDur="50"/>
        <phase duration="4"  state="yyrrrrrrrryyyrrrrrr"/>
        <phase duration="23" state="GGGrrrrrrGGGGrrrrrr" minDur="7" maxDur="50"/>
        <phase duration="4"  state="yyyrrrrrryyyyrrrrrr"/>
    </tlLogic>

    <junction id="1865254938" type="priority" x="88.89" y="159.35" incLanes="74741532_0 74741532_1 74741532_2" intLanes=":1865254938_0_0" shape="88.89,159.35 90.28,149.85 88.89,159.35">
        <request index="0" response="0" foes="0" cont="0"/>
    </junction>
    <junction id="259397036" type="priority" x="283.37" y="71.54" incLanes="538018310_0 538018310_1" intLanes=":259397036_0_0 :259397036_0_1 :259397036_0_2" shape="280.79,67.13 287.12,68.07 287.10,71.02 287.35,72.06 287.60,73.10 287.75,74.37 287.66,76.06 278.13,74.92 278.90,71.99 279.42,71.02 279.94,70.05 280.42,68.84">
        <request index="0" response="000" foes="000" cont="0"/>
        <request index="1" response="000" foes="000" cont="0"/>
        <request index="2" response="000" foes="000" cont="0"/>
    </junction>
    <junction id="4592829561" type="priority" x="210.51" y="175.82" incLanes="464133416_0 585992265_0 585992265_1 585992265_2 -656747369_0" intLanes=":4592829561_0_0 :4592829561_1_0 :4592829561_2_0 :4592829561_2_1 :4592829561_2_2 :4592829561_8_0 :4592829561_6_0 :4592829561_9_0" shape="245.45,165.19 246.01,168.57 246.23,170.48 244.74,183.19 228.98,181.52 230.68,168.83 233.95,169.21 236.46,169.29 238.53,168.99 240.49,168.26 242.69,167.01">
        <request index="0" response="00011100" foes="00011100" cont="0"/>
        <request index="1" response="01011100" foes="01111100" cont="0"/>
        <request index="2" response="00000000" foes="10000011" cont="0"/>
        <request index="3" response="00000000" foes="10000011" cont="0"/>
        <request index="4" response="00000000" foes="10000011" cont="0"/>
        <request index="5" response="01000010" foes="01000010" cont="1"/>
        <request index="6" response="00000000" foes="00100010" cont="0"/>
        <request index="7" response="00011100" foes="00011100" cont="1"/>
    </junction>
    <junction id="4592829565" type="priority" x="277.69" y="119.00" incLanes="474497470_0 474497470_1 474497470_2" intLanes=":4592829565_0_0 :4592829565_1_0 :4592829565_1_1" shape="272.00,126.15 281.53,127.29 280.97,129.58 280.63,130.35 280.29,131.12 280.01,132.09 279.83,133.42 273.44,132.95 272.91,132.81 270.02,131.44 271.00,129.55 271.34,128.89 271.61,128.20 271.82,127.34">
        <request index="0" response="000" foes="000" cont="0"/>
        <request index="1" response="000" foes="000" cont="0"/>
        <request index="2" response="000" foes="000" cont="0"/>
    </junction>
    <junction id="4592829566" type="priority" x="292.67" y="148.17" incLanes="464133417_0" intLanes=":4592829566_0_0 :4592829566_0_1" shape="297.90,155.41 295.01,156.79 293.87,154.93 292.70,153.68 291.58,152.74 290.61,151.75 289.87,150.39 289.47,148.33 295.85,147.81 296.15,150.73 296.36,151.75 296.68,152.73 297.18,153.88">
        <request index="0" response="00" foes="00" cont="0"/>
        <request index="1" response="00" foes="00" cont="0"/>
    </junction>
    <junction id="4592829570" type="priority" x="327.76" y="189.37" incLanes="768471955_0 768471955_1 768471955_2 768471955_3 -473376613_0" intLanes=":4592829570_0_0 :4592829570_1_0 :4592829570_1_1 :4592829570_1_2 :4592829570_8_0 :4592829570_5_0 :4592829570_9_0 :4592829570_10_0" shape="316.55,174.56 313.96,190.35 311.05,190.11 310.02,190.18 308.99,190.26 307.75,190.28 306.07,190.16 307.50,177.44 309.22,177.20 309.38,176.67 309.08,175.87 308.31,174.80 307.08,173.47 309.10,170.96 311.42,173.05 312.39,173.61 313.45,173.98 314.78,174.26">
        <request index="0" response="00000000" foes="01000000" cont="0"/>
        <request index="1" response="00000000" foes="11000000" cont="0"/>
        <request index="2" response="00000000" foes="11000000" cont="0"/>
        <request index="3" response="00000000" foes="11000000" cont="0"/>
        <request index="4" response="00100000" foes="00100000" cont="1"/>
        <request index="5" response="00000000" foes="00010000" cont="0"/>
        <request index="6" response="00001111" foes="00001111" cont="1"/>
        <request index="7" response="00001110" foes="00001110" cont="1"/>
    </junction>
    <junction id="4592829571" type="priority" x="172.09" y="170.68" incLanes="656747369_0 656747369_1 656747369_2 464133418_0 -74741532_0" intLanes=":4592829571_0_0 :4592829571_0_1 :4592829571_0_2 :4592829571_9_0 :4592829571_4_0 :4592829571_5_0 :4592829571_5_1 :4592829571_7_0 :4592829571_10_0" shape="183.37,162.50 181.68,175.19 179.62,175.32 179.03,175.74 178.73,176.40 178.72,177.30 179.01,178.44 176.38,180.71 176.04,178.74 175.34,177.08 174.28,175.73 172.86,174.69 171.08,173.96 168.93,173.54 170.38,160.82">
        <request index="0" response="000000000" foes="101100000" cont="0"/>
        <request index="1" response="000000000" foes="101100000" cont="0"/>
        <request index="2" response="000000000" foes="101100000" cont="0"/>
        <request index="3" response="010010000" foes="010010000" cont="1"/>
        <request index="4" response="010000000" foes="010001000" cont="0"/>
        <request index="5" response="010000111" foes="110000111" cont="0"/>
        <request index="6" response="010000111" foes="110000111" cont="0"/>
        <request index="7" response="000000000" foes="001111000" cont="0"/>
        <request index="8" response="001100111" foes="001100111" cont="1"/>
    </junction>
    <junction id="4675260747" type="priority" x="566.75" y="239.01" incLanes="464288975_0 464288975_1 464288975_2" intLanes=":4675260747_0_0" shape="566.75,239.01 565.57,248.54 566.75,239.01">
        <request index="0" response="0" foes="0" cont="0"/>
    </junction>
    <junction id="4675281043" type="dead_end" x="295.10" y="0.00" incLanes="" intLanes="" shape="298.25,0.54 291.95,-0.54"/>
    <junction id="4675281045" type="dead_end" x="308.73" y="2.24" incLanes="473376614_0 473376614_1" intLanes="" shape="311.89,2.77 305.57,1.71"/>
    <junction id="4675722406" type="priority" x="0.00" y="179.59" incLanes="-655522688_0" intLanes=":4675722406_0_0" shape="-0.00,179.59 0.59,176.44 0.00,179.59">
        <request index="0" response="0" foes="0" cont="0"/>
    </junction>
    <junction id="5173707033" type="priority" x="154.16" y="202.91" incLanes="-325024329#0_0 655522687_0 655522687_1 655522687_2 655522687_3" intLanes=":5173707033_0_0 :5173707033_1_0 :5173707033_1_1 :5173707033_1_2" shape="158.23,199.98 157.35,212.75 154.18,213.36 153.12,214.05 152.05,214.72 150.73,215.17 148.89,215.21 150.64,199.30">
        <request index="0" response="0000" foes="0000" cont="0"/>
        <request index="1" response="0000" foes="0000" cont="0"/>
        <request index="2" response="0000" foes="0000" cont="0"/>
        <request index="3" response="0000" foes="0000" cont="0"/>
    </junction>
    <junction id="562922321" type="priority" x="165.94" y="203.72" incLanes="-655522686#1_0 325024329#0_0 325024329#0_1 325024329#0_2" intLanes=":562922321_0_0 :562922321_1_0 :562922321_8_0 :562922321_3_0 :562922321_3_1 :562922321_3_2 :562922321_9_0 :562922321_10_0" shape="173.56,195.28 175.62,198.37 175.14,199.97 175.24,200.55 175.55,200.99 176.09,201.27 176.86,201.41 175.52,214.14 163.06,213.14 163.94,200.38 166.13,200.37 168.08,200.02 169.80,199.34 171.29,198.32 172.54,196.97">
        <request index="0" response="00000000" foes="01000000" cont="0"/>
        <request index="1" response="00000000" foes="11000000" cont="0"/>
        <request index="2" response="00111000" foes="00111000" cont="1"/>
        <request index="3" response="00000000" foes="00000100" cont="0"/>
        <request index="4" response="00000000" foes="00000100" cont="0"/>
        <request index="5" response="00000000" foes="00000100" cont="0"/>
        <request index="6" response="00000011" foes="00000011" cont="1"/>
        <request index="7" response="00000010" foes="00000010" cont="1"/>
    </junction>
    <junction id="6141719293" type="priority" x="132.27" y="200.50" incLanes="-655522687_0 656747043_0 656747043_1 656747043_2" intLanes=":6141719293_0_0 :6141719293_1_0 :6141719293_1_1 :6141719293_1_2 :6141719293_1_3" shape="136.61,197.76 134.86,213.66 131.95,212.51 131.08,211.64 130.21,210.77 129.04,210.06 127.30,209.64 128.60,196.91">
        <request index="0" response="00000" foes="00000" cont="0"/>
        <request index="1" response="00000" foes="00000" cont="0"/>
        <request index="2" response="00000" foes="00000" cont="0"/>
        <request index="3" response="00000" foes="00000" cont="0"/>
        <request index="4" response="00000" foes="00000" cont="0"/>
    </junction>
    <junction id="6191206948" type="priority" x="591.07" y="225.24" incLanes="-473376612_0" intLanes=":6191206948_0_0" shape="591.07,225.24 590.64,228.41 591.07,225.24">
        <request index="0" response="0" foes="0" cont="0"/>
    </junction>
    <junction id="6448879095" type="traffic_light" x="273.21" y="183.33" incLanes="474497473_0 474497473_1 473376613_0 473376613_1 473376613_2 -661314803_0" intLanes=":6448879095_0_0 :6448879095_0_1 :6448879095_2_0 :6448879095_3_0 :6448879095_3_1 :6448879095_3_2 :6448879095_10_0 :6448879095_7_0 :6448879095_8_0 :6448879095_11_0" shape="270.74,169.76 277.13,170.11 277.54,172.37 278.16,173.21 279.05,173.87 280.23,174.33 281.68,174.60 280.29,187.32 278.14,187.52 277.39,187.98 276.85,188.68 276.53,189.61 276.42,190.79 270.02,190.80 269.59,188.37 269.05,187.46 268.30,186.77 267.33,186.28 266.15,186.01 266.50,173.15 268.76,173.01 269.57,172.56 270.17,171.88 270.56,170.94">
        <request index="0" response="0110111000" foes="0110111000" cont="0"/>
        <request index="1" response="0110111000" foes="0110111000" cont="0"/>
        <request index="2" response="0100111000" foes="0101111000" cont="0"/>
        <request index="3" response="0000000000" foes="1000000111" cont="0"/>
        <request index="4" response="0000000000" foes="1000000111" cont="0"/>
        <request index="5" response="0000000000" foes="1000000111" cont="0"/>
        <request index="6" response="0100000100" foes="0100000100" cont="1"/>
        <request index="7" response="0000000000" foes="0000000011" cont="0"/>
        <request index="8" response="0000000000" foes="0001000111" cont="0"/>
        <request index="9" response="0000111000" foes="0000111000" cont="1"/>
    </junction>
    <junction id="7174500361" type="priority" x="374.39" y="197.03" incLanes="464288976_0 464288976_1 464288976_2 -768471955_0" intLanes=":7174500361_0_0 :7174500361_0_1 :7174500361_0_2 :7174500361_0_3 :7174500361_4_0" shape="379.69,188.06 377.97,200.75 369.90,199.54 372.49,183.75 375.28,185.04 376.09,185.95 376.90,186.84 378.00,187.59">
        <request index="0" response="00000" foes="00000" cont="0"/>
        <request index="1" response="00000" foes="00000" cont="0"/>
        <request index="2" response="00000" foes="00000" cont="0"/>
        <request index="3" response="00000" foes="00000" cont="0"/>
        <request index="4" response="00000" foes="00000" cont="0"/>
    </junction>
    <junction id="960312890" type="traffic_light" x="273.26" y="210.94" incLanes="-635640229_0 325024329#1_0 325024329#1_1 325024329#1_2 82513162_0 82513162_1" intLanes=":960312890_0_0 :960312890_1_0 :960312890_2_0 :960312890_2_1 :960312890_2_2 :960312890_9_0 :960312890_6_0 :960312890_10_0 :960312890_11_0" shape="280.45,208.08 279.84,220.86 265.25,220.08 266.06,207.30 268.28,206.99 269.05,206.48 269.61,205.74 269.94,204.75 270.05,203.53 276.45,203.52 276.89,205.97 277.45,206.84 278.23,207.49 279.23,207.90">
        <request index="0" response="000000000" foes="111100000" cont="0"/>
        <request index="1" response="110011100" foes="110011100" cont="0"/>
        <request index="2" response="110000000" foes="110000010" cont="0"/>
        <request index="3" response="110000000" foes="110000010" cont="0"/>
        <request index="4" response="110000000" foes="110000010" cont="0"/>
        <request index="5" response="001000001" foes="001000001" cont="1"/>
        <request index="6" response="000000001" foes="000100001" cont="0"/>
        <request index="7" response="000011101" foes="000011111" cont="1"/>
        <request index="8" response="000011101" foes="000011111" cont="1"/>
    </junction>

    <junction id=":4592829561_8_0" type="internal" x="244.01" y="179.08" incLanes=":4592829561_5_0 -656747369_0 464133416_0" intLanes=":4592829561_1_0 :4592829561_6_0"/>
    <junction id=":4592829561_9_0" type="internal" x="230.49" y="179.30" incLanes=":4592829561_7_0 464133416_0 585992265_0 585992265_1 585992265_2" intLanes=":4592829561_0_0 :4592829561_2_0 :4592829561_2_1 :4592829561_2_2"/>
    <junction id=":4592829570_8_0" type="internal" x="313.42" y="186.20" incLanes=":4592829570_4_0 -473376613_0" intLanes=":4592829570_5_0"/>
    <junction id=":4592829570_9_0" type="internal" x="311.44" y="186.98" incLanes=":4592829570_6_0 768471955_0 768471955_1 768471955_2" intLanes=":4592829570_0_0 :4592829570_1_0 :4592829570_1_1 :4592829570_1_2"/>
    <junction id=":4592829570_10_0" type="internal" x="307.53" y="187.91" incLanes=":4592829570_7_0 768471955_0 768471955_1 768471955_2" intLanes=":4592829570_1_0 :4592829570_1_1 :4592829570_1_2"/>
    <junction id=":4592829571_9_0" type="internal" x="181.02" y="171.07" incLanes=":4592829571_3_0 -74741532_0 464133418_0" intLanes=":4592829571_4_0 :4592829571_7_0"/>
    <junction id=":4592829571_10_0" type="internal" x="170.40" y="171.29" incLanes=":4592829571_8_0 464133418_0 656747369_0 656747369_1 656747369_2" intLanes=":4592829571_0_0 :4592829571_0_1 :4592829571_0_2 :4592829571_5_0 :4592829571_5_1"/>
    <junction id=":562922321_8_0" type="internal" x="175.41" y="203.67" incLanes=":562922321_2_0 325024329#0_0 325024329#0_1 325024329#0_2" intLanes=":562922321_3_0 :562922321_3_1 :562922321_3_2"/>
    <junction id=":562922321_9_0" type="internal" x="166.90" y="204.77" incLanes=":562922321_6_0 -655522686#1_0" intLanes=":562922321_0_0 :562922321_1_0"/>
    <junction id=":562922321_10_0" type="internal" x="164.86" y="204.45" incLanes=":562922321_7_0 -655522686#1_0" intLanes=":562922321_1_0"/>
    <junction id=":6448879095_10_0" type="internal" x="279.53" y="183.21" incLanes=":6448879095_6_0 -661314803_0 474497473_1" intLanes=":6448879095_2_0 :6448879095_8_0"/>
    <junction id=":6448879095_11_0" type="internal" x="267.42" y="183.63" incLanes=":6448879095_9_0 473376613_0 473376613_1 473376613_2" intLanes=":6448879095_3_0 :6448879095_3_1 :6448879095_3_2"/>
    <junction id=":960312890_9_0" type="internal" x="267.01" y="211.37" incLanes=":960312890_5_0 -635640229_0 82513162_0" intLanes=":960312890_0_0 :960312890_6_0"/>
    <junction id=":960312890_10_0" type="internal" x="272.04" y="207.49" incLanes=":960312890_7_0 -635640229_0" intLanes=":960312890_0_0 :960312890_1_0 :960312890_2_0 :960312890_2_1 :960312890_2_2"/>
    <junction id=":960312890_11_0" type="internal" x="275.24" y="207.66" incLanes=":960312890_7_1 -635640229_0" intLanes=":960312890_0_0 :960312890_1_0 :960312890_2_0 :960312890_2_1 :960312890_2_2"/>

    <connection from="-325024329#0" to="-655522687" fromLane="0" toLane="0" via=":5173707033_0_0" dir="s" state="M"/>
    <connection from="-473376612" to="464288976" fromLane="0" toLane="2" via=":6191206948_0_0" dir="T" state="M"/>
    <connection from="-473376613" to="-768471955" fromLane="0" toLane="0" via=":4592829570_5_0" dir="s" state="M"/>
    <connection from="-473376613" to="464133417" fromLane="0" toLane="0" via=":4592829570_6_0" dir="r" state="m"/>
    <connection from="-473376613" to="473376613" fromLane="0" toLane="2" via=":4592829570_7_0" dir="T" state="m"/>
    <connection from="-635640229" to="-655522686#1" fromLane="0" toLane="0" via=":960312890_0_0" tl="joinedS_6448879095_960312890" linkIndex="13" dir="s" state="O"/>
    <connection from="-635640229" to="464288975" fromLane="0" toLane="2" via=":960312890_1_0" tl="joinedS_6448879095_960312890" linkIndex="14" dir="T" state="o"/>
    <connection from="-655522686#1" to="464133418" fromLane="0" toLane="0" via=":562922321_0_0" dir="l" state="M"/>
    <connection from="-655522686#1" to="-325024329#0" fromLane="0" toLane="0" via=":562922321_1_0" dir="s" state="M"/>
    <connection from="-655522686#1" to="325024329#1" fromLane="0" toLane="2" via=":562922321_2_0" dir="T" state="m"/>
    <connection from="-655522687" to="-655522688" fromLane="0" toLane="0" via=":6141719293_0_0" dir="s" state="M"/>
    <connection from="-655522688" to="656747043" fromLane="0" toLane="2" via=":4675722406_0_0" dir="T" state="M"/>
    <connection from="-656747369" to="-661314803" fromLane="0" toLane="0" via=":4592829561_6_0" dir="s" state="M"/>
    <connection from="-656747369" to="656747369" fromLane="0" toLane="2" via=":4592829561_7_0" dir="T" state="m"/>
    <connection from="-661314803" to="82513162" fromLane="0" toLane="0" via=":6448879095_7_0" tl="joinedS_6448879095_960312890" linkIndex="7" dir="l" state="O"/>
    <connection from="-661314803" to="-473376613" fromLane="0" toLane="0" via=":6448879095_8_0" tl="joinedS_6448879095_960312890" linkIndex="8" dir="s" state="O"/>
    <connection from="-661314803" to="585992265" fromLane="0" toLane="2" via=":6448879095_9_0" tl="joinedS_6448879095_960312890" linkIndex="9" dir="T" state="o"/>
    <connection from="-74741532" to="-656747369" fromLane="0" toLane="0" via=":4592829571_7_0" dir="s" state="M"/>
    <connection from="-74741532" to="74741532" fromLane="0" toLane="2" via=":4592829571_8_0" dir="T" state="m"/>
    <connection from="-768471955" to="-473376612" fromLane="0" toLane="0" via=":7174500361_4_0" dir="s" state="M"/>
    <connection from="325024329#0" to="325024329#1" fromLane="0" toLane="0" via=":562922321_3_0" dir="s" state="M"/>
    <connection from="325024329#0" to="325024329#1" fromLane="1" toLane="1" via=":562922321_3_1" dir="s" state="M"/>
    <connection from="325024329#0" to="325024329#1" fromLane="2" toLane="2" via=":562922321_3_2" dir="s" state="M"/>
    <connection from="325024329#0" to="464133418" fromLane="2" toLane="0" via=":562922321_6_0" dir="R" state="m"/>
    <connection from="325024329#0" to="-325024329#0" fromLane="2" toLane="0" via=":562922321_7_0" dir="T" state="m"/>
    <connection from="325024329#1" to="464288975" fromLane="0" toLane="0" via=":960312890_2_0" tl="joinedS_6448879095_960312890" linkIndex="15" dir="s" state="O"/>
    <connection from="325024329#1" to="464288975" fromLane="1" toLane="1" via=":960312890_2_1" tl="joinedS_6448879095_960312890" linkIndex="16" dir="s" state="O"/>
    <connection from="325024329#1" to="464288975" fromLane="2" toLane="2" via=":960312890_2_2" tl="joinedS_6448879095_960312890" linkIndex="17" dir="s" state="O"/>
    <connection from="325024329#1" to="-655522686#1" fromLane="2" toLane="0" via=":960312890_5_0" tl="joinedS_6448879095_960312890" linkIndex="18" dir="T" state="o"/>
    <connection from="464133416" to="656747369" fromLane="0" toLane="0" via=":4592829561_0_0" dir="s" state="m"/>
    <connection from="464133416" to="-661314803" fromLane="0" toLane="0" via=":4592829561_1_0" dir="r" state="m"/>
    <connection from="464133417" to="473376614" fromLane="0" toLane="0" via=":4592829566_0_0" dir="s" state="M"/>
    <connection from="464133417" to="473376614" fromLane="0" toLane="1" via=":4592829566_0_1" dir="s" state="M"/>
    <connection from="464133418" to="-656747369" fromLane="0" toLane="0" via=":4592829571_4_0" dir="l" state="m"/>
    <connection from="464133418" to="74741532" fromLane="0" toLane="1" via=":4592829571_5_0" dir="s" state="m"/>
    <connection from="464133418" to="74741532" fromLane="0" toLane="2" via=":4592829571_5_1" dir="s" state="m"/>
    <connection from="464288975" to="-635640229" fromLane="2" toLane="0" via=":4675260747_0_0" dir="T" state="M"/>
    <connection from="464288976" to="768471955" fromLane="0" toLane="0" via=":7174500361_0_0" dir="s" state="M"/>
    <connection from="464288976" to="768471955" fromLane="1" toLane="1" via=":7174500361_0_1" dir="s" state="M"/>
    <connection from="464288976" to="768471955" fromLane="2" toLane="2" via=":7174500361_0_2" dir="s" state="M"/>
    <connection from="464288976" to="768471955" fromLane="2" toLane="3" via=":7174500361_0_3" dir="s" state="M"/>
    <connection from="473376613" to="585992265" fromLane="0" toLane="0" via=":6448879095_3_0" tl="joinedS_6448879095_960312890" linkIndex="3" dir="s" state="O"/>
    <connection from="473376613" to="585992265" fromLane="1" toLane="1" via=":6448879095_3_1" tl="joinedS_6448879095_960312890" linkIndex="4" dir="s" state="O"/>
    <connection from="473376613" to="585992265" fromLane="2" toLane="2" via=":6448879095_3_2" tl="joinedS_6448879095_960312890" linkIndex="5" dir="s" state="O"/>
    <connection from="473376613" to="-473376613" fromLane="2" toLane="0" via=":6448879095_6_0" tl="joinedS_6448879095_960312890" linkIndex="6" dir="T" state="o"/>
    <connection from="474497470" to="464133416" fromLane="0" toLane="0" via=":4592829565_0_0" dir="L" state="M"/>
    <connection from="474497470" to="474497473" fromLane="1" toLane="0" via=":4592829565_1_0" dir="s" state="M"/>
    <connection from="474497470" to="474497473" fromLane="2" toLane="1" via=":4592829565_1_1" dir="s" state="M"/>
    <connection from="474497473" to="82513162" fromLane="0" toLane="0" via=":6448879095_0_0" tl="joinedS_6448879095_960312890" linkIndex="0" dir="s" state="o"/>
    <connection from="474497473" to="82513162" fromLane="1" toLane="1" via=":6448879095_0_1" tl="joinedS_6448879095_960312890" linkIndex="1" dir="s" state="o"/>
    <connection from="474497473" to="-473376613" fromLane="1" toLane="0" via=":6448879095_2_0" tl="joinedS_6448879095_960312890" linkIndex="2" dir="r" state="o"/>
    <connection from="538018310" to="474497470" fromLane="0" toLane="0" via=":259397036_0_0" dir="s" state="M"/>
    <connection from="538018310" to="474497470" fromLane="0" toLane="1" via=":259397036_0_1" dir="s" state="M"/>
    <connection from="538018310" to="474497470" fromLane="1" toLane="2" via=":259397036_0_2" dir="s" state="M"/>
    <connection from="585992265" to="656747369" fromLane="0" toLane="0" via=":4592829561_2_0" dir="s" state="M"/>
    <connection from="585992265" to="656747369" fromLane="1" toLane="1" via=":4592829561_2_1" dir="s" state="M"/>
    <connection from="585992265" to="656747369" fromLane="2" toLane="2" via=":4592829561_2_2" dir="s" state="M"/>
    <connection from="585992265" to="-661314803" fromLane="2" toLane="0" via=":4592829561_5_0" dir="T" state="m"/>
    <connection from="655522687" to="325024329#0" fromLane="0" toLane="0" via=":5173707033_1_0" dir="s" state="M"/>
    <connection from="655522687" to="325024329#0" fromLane="1" toLane="1" via=":5173707033_1_1" dir="s" state="M"/>
    <connection from="655522687" to="325024329#0" fromLane="2" toLane="2" via=":5173707033_1_2" dir="s" state="M"/>
    <connection from="656747043" to="655522687" fromLane="0" toLane="0" via=":6141719293_1_0" dir="s" state="M"/>
    <connection from="656747043" to="655522687" fromLane="1" toLane="1" via=":6141719293_1_1" dir="s" state="M"/>
    <connection from="656747043" to="655522687" fromLane="2" toLane="2" via=":6141719293_1_2" dir="s" state="M"/>
    <connection from="656747043" to="655522687" fromLane="2" toLane="3" via=":6141719293_1_3" dir="s" state="M"/>
    <connection from="656747369" to="74741532" fromLane="0" toLane="0" via=":4592829571_0_0" dir="s" state="M"/>
    <connection from="656747369" to="74741532" fromLane="1" toLane="1" via=":4592829571_0_1" dir="s" state="M"/>
    <connection from="656747369" to="74741532" fromLane="2" toLane="2" via=":4592829571_0_2" dir="s" state="M"/>
    <connection from="656747369" to="-656747369" fromLane="2" toLane="0" via=":4592829571_3_0" dir="T" state="m"/>
    <connection from="74741532" to="-74741532" fromLane="2" toLane="0" via=":1865254938_0_0" dir="T" state="M"/>
    <connection from="768471955" to="464133417" fromLane="0" toLane="0" via=":4592829570_0_0" dir="L" state="M"/>
    <connection from="768471955" to="473376613" fromLane="0" toLane="0" via=":4592829570_1_0" dir="s" state="M"/>
    <connection from="768471955" to="473376613" fromLane="1" toLane="1" via=":4592829570_1_1" dir="s" state="M"/>
    <connection from="768471955" to="473376613" fromLane="2" toLane="2" via=":4592829570_1_2" dir="s" state="M"/>
    <connection from="768471955" to="-768471955" fromLane="3" toLane="0" via=":4592829570_4_0" dir="T" state="m"/>
    <connection from="82513162" to="-655522686#1" fromLane="0" toLane="0" via=":960312890_6_0" tl="joinedS_6448879095_960312890" linkIndex="10" dir="l" state="o"/>
    <connection from="82513162" to="464288975" fromLane="0" toLane="1" via=":960312890_7_0" tl="joinedS_6448879095_960312890" linkIndex="11" dir="r" state="o"/>
    <connection from="82513162" to="464288975" fromLane="1" toLane="2" via=":960312890_7_1" tl="joinedS_6448879095_960312890" linkIndex="12" dir="r" state="o"/>

    <connection from=":1865254938_0" to="-74741532" fromLane="0" toLane="0" dir="T" state="M"/>
    <connection from=":259397036_0" to="474497470" fromLane="0" toLane="0" dir="s" state="M"/>
    <connection from=":259397036_0" to="474497470" fromLane="1" toLane="1" dir="s" state="M"/>
    <connection from=":259397036_0" to="474497470" fromLane="2" toLane="2" dir="s" state="M"/>
    <connection from=":4592829561_0" to="656747369" fromLane="0" toLane="0" dir="s" state="M"/>
    <connection from=":4592829561_1" to="-661314803" fromLane="0" toLane="0" dir="r" state="M"/>
    <connection from=":4592829561_2" to="656747369" fromLane="0" toLane="0" dir="s" state="M"/>
    <connection from=":4592829561_2" to="656747369" fromLane="1" toLane="1" dir="s" state="M"/>
    <connection from=":4592829561_2" to="656747369" fromLane="2" toLane="2" dir="s" state="M"/>
    <connection from=":4592829561_5" to="-661314803" fromLane="0" toLane="0" via=":4592829561_8_0" dir="T" state="m"/>
    <connection from=":4592829561_8" to="-661314803" fromLane="0" toLane="0" dir="T" state="M"/>
    <connection from=":4592829561_6" to="-661314803" fromLane="0" toLane="0" dir="s" state="M"/>
    <connection from=":4592829561_7" to="656747369" fromLane="0" toLane="2" via=":4592829561_9_0" dir="T" state="m"/>
    <connection from=":4592829561_9" to="656747369" fromLane="0" toLane="2" dir="T" state="M"/>
    <connection from=":4592829565_0" to="464133416" fromLane="0" toLane="0" dir="L" state="M"/>
    <connection from=":4592829565_1" to="474497473" fromLane="0" toLane="0" dir="s" state="M"/>
    <connection from=":4592829565_1" to="474497473" fromLane="1" toLane="1" dir="s" state="M"/>
    <connection from=":4592829566_0" to="473376614" fromLane="0" toLane="0" dir="s" state="M"/>
    <connection from=":4592829566_0" to="473376614" fromLane="1" toLane="1" dir="s" state="M"/>
    <connection from=":4592829570_0" to="464133417" fromLane="0" toLane="0" dir="L" state="M"/>
    <connection from=":4592829570_1" to="473376613" fromLane="0" toLane="0" dir="s" state="M"/>
    <connection from=":4592829570_1" to="473376613" fromLane="1" toLane="1" dir="s" state="M"/>
    <connection from=":4592829570_1" to="473376613" fromLane="2" toLane="2" dir="s" state="M"/>
    <connection from=":4592829570_4" to="-768471955" fromLane="0" toLane="0" via=":4592829570_8_0" dir="T" state="m"/>
    <connection from=":4592829570_8" to="-768471955" fromLane="0" toLane="0" dir="T" state="M"/>
    <connection from=":4592829570_5" to="-768471955" fromLane="0" toLane="0" dir="s" state="M"/>
    <connection from=":4592829570_6" to="464133417" fromLane="0" toLane="0" via=":4592829570_9_0" dir="r" state="m"/>
    <connection from=":4592829570_9" to="464133417" fromLane="0" toLane="0" dir="r" state="M"/>
    <connection from=":4592829570_7" to="473376613" fromLane="0" toLane="2" via=":4592829570_10_0" dir="T" state="m"/>
    <connection from=":4592829570_10" to="473376613" fromLane="0" toLane="2" dir="T" state="M"/>
    <connection from=":4592829571_0" to="74741532" fromLane="0" toLane="0" dir="s" state="M"/>
    <connection from=":4592829571_0" to="74741532" fromLane="1" toLane="1" dir="s" state="M"/>
    <connection from=":4592829571_0" to="74741532" fromLane="2" toLane="2" dir="s" state="M"/>
    <connection from=":4592829571_3" to="-656747369" fromLane="0" toLane="0" via=":4592829571_9_0" dir="T" state="m"/>
    <connection from=":4592829571_9" to="-656747369" fromLane="0" toLane="0" dir="T" state="M"/>
    <connection from=":4592829571_4" to="-656747369" fromLane="0" toLane="0" dir="l" state="M"/>
    <connection from=":4592829571_5" to="74741532" fromLane="0" toLane="1" dir="s" state="M"/>
    <connection from=":4592829571_5" to="74741532" fromLane="1" toLane="2" dir="s" state="M"/>
    <connection from=":4592829571_7" to="-656747369" fromLane="0" toLane="0" dir="s" state="M"/>
    <connection from=":4592829571_8" to="74741532" fromLane="0" toLane="2" via=":4592829571_10_0" dir="T" state="m"/>
    <connection from=":4592829571_10" to="74741532" fromLane="0" toLane="2" dir="T" state="M"/>
    <connection from=":4675260747_0" to="-635640229" fromLane="0" toLane="0" dir="T" state="M"/>
    <connection from=":4675722406_0" to="656747043" fromLane="0" toLane="2" dir="T" state="M"/>
    <connection from=":5173707033_0" to="-655522687" fromLane="0" toLane="0" dir="s" state="M"/>
    <connection from=":5173707033_1" to="325024329#0" fromLane="0" toLane="0" dir="s" state="M"/>
    <connection from=":5173707033_1" to="325024329#0" fromLane="1" toLane="1" dir="s" state="M"/>
    <connection from=":5173707033_1" to="325024329#0" fromLane="2" toLane="2" dir="s" state="M"/>
    <connection from=":562922321_0" to="464133418" fromLane="0" toLane="0" dir="l" state="M"/>
    <connection from=":562922321_1" to="-325024329#0" fromLane="0" toLane="0" dir="s" state="M"/>
    <connection from=":562922321_2" to="325024329#1" fromLane="0" toLane="2" via=":562922321_8_0" dir="T" state="m"/>
    <connection from=":562922321_8" to="325024329#1" fromLane="0" toLane="2" dir="T" state="M"/>
    <connection from=":562922321_3" to="325024329#1" fromLane="0" toLane="0" dir="s" state="M"/>
    <connection from=":562922321_3" to="325024329#1" fromLane="1" toLane="1" dir="s" state="M"/>
    <connection from=":562922321_3" to="325024329#1" fromLane="2" toLane="2" dir="s" state="M"/>
    <connection from=":562922321_6" to="464133418" fromLane="0" toLane="0" via=":562922321_9_0" dir="R" state="m"/>
    <connection from=":562922321_9" to="464133418" fromLane="0" toLane="0" dir="R" state="M"/>
    <connection from=":562922321_7" to="-325024329#0" fromLane="0" toLane="0" via=":562922321_10_0" dir="T" state="m"/>
    <connection from=":562922321_10" to="-325024329#0" fromLane="0" toLane="0" dir="T" state="M"/>
    <connection from=":6141719293_0" to="-655522688" fromLane="0" toLane="0" dir="s" state="M"/>
    <connection from=":6141719293_1" to="655522687" fromLane="0" toLane="0" dir="s" state="M"/>
    <connection from=":6141719293_1" to="655522687" fromLane="1" toLane="1" dir="s" state="M"/>
    <connection from=":6141719293_1" to="655522687" fromLane="2" toLane="2" dir="s" state="M"/>
    <connection from=":6141719293_1" to="655522687" fromLane="3" toLane="3" dir="s" state="M"/>
    <connection from=":6191206948_0" to="464288976" fromLane="0" toLane="2" dir="T" state="M"/>
    <connection from=":6448879095_0" to="82513162" fromLane="0" toLane="0" dir="s" state="M"/>
    <connection from=":6448879095_0" to="82513162" fromLane="1" toLane="1" dir="s" state="M"/>
    <connection from=":6448879095_2" to="-473376613" fromLane="0" toLane="0" dir="r" state="M"/>
    <connection from=":6448879095_3" to="585992265" fromLane="0" toLane="0" dir="s" state="M"/>
    <connection from=":6448879095_3" to="585992265" fromLane="1" toLane="1" dir="s" state="M"/>
    <connection from=":6448879095_3" to="585992265" fromLane="2" toLane="2" dir="s" state="M"/>
    <connection from=":6448879095_6" to="-473376613" fromLane="0" toLane="0" via=":6448879095_10_0" dir="T" state="m"/>
    <connection from=":6448879095_10" to="-473376613" fromLane="0" toLane="0" dir="T" state="M"/>
    <connection from=":6448879095_7" to="82513162" fromLane="0" toLane="0" dir="l" state="M"/>
    <connection from=":6448879095_8" to="-473376613" fromLane="0" toLane="0" dir="s" state="M"/>
    <connection from=":6448879095_9" to="585992265" fromLane="0" toLane="2" via=":6448879095_11_0" dir="T" state="m"/>
    <connection from=":6448879095_11" to="585992265" fromLane="0" toLane="2" dir="T" state="M"/>
    <connection from=":7174500361_0" to="768471955" fromLane="0" toLane="0" dir="s" state="M"/>
    <connection from=":7174500361_0" to="768471955" fromLane="1" toLane="1" dir="s" state="M"/>
    <connection from=":7174500361_0" to="768471955" fromLane="2" toLane="2" dir="s" state="M"/>
    <connection from=":7174500361_0" to="768471955" fromLane="3" toLane="3" dir="s" state="M"/>
    <connection from=":7174500361_4" to="-473376612" fromLane="0" toLane="0" dir="s" state="M"/>
    <connection from=":960312890_0" to="-655522686#1" fromLane="0" toLane="0" dir="s" state="M"/>
    <connection from=":960312890_1" to="464288975" fromLane="0" toLane="2" dir="T" state="M"/>
    <connection from=":960312890_2" to="464288975" fromLane="0" toLane="0" dir="s" state="M"/>
    <connection from=":960312890_2" to="464288975" fromLane="1" toLane="1" dir="s" state="M"/>
    <connection from=":960312890_2" to="464288975" fromLane="2" toLane="2" dir="s" state="M"/>
    <connection from=":960312890_5" to="-655522686#1" fromLane="0" toLane="0" via=":960312890_9_0" dir="T" state="m"/>
    <connection from=":960312890_9" to="-655522686#1" fromLane="0" toLane="0" dir="T" state="M"/>
    <connection from=":960312890_6" to="-655522686#1" fromLane="0" toLane="0" dir="l" state="M"/>
    <connection from=":960312890_7" to="464288975" fromLane="0" toLane="1" via=":960312890_10_0" dir="r" state="m"/>
    <connection from=":960312890_10" to="464288975" fromLane="0" toLane="1" dir="r" state="M"/>
    <connection from=":960312890_7" to="464288975" fromLane="1" toLane="2" via=":960312890_11_0" dir="r" state="m"/>
    <connection from=":960312890_11" to="464288975" fromLane="0" toLane="2" dir="r" state="M"/>

</net>
