<?xml version="1.0" encoding="UTF-8"?>

<!-- generated on 2023-07-14 10:40:43 by Eclipse SUMO netconvert Version 1.17.0
<configuration xmlns:xsi="http://www.w3.org/2001/XMLSchema-instance" xsi:noNamespaceSchemaLocation="http://sumo.dlr.de/xsd/netconvertConfiguration.xsd">

    <input>
        <sumo-net-file value="osm.net.xml.gz"/>
    </input>

    <output>
        <output-file value="osm.net.xml"/>
        <output.street-names value="true"/>
    </output>

    <processing>
        <geometry.min-radius.fix.railways value="false"/>
        <geometry.max-grade.fix value="false"/>
        <offset.disable-normalization value="true"/>
        <lefthand value="1"/>
    </processing>

    <junctions>
        <no-turnarounds value="true"/>
        <junctions.corner-detail value="5"/>
        <junctions.limit-turn-speed value="5.50"/>
        <rectangular-lane-cut value="0"/>
    </junctions>

    <pedestrian>
        <walkingareas value="0"/>
    </pedestrian>

</configuration>
-->

<net version="1.16" junctionCornerDetail="5" lefthand="true" limitTurnSpeed="5.50" xmlns:xsi="http://www.w3.org/2001/XMLSchema-instance" xsi:noNamespaceSchemaLocation="http://sumo.dlr.de/xsd/net_file.xsd">

    <location netOffset="-368186.23,-155691.86" convBoundary="0.00,0.00,1431.33,663.99" origBoundary="103.815150,1.408290,103.828015,1.414296" projParameter="+proj=utm +zone=48 +ellps=WGS84 +datum=WGS84 +units=m +no_defs"/>

    <type id="highway.bridleway" priority="1" numLanes="1" speed="2.78" allow="pedestrian" oneway="1" width="2.00"/>
    <type id="highway.bus_guideway" priority="1" numLanes="1" speed="27.78" allow="bus" oneway="1"/>
    <type id="highway.cycleway" priority="1" numLanes="1" speed="5.56" allow="bicycle" oneway="0" width="1.00"/>
    <type id="highway.footway" priority="1" numLanes="1" speed="2.78" allow="pedestrian" oneway="1" width="2.00"/>
    <type id="highway.ford" priority="1" numLanes="1" speed="2.78" allow="army" oneway="0"/>
    <type id="highway.living_street" priority="2" numLanes="1" speed="2.78" disallow="tram rail_urban rail rail_electric rail_fast ship" oneway="0"/>
    <type id="highway.motorway" priority="14" numLanes="2" speed="39.44" allow="private emergency authority army vip passenger hov taxi bus coach delivery truck trailer motorcycle evehicle custom1 custom2" oneway="1"/>
    <type id="highway.motorway_link" priority="9" numLanes="1" speed="22.22" allow="private emergency authority army vip passenger hov taxi bus coach delivery truck trailer motorcycle evehicle custom1 custom2" oneway="1"/>
    <type id="highway.path" priority="1" numLanes="1" speed="5.56" allow="pedestrian bicycle" oneway="0" width="2.00"/>
    <type id="highway.pedestrian" priority="1" numLanes="1" speed="2.78" allow="pedestrian" oneway="1" width="2.00"/>
    <type id="highway.primary" priority="12" numLanes="2" speed="27.78" disallow="tram rail_urban rail rail_electric rail_fast ship" oneway="0"/>
    <type id="highway.primary_link" priority="7" numLanes="1" speed="22.22" disallow="tram rail_urban rail rail_electric rail_fast ship" oneway="0"/>
    <type id="highway.raceway" priority="15" numLanes="2" speed="83.33" allow="vip" oneway="0"/>
    <type id="highway.residential" priority="3" numLanes="1" speed="13.89" disallow="tram rail_urban rail rail_electric rail_fast ship" oneway="0"/>
    <type id="highway.secondary" priority="11" numLanes="1" speed="27.78" disallow="tram rail_urban rail rail_electric rail_fast ship" oneway="0"/>
    <type id="highway.secondary_link" priority="6" numLanes="1" speed="22.22" disallow="tram rail_urban rail rail_electric rail_fast ship" oneway="0"/>
    <type id="highway.service" priority="1" numLanes="1" speed="5.56" allow="pedestrian delivery bicycle" oneway="0"/>
    <type id="highway.stairs" priority="1" numLanes="1" speed="1.39" allow="pedestrian" oneway="1" width="2.00"/>
    <type id="highway.step" priority="1" numLanes="1" speed="1.39" allow="pedestrian" oneway="1" width="2.00"/>
    <type id="highway.steps" priority="1" numLanes="1" speed="1.39" allow="pedestrian" oneway="1" width="2.00"/>
    <type id="highway.tertiary" priority="10" numLanes="1" speed="22.22" disallow="tram rail_urban rail rail_electric rail_fast ship" oneway="0"/>
    <type id="highway.tertiary_link" priority="5" numLanes="1" speed="22.22" disallow="tram rail_urban rail rail_electric rail_fast ship" oneway="0"/>
    <type id="highway.track" priority="1" numLanes="1" speed="5.56" allow="pedestrian motorcycle moped bicycle" oneway="0"/>
    <type id="highway.trunk" priority="13" numLanes="2" speed="27.78" disallow="pedestrian bicycle tram rail_urban rail rail_electric rail_fast ship" oneway="0"/>
    <type id="highway.trunk_link" priority="8" numLanes="1" speed="22.22" disallow="pedestrian bicycle tram rail_urban rail rail_electric rail_fast ship" oneway="0"/>
    <type id="highway.unclassified" priority="4" numLanes="1" speed="13.89" disallow="tram rail_urban rail rail_electric rail_fast ship" oneway="0"/>
    <type id="highway.unsurfaced" priority="1" numLanes="1" speed="8.33" disallow="tram rail_urban rail rail_electric rail_fast ship" oneway="0"/>
    <type id="railway.highspeed" priority="21" numLanes="1" speed="69.44" allow="rail_fast" oneway="1"/>
    <type id="railway.light_rail" priority="19" numLanes="1" speed="27.78" allow="rail_urban" oneway="1"/>
    <type id="railway.preserved" priority="16" numLanes="1" speed="27.78" allow="rail" oneway="1"/>
    <type id="railway.rail" priority="20" numLanes="1" speed="44.44" allow="rail" oneway="1"/>
    <type id="railway.subway" priority="18" numLanes="1" speed="27.78" allow="rail_urban" oneway="1"/>
    <type id="railway.tram" priority="17" numLanes="1" speed="13.89" allow="tram" oneway="1"/>

    <edge id=":244954947_0" function="internal">
        <lane id=":244954947_0_0" index="0" disallow="tram rail_urban rail rail_electric rail_fast ship" speed="8.37" length="4.49" shape="848.04,606.25 849.23,605.69 850.12,605.48 851.05,605.51 852.36,605.71"/>
    </edge>
    <edge id=":244954947_1" function="internal">
        <lane id=":244954947_1_0" index="0" disallow="tram rail_urban rail rail_electric rail_fast ship" speed="19.44" length="5.02" shape="846.56,603.41 848.02,602.83 849.11,602.64 850.18,602.42 851.59,601.75"/>
        <lane id=":244954947_1_1" index="1" disallow="tram rail_urban rail rail_electric rail_fast ship" speed="19.44" length="5.02" shape="845.09,600.57 846.49,600.02 847.54,599.85 848.57,599.65 849.93,599.02"/>
        <lane id=":244954947_1_2" index="2" disallow="tram rail_urban rail rail_electric rail_fast ship" speed="19.44" length="5.02" shape="843.61,597.74 844.96,597.21 845.97,597.06 846.97,596.88 848.27,596.28"/>
        <lane id=":244954947_1_3" index="3" disallow="tram rail_urban rail rail_electric rail_fast ship" speed="19.44" length="5.02" shape="842.13,594.90 843.42,594.40 844.40,594.27 845.36,594.11 846.61,593.54"/>
    </edge>
    <edge id=":4594224411_0" function="internal">
        <lane id=":4594224411_0_0" index="0" disallow="tram rail_urban rail rail_electric rail_fast ship" speed="10.64" length="7.93" shape="863.93,540.13 864.40,542.39 864.37,544.01 863.88,545.59 862.95,547.74"/>
    </edge>
    <edge id=":4594224411_1" function="internal">
        <lane id=":4594224411_1_0" index="0" disallow="tram rail_urban rail rail_electric rail_fast ship" speed="19.44" length="7.44" shape="867.02,539.32 867.22,541.42 866.84,542.89 866.42,544.38 866.54,546.49"/>
        <lane id=":4594224411_1_1" index="1" disallow="tram rail_urban rail rail_electric rail_fast ship" speed="19.44" length="7.44" shape="870.12,538.51 870.33,540.64 869.94,542.14 869.54,543.65 869.67,545.79"/>
        <lane id=":4594224411_1_2" index="2" disallow="tram rail_urban rail rail_electric rail_fast ship" speed="19.44" length="7.44" shape="873.21,537.70 873.43,539.86 873.05,541.38 872.65,542.91 872.79,545.08"/>
        <lane id=":4594224411_1_3" index="3" disallow="tram rail_urban rail rail_electric rail_fast ship" speed="19.44" length="7.44" shape="876.31,536.89 876.53,539.08 876.16,540.62 875.77,542.17 875.91,544.38"/>
    </edge>
    <edge id=":4594224412_0" function="internal">
        <lane id=":4594224412_0_0" index="0" disallow="tram rail_urban rail rail_electric rail_fast ship" speed="10.88" length="8.03" shape="887.09,517.08 885.10,515.74 883.65,514.79 882.58,513.58 881.75,511.46"/>
    </edge>
    <edge id=":4594224412_1" function="internal">
        <lane id=":4594224412_1_0" index="0" disallow="tram rail_urban rail rail_electric rail_fast ship" speed="19.44" length="8.05" shape="883.76,519.30 881.75,511.46"/>
        <lane id=":4594224412_1_1" index="1" disallow="tram rail_urban rail rail_electric rail_fast ship" speed="19.44" length="8.05" shape="880.66,520.11 878.66,512.31"/>
        <lane id=":4594224412_1_2" index="2" disallow="tram rail_urban rail rail_electric rail_fast ship" speed="19.44" length="8.05" shape="877.56,520.92 875.58,513.16"/>
    </edge>
    <edge id=":4594224417_0" function="internal">
        <lane id=":4594224417_0_0" index="0" disallow="tram rail_urban rail rail_electric rail_fast ship" speed="9.71" length="5.38" shape="914.39,526.42 913.05,527.23 912.01,527.56 910.89,527.62 909.29,527.62"/>
    </edge>
    <edge id=":4594224417_1" function="internal">
        <lane id=":4594224417_1_0" index="0" disallow="tram rail_urban rail rail_electric rail_fast ship" speed="19.44" length="5.47" shape="916.22,529.04 914.78,529.84 913.68,530.18 912.58,530.53 911.16,531.35"/>
        <lane id=":4594224417_1_1" index="1" disallow="tram rail_urban rail rail_electric rail_fast ship" speed="19.44" length="5.47" shape="918.05,531.67 916.63,532.46 915.53,532.79 914.44,533.13 913.04,533.94"/>
        <lane id=":4594224417_1_2" index="2" disallow="tram rail_urban rail rail_electric rail_fast ship" speed="19.44" length="5.47" shape="919.88,534.29 918.47,535.07 917.39,535.39 916.31,535.73 914.92,536.53"/>
        <lane id=":4594224417_1_3" index="3" disallow="tram rail_urban rail rail_electric rail_fast ship" speed="19.44" length="5.47" shape="921.71,536.91 920.32,537.69 919.25,538.00 918.18,538.32 916.80,539.12"/>
        <lane id=":4594224417_1_4" index="4" disallow="tram rail_urban rail rail_electric rail_fast ship" speed="19.44" length="5.47" shape="923.54,539.54 922.17,540.30 921.10,540.61 920.04,540.92 918.68,541.71"/>
    </edge>
    <edge id=":4594226906_0" function="internal">
        <lane id=":4594226906_0_0" index="0" disallow="tram rail_urban rail rail_electric rail_fast ship" speed="12.81" length="15.12" shape="877.79,613.46 880.74,615.39 883.25,617.56 885.26,620.56 886.75,624.98"/>
    </edge>
    <edge id=":4594226906_1" function="internal">
        <lane id=":4594226906_1_0" index="0" disallow="tram rail_urban rail rail_electric rail_fast ship" speed="19.44" length="15.28" shape="883.01,610.25 886.75,624.98"/>
        <lane id=":4594226906_1_1" index="1" disallow="tram rail_urban rail rail_electric rail_fast ship" speed="19.44" length="15.28" shape="886.11,609.47 889.87,624.28"/>
        <lane id=":4594226906_1_2" index="2" disallow="tram rail_urban rail rail_electric rail_fast ship" speed="19.44" length="15.28" shape="889.22,608.70 892.99,623.58"/>
    </edge>
    <edge id=":4594226907_0" function="internal">
        <lane id=":4594226907_0_0" index="0" disallow="tram rail_urban rail rail_electric rail_fast ship" speed="16.66" length="15.21" shape="852.95,568.50 851.40,571.65 849.82,574.57 847.47,577.35 843.60,580.08"/>
    </edge>
    <edge id=":4594226907_1" function="internal">
        <lane id=":4594226907_1_0" index="0" disallow="tram rail_urban rail rail_electric rail_fast ship" speed="19.44" length="15.39" shape="856.62,572.09 843.60,580.08"/>
        <lane id=":4594226907_1_1" index="1" disallow="tram rail_urban rail rail_electric rail_fast ship" speed="19.44" length="15.39" shape="858.29,574.82 845.17,582.87"/>
        <lane id=":4594226907_1_2" index="2" disallow="tram rail_urban rail rail_electric rail_fast ship" speed="19.44" length="15.39" shape="859.95,577.55 846.73,585.66"/>
    </edge>
    <edge id=":4600384361_0" function="internal">
        <lane id=":4600384361_0_0" index="0" disallow="tram rail_urban rail rail_electric rail_fast ship" speed="16.66" length="16.67" shape="915.54,562.09 917.31,558.96 919.10,555.83 921.63,552.56 925.62,549.02"/>
    </edge>
    <edge id=":4600384361_1" function="internal">
        <lane id=":4600384361_1_0" index="0" disallow="tram rail_urban rail rail_electric rail_fast ship" speed="19.44" length="16.73" shape="912.14,558.95 925.62,549.02"/>
        <lane id=":4600384361_1_1" index="1" disallow="tram rail_urban rail rail_electric rail_fast ship" speed="19.44" length="16.73" shape="910.23,556.38 923.70,546.46"/>
        <lane id=":4600384361_1_2" index="2" disallow="tram rail_urban rail rail_electric rail_fast ship" speed="19.44" length="16.73" shape="908.31,553.82 921.77,543.90"/>
    </edge>
    <edge id=":4600384364_0" function="internal">
        <lane id=":4600384364_0_0" index="0" disallow="tram rail_urban rail rail_electric rail_fast ship" speed="14.21" length="7.93" shape="905.73,595.07 905.33,592.81 905.47,591.22 905.95,589.62 906.59,587.34"/>
    </edge>
    <edge id=":4600384364_1" function="internal">
        <lane id=":4600384364_1_0" index="0" disallow="tram rail_urban rail rail_electric rail_fast ship" speed="19.44" length="8.85" shape="902.64,595.89 902.34,593.40 902.67,591.63 903.03,589.86 902.81,587.35"/>
        <lane id=":4600384364_1_1" index="1" disallow="tram rail_urban rail rail_electric rail_fast ship" speed="19.44" length="8.85" shape="899.55,596.71 899.24,594.19 899.56,592.40 899.91,590.60 899.69,588.06"/>
        <lane id=":4600384364_1_2" index="2" disallow="tram rail_urban rail rail_electric rail_fast ship" speed="19.44" length="8.85" shape="896.45,597.53 896.13,594.97 896.45,593.16 896.80,591.34 896.57,588.77"/>
        <lane id=":4600384364_1_3" index="3" disallow="tram rail_urban rail rail_electric rail_fast ship" speed="19.44" length="8.85" shape="893.36,598.35 893.03,595.76 893.35,593.93 893.69,592.09 893.45,589.48"/>
        <lane id=":4600384364_1_4" index="4" disallow="tram rail_urban rail rail_electric rail_fast ship" speed="19.44" length="8.85" shape="890.27,599.16 889.93,596.55 890.24,594.69 890.58,592.83 890.33,590.19"/>
    </edge>
    <edge id=":5892451188_0" function="internal">
        <lane id=":5892451188_0_0" index="0" disallow="tram rail_urban rail rail_electric rail_fast ship" speed="19.44" length="8.17" shape="957.05,498.49 955.01,499.67 953.42,500.14 951.83,500.59 949.76,501.73"/>
        <lane id=":5892451188_0_1" index="1" disallow="tram rail_urban rail rail_electric rail_fast ship" speed="19.44" length="8.17" shape="957.05,498.49 955.29,500.08 954.34,501.45 953.38,502.80 951.59,504.36"/>
        <lane id=":5892451188_0_2" index="2" disallow="tram rail_urban rail rail_electric rail_fast ship" speed="19.44" length="8.17" shape="958.94,501.07 957.17,502.68 956.20,504.05 955.23,505.42 953.42,506.98"/>
        <lane id=":5892451188_0_3" index="3" disallow="tram rail_urban rail rail_electric rail_fast ship" speed="19.44" length="8.17" shape="960.83,503.66 959.04,505.27 958.06,506.66 957.07,508.03 955.26,509.60"/>
        <lane id=":5892451188_0_4" index="4" disallow="tram rail_urban rail rail_electric rail_fast ship" speed="19.44" length="8.17" shape="962.72,506.24 960.91,507.87 959.92,509.26 958.92,510.64 957.09,512.23"/>
        <lane id=":5892451188_0_5" index="5" disallow="tram rail_urban rail rail_electric rail_fast ship" speed="19.44" length="8.17" shape="964.61,508.82 962.79,510.46 961.78,511.86 960.77,513.25 958.92,514.85"/>
    </edge>
    <edge id=":6246468946_0" function="internal">
        <lane id=":6246468946_0_0" index="0" disallow="tram rail_urban rail rail_electric rail_fast ship" speed="19.44" length="7.32" shape="792.05,631.21 794.47,630.89 796.27,631.36 798.03,631.74 800.32,631.11"/>
        <lane id=":6246468946_0_1" index="1" disallow="tram rail_urban rail rail_electric rail_fast ship" speed="19.44" length="7.32" shape="792.05,631.21 794.12,630.47 795.53,629.92 796.89,629.28 798.84,628.27"/>
        <lane id=":6246468946_0_2" index="2" disallow="tram rail_urban rail rail_electric rail_fast ship" speed="19.44" length="7.32" shape="791.00,628.19 792.94,627.50 794.25,626.98 795.53,626.38 797.37,625.43"/>
        <lane id=":6246468946_0_3" index="3" disallow="tram rail_urban rail rail_electric rail_fast ship" speed="19.44" length="7.32" shape="789.94,625.17 791.76,624.52 792.98,624.04 794.18,623.48 795.89,622.59"/>
        <lane id=":6246468946_0_4" index="4" disallow="tram rail_urban rail rail_electric rail_fast ship" speed="19.44" length="7.32" shape="789.94,625.17 791.60,624.06 792.25,622.64 792.86,621.12 794.41,619.76"/>
    </edge>
    <edge id=":cluster_244316748_244316749_244316873_244316945_0" function="internal">
        <lane id=":cluster_244316748_244316749_244316873_244316945_0_0" index="0" disallow="tram rail_urban rail rail_electric rail_fast ship" speed="19.44" length="45.56" shape="895.96,542.47 860.16,569.93"/>
        <lane id=":cluster_244316748_244316749_244316873_244316945_0_1" index="1" disallow="tram rail_urban rail rail_electric rail_fast ship" speed="19.44" length="45.56" shape="897.96,544.98 861.79,572.69"/>
        <lane id=":cluster_244316748_244316749_244316873_244316945_0_2" index="2" disallow="tram rail_urban rail rail_electric rail_fast ship" speed="19.44" length="45.56" shape="899.95,547.49 863.42,575.44"/>
    </edge>
    <edge id=":cluster_244316748_244316749_244316873_244316945_3" function="internal">
        <lane id=":cluster_244316748_244316749_244316873_244316945_3_0" index="0" disallow="tram rail_urban rail rail_electric rail_fast ship" speed="17.26" length="49.22" shape="901.95,549.99 890.94,559.72 883.88,569.89 880.77,580.50 881.62,591.56"/>
        <lane id=":cluster_244316748_244316749_244316873_244316945_3_1" index="1" disallow="tram rail_urban rail rail_electric rail_fast ship" speed="16.61" length="45.55" shape="903.94,552.50 893.61,561.57 886.97,570.98 884.01,580.72 884.73,590.79"/>
    </edge>
    <edge id=":cluster_244316748_244316749_244316873_244316945_5" function="internal">
        <lane id=":cluster_244316748_244316749_244316873_244316945_5_0" index="0" disallow="tram rail_urban rail rail_electric rail_fast ship" speed="3.82" length="5.34" shape="903.94,552.50 903.44,554.07 903.65,555.07 904.58,555.50 906.22,555.36"/>
    </edge>
    <edge id=":cluster_244316748_244316749_244316873_244316945_6" function="internal">
        <lane id=":cluster_244316748_244316749_244316873_244316945_6_0" index="0" disallow="tram rail_urban rail rail_electric rail_fast ship" speed="19.44" length="48.26" shape="902.59,586.39 889.17,540.08"/>
        <lane id=":cluster_244316748_244316749_244316873_244316945_6_1" index="1" disallow="tram rail_urban rail rail_electric rail_fast ship" speed="19.44" length="48.26" shape="899.48,587.15 886.05,540.80"/>
        <lane id=":cluster_244316748_244316749_244316873_244316945_6_2" index="2" disallow="tram rail_urban rail rail_electric rail_fast ship" speed="19.44" length="48.26" shape="896.37,587.92 882.93,541.52"/>
    </edge>
    <edge id=":cluster_244316748_244316749_244316873_244316945_9" function="internal">
        <lane id=":cluster_244316748_244316749_244316873_244316945_9_0" index="0" disallow="tram rail_urban rail rail_electric rail_fast ship" speed="12.33" length="43.83" shape="893.26,588.69 888.86,576.68 882.17,569.68 873.16,568.19 861.79,572.69"/>
        <lane id=":cluster_244316748_244316749_244316873_244316945_9_1" index="1" disallow="tram rail_urban rail rail_electric rail_fast ship" speed="11.43" length="37.47" shape="890.16,589.45 886.42,579.14 880.76,573.04 873.11,571.65 863.42,575.44"/>
    </edge>
    <edge id=":cluster_244316748_244316749_244316873_244316945_11" function="internal">
        <lane id=":cluster_244316748_244316749_244316873_244316945_11_0" index="0" disallow="tram rail_urban rail rail_electric rail_fast ship" speed="4.48" length="8.17" shape="890.16,589.45 888.30,587.75 886.77,587.41 885.58,588.42 884.73,590.79"/>
    </edge>
    <edge id=":cluster_244316748_244316749_244316873_244316945_12" function="internal">
        <lane id=":cluster_244316748_244316749_244316873_244316945_12_0" index="0" disallow="tram rail_urban rail rail_electric rail_fast ship" speed="19.44" length="47.86" shape="871.75,589.51 883.29,581.86 892.88,574.41 901.51,567.22 910.21,560.37"/>
        <lane id=":cluster_244316748_244316749_244316873_244316945_12_1" index="1" disallow="tram rail_urban rail rail_electric rail_fast ship" speed="19.44" length="47.86" shape="870.12,586.76 881.60,579.15 891.06,571.78 899.58,564.68 908.22,557.86"/>
        <lane id=":cluster_244316748_244316749_244316873_244316945_12_2" index="2" disallow="tram rail_urban rail rail_electric rail_fast ship" speed="19.44" length="47.86" shape="868.49,584.00 879.92,576.43 889.25,569.15 897.64,562.13 906.22,555.36"/>
    </edge>
    <edge id=":cluster_244316748_244316749_244316873_244316945_15" function="internal">
        <lane id=":cluster_244316748_244316749_244316873_244316945_15_0" index="0" disallow="tram rail_urban rail rail_electric rail_fast ship" speed="16.27" length="48.41" shape="866.86,581.25 877.70,572.93 884.51,563.42 887.30,552.71 886.05,540.80"/>
        <lane id=":cluster_244316748_244316749_244316873_244316945_15_1" index="1" disallow="tram rail_urban rail rail_electric rail_fast ship" speed="15.93" length="46.37" shape="866.86,581.25 876.43,573.62 882.30,564.46 884.47,553.76 882.93,541.52"/>
    </edge>
    <edge id=":cluster_244316748_244316749_244316873_244316945_17" function="internal">
        <lane id=":cluster_244316748_244316749_244316873_244316945_17_0" index="0" disallow="tram rail_urban rail rail_electric rail_fast ship" speed="4.82" length="9.86" shape="866.86,581.25 868.18,578.51 868.04,576.63 866.46,575.60 863.42,575.44"/>
    </edge>
    <edge id=":cluster_244316748_244316749_244316873_244316945_18" function="internal">
        <lane id=":cluster_244316748_244316749_244316873_244316945_18_0" index="0" disallow="tram rail_urban rail rail_electric rail_fast ship" speed="19.44" length="47.11" shape="866.59,546.69 878.52,592.33"/>
        <lane id=":cluster_244316748_244316749_244316873_244316945_18_1" index="1" disallow="tram rail_urban rail rail_electric rail_fast ship" speed="19.44" length="47.11" shape="869.71,545.98 881.62,591.56"/>
        <lane id=":cluster_244316748_244316749_244316873_244316945_18_2" index="2" disallow="tram rail_urban rail rail_electric rail_fast ship" speed="19.44" length="47.11" shape="872.83,545.28 884.73,590.79"/>
    </edge>
    <edge id=":cluster_244316748_244316749_244316873_244316945_21" function="internal">
        <lane id=":cluster_244316748_244316749_244316873_244316945_21_0" index="0" disallow="tram rail_urban rail rail_electric rail_fast ship" speed="12.01" length="43.91" shape="875.95,544.57 880.55,556.25 887.79,562.62 897.17,563.29 908.22,557.86"/>
        <lane id=":cluster_244316748_244316749_244316873_244316945_21_1" index="1" disallow="tram rail_urban rail rail_electric rail_fast ship" speed="11.54" length="40.44" shape="875.95,544.57 880.27,555.10 887.13,560.47 895.96,560.58 906.22,555.36"/>
    </edge>
    <edge id=":cluster_244316748_244316749_244316873_244316945_23" function="internal">
        <lane id=":cluster_244316748_244316749_244316873_244316945_23_0" index="0" disallow="tram rail_urban rail rail_electric rail_fast ship" speed="5.09" length="11.13" shape="875.95,544.57 878.84,546.43 880.97,546.54 882.33,544.90 882.93,541.52"/>
    </edge>

    <edge id="22789224" from="4600384361" to="244895680" name="Yishun Avenue 1" priority="12" type="highway.primary" spreadType="center" shape="927.00,543.98 1026.50,469.33 1189.20,355.10 1310.72,289.74 1431.33,243.16">
        <lane id="22789224_0" index="0" disallow="tram rail_urban rail rail_electric rail_fast ship" speed="19.44" length="594.59" shape="925.62,549.02 1028.38,471.92 1190.88,357.83 1312.06,292.65 1432.48,246.15">
            <param key="origId" value="22789224"/>
        </lane>
        <lane id="22789224_1" index="1" disallow="tram rail_urban rail rail_electric rail_fast ship" speed="19.44" length="594.59" shape="923.70,546.46 1026.50,469.33 1189.20,355.10 1310.72,289.74 1431.33,243.16">
            <param key="origId" value="22789224"/>
        </lane>
        <lane id="22789224_2" index="2" disallow="tram rail_urban rail rail_electric rail_fast ship" speed="19.44" length="594.59" shape="921.77,543.90 1024.62,466.74 1187.52,352.37 1309.38,286.83 1430.18,240.17">
            <param key="origId" value="22789224"/>
        </lane>
    </edge>
    <edge id="464289056" from="244954947" to="4594226906" priority="7" type="highway.primary_link" spreadType="center" shape="839.22,603.63 854.80,606.10 861.39,607.26 867.57,608.75 873.91,610.99 881.82,616.03 890.24,625.94">
        <lane id="464289056_0" index="0" disallow="tram rail_urban rail rail_electric rail_fast ship" speed="13.89" length="26.84" shape="852.36,605.71 854.80,606.10 861.39,607.26 867.57,608.75 873.91,610.99 877.79,613.46">
            <param key="origId" value="464289056"/>
        </lane>
    </edge>
    <edge id="464289057" from="4594224411" to="4594226907" priority="7" type="highway.primary_link" spreadType="center" shape="867.53,528.61 863.18,547.21 858.08,559.04 851.67,570.86 844.17,583.43">
        <lane id="464289057_0" index="0" disallow="tram rail_urban rail rail_electric rail_fast ship" speed="13.89" length="23.06" shape="862.95,547.74 858.08,559.04 852.95,568.50">
            <param key="origId" value="464289057"/>
        </lane>
    </edge>
    <edge id="464289058" from="4594224417" to="4594224412" priority="7" type="highway.primary_link" spreadType="center" shape="940.37,518.04 917.92,527.46 907.45,527.65 898.94,525.65 890.87,519.97 878.08,510.21">
        <lane id="464289058_0" index="0" disallow="tram rail_urban rail rail_electric rail_fast ship" speed="13.89" length="25.21" shape="909.29,527.62 907.45,527.65 898.94,525.65 890.87,519.97 887.09,517.08">
            <param key="origId" value="464289058"/>
        </lane>
    </edge>
    <edge id="465004143" from="4600384364" to="4600384361" priority="7" type="highway.primary_link" spreadType="center" shape="901.42,610.05 907.60,582.92 914.75,563.34 927.00,543.98">
        <lane id="465004143_0" index="0" disallow="tram rail_urban rail rail_electric rail_fast ship" speed="13.89" length="26.86" shape="906.59,587.34 907.60,582.92 914.75,563.34 915.54,562.09">
            <param key="origId" value="465004143"/>
        </lane>
    </edge>
    <edge id="480657117#0" from="4594224411" to="cluster_244316748_244316749_244316873_244316945" name="Sembawang Road" priority="12" type="highway.primary" spreadType="center" shape="867.53,528.61 873.76,556.97 875.41,564.62">
        <lane id="480657117#0_0" index="0" disallow="tram rail_urban rail rail_electric rail_fast ship" speed="19.44" length="0.20" shape="866.54,546.49 866.59,546.69">
            <param key="origId" value="480657117"/>
        </lane>
        <lane id="480657117#0_1" index="1" disallow="tram rail_urban rail rail_electric rail_fast ship" speed="19.44" length="0.20" shape="869.67,545.79 869.71,545.98">
            <param key="origId" value="480657117"/>
        </lane>
        <lane id="480657117#0_2" index="2" disallow="tram rail_urban rail rail_electric rail_fast ship" speed="19.44" length="0.20" shape="872.79,545.08 872.83,545.28">
            <param key="origId" value="480657117"/>
        </lane>
        <lane id="480657117#0_3" index="3" disallow="tram rail_urban rail rail_electric rail_fast ship" speed="19.44" length="0.20" shape="875.91,544.38 875.95,544.57">
            <param key="origId" value="480657117"/>
        </lane>
        <param key="origTo" value="244316748"/>
    </edge>
    <edge id="480657118" from="4736301943" to="4594224411" name="Sembawang Road" priority="12" type="highway.primary" spreadType="center">
        <lane id="480657118_0" index="0" disallow="tram rail_urban rail rail_electric rail_fast ship" speed="19.44" length="67.17" shape="846.94,475.15 863.93,540.13">
            <param key="origId" value="480657118"/>
        </lane>
        <lane id="480657118_1" index="1" disallow="tram rail_urban rail rail_electric rail_fast ship" speed="19.44" length="67.17" shape="850.03,474.34 867.02,539.32">
            <param key="origId" value="480657118"/>
        </lane>
        <lane id="480657118_2" index="2" disallow="tram rail_urban rail rail_electric rail_fast ship" speed="19.44" length="67.17" shape="853.13,473.53 870.12,538.51">
            <param key="origId" value="480657118"/>
        </lane>
        <lane id="480657118_3" index="3" disallow="tram rail_urban rail rail_electric rail_fast ship" speed="19.44" length="67.17" shape="856.23,472.72 873.21,537.70">
            <param key="origId" value="480657118"/>
        </lane>
        <lane id="480657118_4" index="4" disallow="tram rail_urban rail rail_electric rail_fast ship" speed="19.44" length="67.17" shape="859.32,471.91 876.31,536.89">
            <param key="origId" value="480657118"/>
        </lane>
    </edge>
    <edge id="481619880" from="4594226907" to="244955078" name="Mandai Avenue" priority="12" type="highway.primary" spreadType="center" shape="844.17,583.43 790.12,613.76 719.27,638.51 637.13,652.45 555.56,651.33 429.62,630.67 181.33,585.82 76.78,576.76">
        <lane id="481619880_0" index="0" disallow="tram rail_urban rail rail_electric rail_fast ship" speed="19.44" length="787.94" shape="843.60,580.08 788.80,610.83 718.47,635.40 636.88,649.25 555.84,648.13 430.16,627.52 181.75,582.64 77.06,573.57">
            <param key="origId" value="481619880"/>
        </lane>
        <lane id="481619880_1" index="1" disallow="tram rail_urban rail rail_electric rail_fast ship" speed="19.44" length="787.94" shape="845.17,582.87 790.12,613.76 719.27,638.51 637.13,652.45 555.56,651.33 429.62,630.67 181.33,585.82 76.78,576.76">
            <param key="origId" value="481619880"/>
        </lane>
        <lane id="481619880_2" index="2" disallow="tram rail_urban rail rail_electric rail_fast ship" speed="19.44" length="787.94" shape="846.73,585.66 791.44,616.69 720.07,641.62 637.38,655.65 555.28,654.53 429.08,633.82 180.91,589.00 76.50,579.95">
            <param key="origId" value="481619880"/>
        </lane>
    </edge>
    <edge id="481619881" from="4594224417" to="cluster_244316748_244316749_244316873_244316945" name="Yishun Avenue 1" priority="12" type="highway.primary" spreadType="center" shape="940.37,518.04 914.25,537.02 894.44,551.52 889.53,554.99">
        <lane id="481619881_0" index="0" disallow="tram rail_urban rail rail_electric rail_fast ship" speed="19.44" length="18.55" shape="911.16,531.35 910.48,531.85 895.96,542.47">
            <param key="origId" value="481619881 630449509 630449509"/>
        </lane>
        <lane id="481619881_1" index="1" disallow="tram rail_urban rail rail_electric rail_fast ship" speed="19.44" length="18.55" shape="913.04,533.94 912.37,534.43 897.96,544.98">
            <param key="origId" value="481619881 630449509 630449509"/>
        </lane>
        <lane id="481619881_2" index="2" disallow="tram rail_urban rail rail_electric rail_fast ship" speed="19.44" length="18.55" shape="914.92,536.53 914.25,537.02 899.95,547.49">
            <param key="origId" value="481619881 630449509 630449509"/>
        </lane>
        <lane id="481619881_3" index="3" disallow="tram rail_urban rail rail_electric rail_fast ship" speed="19.44" length="18.55" shape="916.80,539.12 916.13,539.61 901.95,549.99">
            <param key="origId" value="481619881 630449509 630449509"/>
        </lane>
        <lane id="481619881_4" index="4" disallow="tram rail_urban rail rail_electric rail_fast ship" speed="19.44" length="18.55" shape="918.68,541.71 918.02,542.19 903.94,552.50">
            <param key="origId" value="481619881 630449509 630449509"/>
        </lane>
        <param key="origTo" value="244316873"/>
    </edge>
    <edge id="481619882" from="4745269785" to="4600384364" name="Sembawang Road" priority="12" type="highway.primary" spreadType="center">
        <lane id="481619882_0" index="0" disallow="tram rail_urban rail rail_electric rail_fast ship" speed="19.44" length="64.75" shape="922.29,657.67 905.73,595.07">
            <param key="origId" value="481619882"/>
        </lane>
        <lane id="481619882_1" index="1" disallow="tram rail_urban rail rail_electric rail_fast ship" speed="19.44" length="64.75" shape="919.20,658.49 902.64,595.89">
            <param key="origId" value="481619882"/>
        </lane>
        <lane id="481619882_2" index="2" disallow="tram rail_urban rail rail_electric rail_fast ship" speed="19.44" length="64.75" shape="916.11,659.31 899.55,596.71">
            <param key="origId" value="481619882"/>
        </lane>
        <lane id="481619882_3" index="3" disallow="tram rail_urban rail rail_electric rail_fast ship" speed="19.44" length="64.75" shape="913.01,660.13 896.45,597.53">
            <param key="origId" value="481619882"/>
        </lane>
        <lane id="481619882_4" index="4" disallow="tram rail_urban rail rail_electric rail_fast ship" speed="19.44" length="64.75" shape="909.92,660.95 893.36,598.35">
            <param key="origId" value="481619882"/>
        </lane>
        <lane id="481619882_5" index="5" disallow="tram rail_urban rail rail_electric rail_fast ship" speed="19.44" length="64.75" shape="906.83,661.77 890.27,599.16">
            <param key="origId" value="481619882"/>
        </lane>
    </edge>
    <edge id="481628407#0" from="244954947" to="cluster_244316748_244316749_244316873_244316945" name="Mandai Avenue" priority="12" type="highway.primary" spreadType="center" shape="839.22,603.63 862.39,589.60 866.77,586.90 878.68,579.75">
        <lane id="481628407#0_0" index="0" disallow="tram rail_urban rail rail_electric rail_fast ship" speed="19.44" length="23.63" shape="851.59,601.75 864.88,593.70 869.26,591.00 871.75,589.51">
            <param key="origId" value="481628407"/>
        </lane>
        <lane id="481628407#0_1" index="1" disallow="tram rail_urban rail rail_electric rail_fast ship" speed="19.44" length="23.63" shape="849.93,599.02 863.22,590.97 867.60,588.27 870.12,586.76">
            <param key="origId" value="481628407"/>
        </lane>
        <lane id="481628407#0_2" index="2" disallow="tram rail_urban rail rail_electric rail_fast ship" speed="19.44" length="23.63" shape="848.27,596.28 861.56,588.23 865.94,585.53 868.49,584.00">
            <param key="origId" value="481628407"/>
        </lane>
        <lane id="481628407#0_3" index="3" disallow="tram rail_urban rail rail_electric rail_fast ship" speed="19.44" length="23.63" shape="846.61,593.54 859.90,585.50 864.28,582.80 866.86,581.25">
            <param key="origId" value="481628407"/>
        </lane>
        <param key="origTo" value="244316749"/>
    </edge>
    <edge id="592153131" from="4594226906" to="3191576775" name="Sembawang Road" priority="12" type="highway.primary" spreadType="center">
        <lane id="592153131_0" index="0" disallow="tram rail_urban rail rail_electric rail_fast ship" speed="19.44" length="39.83" shape="886.75,624.98 895.47,663.84">
            <param key="origId" value="592153131"/>
        </lane>
        <lane id="592153131_1" index="1" disallow="tram rail_urban rail rail_electric rail_fast ship" speed="19.44" length="39.83" shape="889.87,624.28 898.59,663.14">
            <param key="origId" value="592153131"/>
        </lane>
        <lane id="592153131_2" index="2" disallow="tram rail_urban rail rail_electric rail_fast ship" speed="19.44" length="39.83" shape="892.99,623.58 901.71,662.44">
            <param key="origId" value="592153131"/>
        </lane>
    </edge>
    <edge id="624029413#0" from="cluster_244316748_244316749_244316873_244316945" to="4600384361" name="Yishun Avenue 1" priority="12" type="highway.primary" spreadType="center" shape="892.28,569.89 897.46,565.77 921.86,547.83 927.00,543.98">
        <lane id="624029413#0_0" index="0" disallow="tram rail_urban rail rail_electric rail_fast ship" speed="19.44" length="2.49" shape="910.21,560.37 912.14,558.95">
            <param key="origId" value="624029413 624029413 630449510"/>
        </lane>
        <lane id="624029413#0_1" index="1" disallow="tram rail_urban rail rail_electric rail_fast ship" speed="19.44" length="2.49" shape="908.22,557.86 910.23,556.38">
            <param key="origId" value="624029413 624029413 630449510"/>
        </lane>
        <lane id="624029413#0_2" index="2" disallow="tram rail_urban rail rail_electric rail_fast ship" speed="19.44" length="2.49" shape="906.22,555.36 908.31,553.82">
            <param key="origId" value="624029413 624029413 630449510"/>
        </lane>
        <param key="origFrom" value="244316945"/>
    </edge>
    <edge id="624029414#0" from="cluster_244316748_244316749_244316873_244316945" to="4594226907" name="Mandai Avenue" priority="12" type="highway.primary" spreadType="center" shape="875.41,564.62 862.11,572.49 844.17,583.43">
        <lane id="624029414#0_0" index="0" disallow="tram rail_urban rail rail_electric rail_fast ship" speed="19.44" length="4.10" shape="860.16,569.93 856.62,572.09">
            <param key="origId" value="624029414"/>
        </lane>
        <lane id="624029414#0_1" index="1" disallow="tram rail_urban rail rail_electric rail_fast ship" speed="19.44" length="4.10" shape="861.79,572.69 858.29,574.82">
            <param key="origId" value="624029414"/>
        </lane>
        <lane id="624029414#0_2" index="2" disallow="tram rail_urban rail rail_electric rail_fast ship" speed="19.44" length="4.10" shape="863.42,575.44 859.95,577.55">
            <param key="origId" value="624029414"/>
        </lane>
        <param key="origFrom" value="244316748"/>
    </edge>
    <edge id="624029415#0" from="cluster_244316748_244316749_244316873_244316945" to="4594224412" name="Sembawang Road" priority="12" type="highway.primary" spreadType="center" shape="889.53,554.99 887.76,547.36 878.08,510.21">
        <lane id="624029415#0_0" index="0" disallow="tram rail_urban rail rail_electric rail_fast ship" speed="19.44" length="21.38" shape="889.17,540.08 883.76,519.30">
            <param key="origId" value="624029415"/>
        </lane>
        <lane id="624029415#0_1" index="1" disallow="tram rail_urban rail rail_electric rail_fast ship" speed="19.44" length="21.38" shape="886.05,540.80 880.66,520.11">
            <param key="origId" value="624029415"/>
        </lane>
        <lane id="624029415#0_2" index="2" disallow="tram rail_urban rail rail_electric rail_fast ship" speed="19.44" length="21.38" shape="882.93,541.52 877.56,520.92">
            <param key="origId" value="624029415"/>
        </lane>
        <param key="origFrom" value="244316873"/>
    </edge>
    <edge id="624029416#0" from="4600384364" to="cluster_244316748_244316749_244316873_244316945" name="Sembawang Road" priority="12" type="highway.primary" spreadType="center" shape="901.42,610.05 893.66,576.03 892.28,569.89">
        <lane id="624029416#0_0" index="0" disallow="tram rail_urban rail rail_electric rail_fast ship" speed="19.44" length="0.87" shape="902.81,587.35 902.59,586.39">
            <param key="origId" value="624029416"/>
        </lane>
        <lane id="624029416#0_1" index="1" disallow="tram rail_urban rail rail_electric rail_fast ship" speed="19.44" length="0.87" shape="899.69,588.06 899.48,587.15">
            <param key="origId" value="624029416"/>
        </lane>
        <lane id="624029416#0_2" index="2" disallow="tram rail_urban rail rail_electric rail_fast ship" speed="19.44" length="0.87" shape="896.57,588.77 896.37,587.92">
            <param key="origId" value="624029416"/>
        </lane>
        <lane id="624029416#0_3" index="3" disallow="tram rail_urban rail rail_electric rail_fast ship" speed="19.44" length="0.87" shape="893.45,589.48 893.26,588.69">
            <param key="origId" value="624029416"/>
        </lane>
        <lane id="624029416#0_4" index="4" disallow="tram rail_urban rail rail_electric rail_fast ship" speed="19.44" length="0.87" shape="890.33,590.19 890.16,589.45">
            <param key="origId" value="624029416"/>
        </lane>
        <param key="origTo" value="244316945"/>
    </edge>
    <edge id="624029417" from="5892451188" to="4594224417" name="Yishun Avenue 1" priority="12" type="highway.primary" spreadType="center">
        <lane id="624029417_0" index="0" disallow="tram rail_urban rail rail_electric rail_fast ship" speed="19.44" length="43.14" shape="949.76,501.73 914.39,526.42">
            <param key="origId" value="624029417"/>
        </lane>
        <lane id="624029417_1" index="1" disallow="tram rail_urban rail rail_electric rail_fast ship" speed="19.44" length="43.14" shape="951.59,504.36 916.22,529.04">
            <param key="origId" value="624029417"/>
        </lane>
        <lane id="624029417_2" index="2" disallow="tram rail_urban rail rail_electric rail_fast ship" speed="19.44" length="43.14" shape="953.42,506.98 918.05,531.67">
            <param key="origId" value="624029417"/>
        </lane>
        <lane id="624029417_3" index="3" disallow="tram rail_urban rail rail_electric rail_fast ship" speed="19.44" length="43.14" shape="955.26,509.60 919.88,534.29">
            <param key="origId" value="624029417"/>
        </lane>
        <lane id="624029417_4" index="4" disallow="tram rail_urban rail rail_electric rail_fast ship" speed="19.44" length="43.14" shape="957.09,512.23 921.71,536.91">
            <param key="origId" value="624029417"/>
        </lane>
        <lane id="624029417_5" index="5" disallow="tram rail_urban rail rail_electric rail_fast ship" speed="19.44" length="43.14" shape="958.92,514.85 923.54,539.54">
            <param key="origId" value="624029417"/>
        </lane>
    </edge>
    <edge id="624029418" from="5892451189" to="5892451188" name="Yishun Avenue 1" priority="12" type="highway.primary" spreadType="center">
        <lane id="624029418_0" index="0" disallow="tram rail_urban rail rail_electric rail_fast ship" speed="19.44" length="22.63" shape="975.31,485.13 957.05,498.49">
            <param key="origId" value="624029418"/>
        </lane>
        <lane id="624029418_1" index="1" disallow="tram rail_urban rail rail_electric rail_fast ship" speed="19.44" length="22.63" shape="977.20,487.71 958.94,501.07">
            <param key="origId" value="624029418"/>
        </lane>
        <lane id="624029418_2" index="2" disallow="tram rail_urban rail rail_electric rail_fast ship" speed="19.44" length="22.63" shape="979.09,490.29 960.83,503.66">
            <param key="origId" value="624029418"/>
        </lane>
        <lane id="624029418_3" index="3" disallow="tram rail_urban rail rail_electric rail_fast ship" speed="19.44" length="22.63" shape="980.98,492.87 962.72,506.24">
            <param key="origId" value="624029418"/>
        </lane>
        <lane id="624029418_4" index="4" disallow="tram rail_urban rail rail_electric rail_fast ship" speed="19.44" length="22.63" shape="982.87,495.45 964.61,508.82">
            <param key="origId" value="624029418"/>
        </lane>
    </edge>
    <edge id="640264270" from="244954849" to="6246468946" name="Mandai Avenue" priority="12" type="highway.primary" spreadType="center" shape="0.00,597.53 77.98,591.06 188.67,602.28 435.73,646.73 563.32,662.88 644.89,663.99 727.03,650.06 779.81,632.09 794.28,627.04">
        <lane id="640264270_0" index="0" disallow="tram rail_urban rail rail_electric rail_fast ship" speed="19.44" length="801.63" shape="0.26,600.72 77.95,594.27 188.22,605.45 435.25,649.89 563.10,666.08 645.14,667.19 727.82,653.17 780.85,635.12 792.05,631.21">
            <param key="origId" value="640264270"/>
        </lane>
        <lane id="640264270_1" index="1" disallow="tram rail_urban rail rail_electric rail_fast ship" speed="19.44" length="801.63" shape="-0.00,597.53 77.98,591.06 188.67,602.28 435.73,646.73 563.32,662.88 644.89,663.99 727.03,650.06 779.81,632.09 791.00,628.19">
            <param key="origId" value="640264270"/>
        </lane>
        <lane id="640264270_2" index="2" disallow="tram rail_urban rail rail_electric rail_fast ship" speed="19.44" length="801.63" shape="-0.26,594.34 78.01,587.85 189.12,599.11 436.21,643.57 563.54,659.68 644.64,660.79 726.24,646.95 778.77,629.06 789.94,625.17">
            <param key="origId" value="640264270"/>
        </lane>
    </edge>
    <edge id="667135899" from="6246468946" to="244954947" name="Mandai Avenue" priority="12" type="highway.primary" spreadType="center">
        <lane id="667135899_0" index="0" disallow="tram rail_urban rail rail_electric rail_fast ship" speed="19.44" length="53.81" shape="800.32,631.11 848.04,606.25">
            <param key="origId" value="667135899"/>
        </lane>
        <lane id="667135899_1" index="1" disallow="tram rail_urban rail rail_electric rail_fast ship" speed="19.44" length="53.81" shape="798.84,628.27 846.56,603.41">
            <param key="origId" value="667135899"/>
        </lane>
        <lane id="667135899_2" index="2" disallow="tram rail_urban rail rail_electric rail_fast ship" speed="19.44" length="53.81" shape="797.37,625.43 845.09,600.57">
            <param key="origId" value="667135899"/>
        </lane>
        <lane id="667135899_3" index="3" disallow="tram rail_urban rail rail_electric rail_fast ship" speed="19.44" length="53.81" shape="795.89,622.59 843.61,597.74">
            <param key="origId" value="667135899"/>
        </lane>
        <lane id="667135899_4" index="4" disallow="tram rail_urban rail rail_electric rail_fast ship" speed="19.44" length="53.81" shape="794.41,619.76 842.13,594.90">
            <param key="origId" value="667135899"/>
        </lane>
    </edge>
    <edge id="75351765#0" from="cluster_244316748_244316749_244316873_244316945" to="4594226906" name="Sembawang Road" priority="12" type="highway.primary" spreadType="center" shape="878.68,579.75 879.79,584.25 890.24,625.94">
        <lane id="75351765#0_0" index="0" disallow="tram rail_urban rail rail_electric rail_fast ship" speed="19.44" length="18.47" shape="878.52,592.33 883.01,610.25">
            <param key="origId" value="75351765"/>
        </lane>
        <lane id="75351765#0_1" index="1" disallow="tram rail_urban rail rail_electric rail_fast ship" speed="19.44" length="18.47" shape="881.62,591.56 886.11,609.47">
            <param key="origId" value="75351765"/>
        </lane>
        <lane id="75351765#0_2" index="2" disallow="tram rail_urban rail rail_electric rail_fast ship" speed="19.44" length="18.47" shape="884.73,590.79 889.22,608.70">
            <param key="origId" value="75351765"/>
        </lane>
        <param key="origFrom" value="244316749"/>
    </edge>
    <edge id="75351800" from="4594224412" to="5892473570" name="Sembawang Road" priority="12" type="highway.primary" spreadType="center" shape="878.08,510.21 870.37,482.35 844.56,399.28 842.61,395.06 808.60,321.41 777.97,258.58 734.36,170.86 693.58,86.09 659.51,0.00">
        <lane id="75351800_0" index="0" disallow="tram rail_urban rail rail_electric rail_fast ship" speed="19.44" length="558.36" shape="881.75,511.46 873.44,481.45 847.55,398.13 845.52,393.72 811.49,320.04 780.84,257.17 737.23,169.45 696.51,84.81 662.49,-1.18">
            <param key="origId" value="75351800"/>
        </lane>
        <lane id="75351800_1" index="1" disallow="tram rail_urban rail rail_electric rail_fast ship" speed="19.44" length="558.36" shape="878.66,512.31 870.37,482.35 844.56,399.28 842.61,395.06 808.60,321.41 777.97,258.58 734.36,170.86 693.58,86.09 659.51,0.00">
            <param key="origId" value="75351800"/>
        </lane>
        <lane id="75351800_2" index="2" disallow="tram rail_urban rail rail_electric rail_fast ship" speed="19.44" length="558.36" shape="875.58,513.16 867.30,483.25 841.57,400.43 839.70,396.40 805.71,322.78 775.10,259.99 731.49,172.27 690.65,87.37 656.53,1.18">
            <param key="origId" value="75351800"/>
        </lane>
    </edge>

    <tlLogic id="cluster_244316748_244316749_244316873_244316945" type="actuated" programID="0" offset="0">
        <phase duration="29" state="rrrrrrGGGrrrrrrrrrGGGrrr" minDur="8" maxDur="50"/>
        <phase duration="5"  state="rrrrrryyyrrrrrrrrryyyrrr"/>
        <phase duration="6"  state="rrrrrrrrrGGGrrrrrrrrrGGG" minDur="8" maxDur="50"/>
        <phase duration="5"  state="rrrrrrrrryyyrrrrrrrrryyy"/>
        <phase duration="29" state="GGGrrrrrrrrrGGGrrrrrrrrr" minDur="8" maxDur="50"/>
        <phase duration="5"  state="yyyrrrrrrrrryyyrrrrrrrrr"/>
        <phase duration="6"  state="rrrGGGrrrrrrrrrGGGrrrrrr" minDur="8" maxDur="50"/>
        <phase duration="5"  state="rrryyyrrrrrrrrryyyrrrrrr"/>
    </tlLogic>

    <junction id="244895680" type="dead_end" x="1431.33" y="243.16" incLanes="22789224_0 22789224_1 22789224_2" intLanes="" shape="1433.06,247.64 1429.60,238.68"/>
    <junction id="244954849" type="dead_end" x="0.00" y="597.53" incLanes="" intLanes="" shape="-0.40,592.75 0.40,602.31"/>
    <junction id="244954947" type="priority" x="839.22" y="603.63" incLanes="667135899_0 667135899_1 667135899_2 667135899_3 667135899_4" intLanes=":244954947_0_0 :244954947_1_0 :244954947_1_1 :244954947_1_2 :244954947_1_3" shape="845.79,592.17 852.42,603.12 851.87,603.58 851.82,603.76 851.93,603.92 852.20,604.04 852.61,604.13 852.11,607.29 850.84,607.10 850.38,607.09 849.94,607.17 849.43,607.35 848.78,607.67 841.39,593.48 843.00,592.93 843.61,592.87 844.23,592.80 844.92,592.61">
        <request index="0" response="00000" foes="00000" cont="0"/>
        <request index="1" response="00000" foes="00000" cont="0"/>
        <request index="2" response="00000" foes="00000" cont="0"/>
        <request index="3" response="00000" foes="00000" cont="0"/>
        <request index="4" response="00000" foes="00000" cont="0"/>
    </junction>
    <junction id="244955078" type="dead_end" x="76.78" y="576.76" incLanes="481619880_0 481619880_1 481619880_2" intLanes="" shape="77.19,571.98 76.37,581.54"/>
    <junction id="3191576775" type="dead_end" x="898.59" y="663.14" incLanes="592153131_0 592153131_1 592153131_2" intLanes="" shape="893.91,664.19 903.27,662.09"/>
    <junction id="4594224411" type="priority" x="867.53" y="528.61" incLanes="480657118_0 480657118_1 480657118_2 480657118_3 480657118_4" intLanes=":4594224411_0_0 :4594224411_1_0 :4594224411_1_1 :4594224411_1_2 :4594224411_1_3" shape="877.77,545.40 865.27,548.15 865.07,547.63 864.96,547.56 864.83,547.62 864.69,547.81 864.53,548.12 861.37,547.37 862.43,544.93 862.71,544.02 862.81,543.09 862.70,541.98 862.38,540.54 877.86,536.49 878.12,539.75 877.88,540.93 877.62,542.11 877.52,543.53">
        <request index="0" response="00000" foes="00000" cont="0"/>
        <request index="1" response="00000" foes="00000" cont="0"/>
        <request index="2" response="00000" foes="00000" cont="0"/>
        <request index="3" response="00000" foes="00000" cont="0"/>
        <request index="4" response="00000" foes="00000" cont="0"/>
    </junction>
    <junction id="4594224412" type="priority" x="878.08" y="510.21" incLanes="464289058_0 624029415#0_0 624029415#0_1 624029415#0_2" intLanes=":4594224412_0_0 :4594224412_1_0 :4594224412_1_1 :4594224412_1_2" shape="888.06,515.81 886.12,518.36 885.50,518.01 885.32,518.04 885.23,518.19 885.22,518.48 885.30,518.90 876.01,521.32 874.04,513.59 883.29,511.03 884.33,513.26 885.00,513.87 885.83,514.39 886.84,514.97">
        <request index="0" response="1110" foes="1110" cont="0"/>
        <request index="1" response="0000" foes="0001" cont="0"/>
        <request index="2" response="0000" foes="0001" cont="0"/>
        <request index="3" response="0000" foes="0001" cont="0"/>
    </junction>
    <junction id="4594224417" type="priority" x="940.37" y="518.04" incLanes="624029417_0 624029417_1 624029417_2 624029417_3 624029417_4 624029417_5" intLanes=":4594224417_0_0 :4594224417_1_0 :4594224417_1_1 :4594224417_1_2 :4594224417_1_3 :4594224417_1_4" shape="913.47,525.10 924.46,540.85 922.72,541.74 922.03,541.91 921.35,542.09 920.58,542.41 919.62,543.00 910.22,530.06 910.73,529.57 910.75,529.41 910.63,529.29 910.36,529.22 909.93,529.21 908.65,526.03 910.54,526.08 911.22,526.08 911.87,525.96 912.58,525.66">
        <request index="0" response="000000" foes="000000" cont="0"/>
        <request index="1" response="000000" foes="000000" cont="0"/>
        <request index="2" response="000000" foes="000000" cont="0"/>
        <request index="3" response="000000" foes="000000" cont="0"/>
        <request index="4" response="000000" foes="000000" cont="0"/>
        <request index="5" response="000000" foes="000000" cont="0"/>
    </junction>
    <junction id="4594226906" type="priority" x="890.24" y="625.94" incLanes="464289056_0 75351765#0_0 75351765#0_1 75351765#0_2" intLanes=":4594226906_0_0 :4594226906_1_0 :4594226906_1_1 :4594226906_1_2" shape="894.55,623.23 885.18,625.33 884.42,622.45 883.56,620.36 882.47,618.81 881.02,617.50 879.08,616.17 876.52,614.55 879.06,612.37 880.82,613.13 881.34,613.01 881.62,612.56 881.66,611.77 881.46,610.64 890.77,608.31">
        <request index="0" response="1110" foes="1110" cont="0"/>
        <request index="1" response="0000" foes="0001" cont="0"/>
        <request index="2" response="0000" foes="0001" cont="0"/>
        <request index="3" response="0000" foes="0001" cont="0"/>
    </junction>
    <junction id="4594226907" type="priority" x="844.17" y="583.43" incLanes="464289057_0 624029414#0_0 624029414#0_1 624029414#0_2" intLanes=":4594226907_0_0 :4594226907_1_0 :4594226907_1_1 :4594226907_1_2" shape="851.58,567.68 854.33,569.32 855.79,570.72 860.79,578.92 847.52,587.06 842.82,578.68 845.36,577.10 847.07,575.67 848.24,574.21 849.18,572.51 850.19,570.40">
        <request index="0" response="1110" foes="1110" cont="0"/>
        <request index="1" response="0000" foes="0001" cont="0"/>
        <request index="2" response="0000" foes="0001" cont="0"/>
        <request index="3" response="0000" foes="0001" cont="0"/>
    </junction>
    <junction id="4600384361" type="priority" x="927.00" y="543.98" incLanes="465004143_0 624029413#0_0 624029413#0_1 624029413#0_2" intLanes=":4600384361_0_0 :4600384361_1_0 :4600384361_1_1 :4600384361_1_2" shape="920.81,542.62 926.58,550.30 923.94,552.43 922.18,554.21 920.94,555.89 919.88,557.74 918.65,560.01 916.89,562.95 914.19,561.24 913.10,560.23 907.35,552.54">
        <request index="0" response="1110" foes="1110" cont="0"/>
        <request index="1" response="0000" foes="0001" cont="0"/>
        <request index="2" response="0000" foes="0001" cont="0"/>
        <request index="3" response="0000" foes="0001" cont="0"/>
    </junction>
    <junction id="4600384364" type="priority" x="901.42" y="610.05" incLanes="481619882_0 481619882_1 481619882_2 481619882_3 481619882_4 481619882_5" intLanes=":4600384364_0_0 :4600384364_1_0 :4600384364_1_1 :4600384364_1_2 :4600384364_1_3 :4600384364_1_4" shape="905.03,586.99 908.15,587.70 907.38,590.27 907.09,591.19 906.93,592.11 906.98,593.21 907.28,594.66 888.72,599.57 888.44,596.27 888.69,595.07 888.94,593.87 889.03,592.44 888.77,590.55 904.37,586.99">
        <request index="0" response="000000" foes="000000" cont="0"/>
        <request index="1" response="000000" foes="000000" cont="0"/>
        <request index="2" response="000000" foes="000000" cont="0"/>
        <request index="3" response="000000" foes="000000" cont="0"/>
        <request index="4" response="000000" foes="000000" cont="0"/>
        <request index="5" response="000000" foes="000000" cont="0"/>
    </junction>
    <junction id="4736301943" type="dead_end" x="853.13" y="473.53" incLanes="" intLanes="" shape="860.87,471.51 845.39,475.55"/>
    <junction id="4745269785" type="dead_end" x="914.56" y="659.72" incLanes="" intLanes="" shape="905.28,662.18 923.84,657.26"/>
    <junction id="5892451188" type="priority" x="957.61" y="506.01" incLanes="624029418_0 624029418_1 624029418_2 624029418_3 624029418_4" intLanes=":5892451188_0_0 :5892451188_0_1 :5892451188_0_2 :5892451188_0_3 :5892451188_0_4 :5892451188_0_5" shape="956.10,497.20 965.55,510.11 963.34,512.24 962.71,513.17 962.09,514.08 961.21,515.06 959.83,516.16 948.85,500.42 951.46,499.10 952.49,498.84 953.52,498.57 954.68,498.09">
        <request index="0" response="000000" foes="000000" cont="0"/>
        <request index="1" response="000000" foes="000000" cont="0"/>
        <request index="2" response="000000" foes="000000" cont="0"/>
        <request index="3" response="000000" foes="000000" cont="0"/>
        <request index="4" response="000000" foes="000000" cont="0"/>
        <request index="5" response="000000" foes="000000" cont="0"/>
    </junction>
    <junction id="5892451189" type="dead_end" x="979.09" y="490.29" incLanes="" intLanes="" shape="983.81,496.75 974.37,483.83"/>
    <junction id="5892473570" type="dead_end" x="659.51" y="0.00" incLanes="75351800_0 75351800_1 75351800_2" intLanes="" shape="663.97,-1.77 655.05,1.77"/>
    <junction id="6246468946" type="priority" x="794.28" y="627.04" incLanes="640264270_0 640264270_1 640264270_2" intLanes=":6246468946_0_0 :6246468946_0_1 :6246468946_0_2 :6246468946_0_3 :6246468946_0_4" shape="793.67,618.34 801.06,632.53 798.08,633.14 796.91,632.83 795.72,632.48 794.34,632.35 792.58,632.72 789.41,623.65 791.27,622.13 791.61,621.17 791.94,620.17 792.53,619.20">
        <request index="0" response="00000" foes="00000" cont="0"/>
        <request index="1" response="00000" foes="00000" cont="0"/>
        <request index="2" response="00000" foes="00000" cont="0"/>
        <request index="3" response="00000" foes="00000" cont="0"/>
        <request index="4" response="00000" foes="00000" cont="0"/>
    </junction>
    <junction id="cluster_244316748_244316749_244316873_244316945" type="traffic_light" x="883.97" y="567.31" incLanes="481619881_0 481619881_1 481619881_2 481619881_3 481619881_4 624029416#0_0 624029416#0_1 624029416#0_2 624029416#0_3 624029416#0_4 481628407#0_0 481628407#0_1 481628407#0_2 481628407#0_3 480657117#0_0 480657117#0_1 480657117#0_2 480657117#0_3" intLanes=":cluster_244316748_244316749_244316873_244316945_0_0 :cluster_244316748_244316749_244316873_244316945_0_1 :cluster_244316748_244316749_244316873_244316945_0_2 :cluster_244316748_244316749_244316873_244316945_3_0 :cluster_244316748_244316749_244316873_244316945_3_1 :cluster_244316748_244316749_244316873_244316945_5_0 :cluster_244316748_244316749_244316873_244316945_6_0 :cluster_244316748_244316749_244316873_244316945_6_1 :cluster_244316748_244316749_244316873_244316945_6_2 :cluster_244316748_244316749_244316873_244316945_9_0 :cluster_244316748_244316749_244316873_244316945_9_1 :cluster_244316748_244316749_244316873_244316945_11_0 :cluster_244316748_244316749_244316873_244316945_12_0 :cluster_244316748_244316749_244316873_244316945_12_1 :cluster_244316748_244316749_244316873_244316945_12_2 :cluster_244316748_244316749_244316873_244316945_15_0 :cluster_244316748_244316749_244316873_244316945_15_1 :cluster_244316748_244316749_244316873_244316945_17_0 :cluster_244316748_244316749_244316873_244316945_18_0 :cluster_244316748_244316749_244316873_244316945_18_1 :cluster_244316748_244316749_244316873_244316945_18_2 :cluster_244316748_244316749_244316873_244316945_21_0 :cluster_244316748_244316749_244316873_244316945_21_1 :cluster_244316748_244316749_244316873_244316945_23_0" shape="894.96,541.22 911.21,561.62 908.01,564.51 905.62,567.86 904.03,571.69 903.26,575.99 903.30,580.76 904.14,586.00 876.96,592.71 876.04,590.78 875.38,590.31 874.57,590.18 873.63,590.37 872.56,590.89 859.34,568.55 862.04,566.37 864.02,563.53 865.28,560.05 865.82,555.93 865.64,551.16 864.74,545.74 890.73,539.71 891.65,541.60 892.29,542.03 893.06,542.10 893.95,541.84">
        <request index="0"  response="011111000000011111000000" foes="011111111000011111000000" cont="0"/>
        <request index="1"  response="011111000000011111000000" foes="011111111000011111000000" cont="0"/>
        <request index="2"  response="011111000000011111000000" foes="011111111000011111000000" cont="0"/>
        <request index="3"  response="011111000111011111000000" foes="011111000111111111000000" cont="0"/>
        <request index="4"  response="011111000111011111000000" foes="011111000111111111000000" cont="0"/>
        <request index="5"  response="011000000111000000000000" foes="011000000111000000000000" cont="0"/>
        <request index="6"  response="000000000000000000000000" foes="111000011111000000011111" cont="0"/>
        <request index="7"  response="000000000000000000000000" foes="111000011111000000011111" cont="0"/>
        <request index="8"  response="000000000000000000000000" foes="111000011111000000011111" cont="0"/>
        <request index="9"  response="000111000000000000000000" foes="000111111111000000011111" cont="0"/>
        <request index="10" response="000111000000000000000000" foes="000111111111000000011111" cont="0"/>
        <request index="11" response="000111000000000000011000" foes="000111000000000000011000" cont="0"/>
        <request index="12" response="011111000000011111000000" foes="011111000000011111111000" cont="0"/>
        <request index="13" response="011111000000011111000000" foes="011111000000011111111000" cont="0"/>
        <request index="14" response="011111000000011111000000" foes="011111000000011111111000" cont="0"/>
        <request index="15" response="011111000000011111000111" foes="111111000000011111000111" cont="0"/>
        <request index="16" response="011111000000011111000111" foes="111111000000011111000111" cont="0"/>
        <request index="17" response="000000000000011000000111" foes="000000000000011000000111" cont="0"/>
        <request index="18" response="000000000000000000000000" foes="000000011111111000011111" cont="0"/>
        <request index="19" response="000000000000000000000000" foes="000000011111111000011111" cont="0"/>
        <request index="20" response="000000000000000000000000" foes="000000011111111000011111" cont="0"/>
        <request index="21" response="000000000000000111000000" foes="000000011111000111111111" cont="0"/>
        <request index="22" response="000000000000000111000000" foes="000000011111000111111111" cont="0"/>
        <request index="23" response="000000011000000111000000" foes="000000011000000111000000" cont="0"/>
        <param key="origEdgeIds" value="146725755 22753981 536626228 536626229"/>
        <param key="origId" value="244316748 244316749 244316873 244316945"/>
    </junction>

    <connection from="464289056" to="592153131" fromLane="0" toLane="0" via=":4594226906_0_0" dir="s" state="m"/>
    <connection from="464289057" to="481619880" fromLane="0" toLane="0" via=":4594226907_0_0" dir="s" state="m"/>
    <connection from="464289058" to="75351800" fromLane="0" toLane="0" via=":4594224412_0_0" dir="s" state="m"/>
    <connection from="465004143" to="22789224" fromLane="0" toLane="0" via=":4600384361_0_0" dir="s" state="m"/>
    <connection from="480657117#0" to="75351765#0" fromLane="0" toLane="0" via=":cluster_244316748_244316749_244316873_244316945_18_0" tl="cluster_244316748_244316749_244316873_244316945" linkIndex="18" dir="s" state="O"/>
    <connection from="480657117#0" to="75351765#0" fromLane="1" toLane="1" via=":cluster_244316748_244316749_244316873_244316945_18_1" tl="cluster_244316748_244316749_244316873_244316945" linkIndex="19" dir="s" state="O"/>
    <connection from="480657117#0" to="75351765#0" fromLane="2" toLane="2" via=":cluster_244316748_244316749_244316873_244316945_18_2" tl="cluster_244316748_244316749_244316873_244316945" linkIndex="20" dir="s" state="O"/>
    <connection from="480657117#0" to="624029413#0" fromLane="3" toLane="1" via=":cluster_244316748_244316749_244316873_244316945_21_0" tl="cluster_244316748_244316749_244316873_244316945" linkIndex="21" dir="r" state="o"/>
    <connection from="480657117#0" to="624029413#0" fromLane="3" toLane="2" via=":cluster_244316748_244316749_244316873_244316945_21_1" tl="cluster_244316748_244316749_244316873_244316945" linkIndex="22" dir="r" state="o"/>
    <connection from="480657117#0" to="624029415#0" fromLane="3" toLane="2" via=":cluster_244316748_244316749_244316873_244316945_23_0" tl="cluster_244316748_244316749_244316873_244316945" linkIndex="23" dir="T" state="o"/>
    <connection from="480657118" to="464289057" fromLane="0" toLane="0" via=":4594224411_0_0" dir="L" state="M"/>
    <connection from="480657118" to="480657117#0" fromLane="1" toLane="0" via=":4594224411_1_0" dir="s" state="M"/>
    <connection from="480657118" to="480657117#0" fromLane="2" toLane="1" via=":4594224411_1_1" dir="s" state="M"/>
    <connection from="480657118" to="480657117#0" fromLane="3" toLane="2" via=":4594224411_1_2" dir="s" state="M"/>
    <connection from="480657118" to="480657117#0" fromLane="4" toLane="3" via=":4594224411_1_3" dir="s" state="M"/>
    <connection from="481619881" to="624029414#0" fromLane="0" toLane="0" via=":cluster_244316748_244316749_244316873_244316945_0_0" tl="cluster_244316748_244316749_244316873_244316945" linkIndex="0" dir="s" state="o"/>
    <connection from="481619881" to="624029414#0" fromLane="1" toLane="1" via=":cluster_244316748_244316749_244316873_244316945_0_1" tl="cluster_244316748_244316749_244316873_244316945" linkIndex="1" dir="s" state="o"/>
    <connection from="481619881" to="624029414#0" fromLane="2" toLane="2" via=":cluster_244316748_244316749_244316873_244316945_0_2" tl="cluster_244316748_244316749_244316873_244316945" linkIndex="2" dir="s" state="o"/>
    <connection from="481619881" to="75351765#0" fromLane="3" toLane="1" via=":cluster_244316748_244316749_244316873_244316945_3_0" tl="cluster_244316748_244316749_244316873_244316945" linkIndex="3" dir="r" state="o"/>
    <connection from="481619881" to="75351765#0" fromLane="4" toLane="2" via=":cluster_244316748_244316749_244316873_244316945_3_1" tl="cluster_244316748_244316749_244316873_244316945" linkIndex="4" dir="r" state="o"/>
    <connection from="481619881" to="624029413#0" fromLane="4" toLane="2" via=":cluster_244316748_244316749_244316873_244316945_5_0" tl="cluster_244316748_244316749_244316873_244316945" linkIndex="5" dir="T" state="o"/>
    <connection from="481619882" to="465004143" fromLane="0" toLane="0" via=":4600384364_0_0" dir="L" state="M"/>
    <connection from="481619882" to="624029416#0" fromLane="1" toLane="0" via=":4600384364_1_0" dir="s" state="M"/>
    <connection from="481619882" to="624029416#0" fromLane="2" toLane="1" via=":4600384364_1_1" dir="s" state="M"/>
    <connection from="481619882" to="624029416#0" fromLane="3" toLane="2" via=":4600384364_1_2" dir="s" state="M"/>
    <connection from="481619882" to="624029416#0" fromLane="4" toLane="3" via=":4600384364_1_3" dir="s" state="M"/>
    <connection from="481619882" to="624029416#0" fromLane="5" toLane="4" via=":4600384364_1_4" dir="s" state="M"/>
    <connection from="481628407#0" to="624029413#0" fromLane="0" toLane="0" via=":cluster_244316748_244316749_244316873_244316945_12_0" tl="cluster_244316748_244316749_244316873_244316945" linkIndex="12" dir="s" state="o"/>
    <connection from="481628407#0" to="624029413#0" fromLane="1" toLane="1" via=":cluster_244316748_244316749_244316873_244316945_12_1" tl="cluster_244316748_244316749_244316873_244316945" linkIndex="13" dir="s" state="o"/>
    <connection from="481628407#0" to="624029413#0" fromLane="2" toLane="2" via=":cluster_244316748_244316749_244316873_244316945_12_2" tl="cluster_244316748_244316749_244316873_244316945" linkIndex="14" dir="s" state="o"/>
    <connection from="481628407#0" to="624029415#0" fromLane="3" toLane="1" via=":cluster_244316748_244316749_244316873_244316945_15_0" tl="cluster_244316748_244316749_244316873_244316945" linkIndex="15" dir="r" state="o"/>
    <connection from="481628407#0" to="624029415#0" fromLane="3" toLane="2" via=":cluster_244316748_244316749_244316873_244316945_15_1" tl="cluster_244316748_244316749_244316873_244316945" linkIndex="16" dir="r" state="o"/>
    <connection from="481628407#0" to="624029414#0" fromLane="3" toLane="2" via=":cluster_244316748_244316749_244316873_244316945_17_0" tl="cluster_244316748_244316749_244316873_244316945" linkIndex="17" dir="T" state="o"/>
    <connection from="624029413#0" to="22789224" fromLane="0" toLane="0" via=":4600384361_1_0" dir="s" state="M"/>
    <connection from="624029413#0" to="22789224" fromLane="1" toLane="1" via=":4600384361_1_1" dir="s" state="M"/>
    <connection from="624029413#0" to="22789224" fromLane="2" toLane="2" via=":4600384361_1_2" dir="s" state="M"/>
    <connection from="624029414#0" to="481619880" fromLane="0" toLane="0" via=":4594226907_1_0" dir="s" state="M"/>
    <connection from="624029414#0" to="481619880" fromLane="1" toLane="1" via=":4594226907_1_1" dir="s" state="M"/>
    <connection from="624029414#0" to="481619880" fromLane="2" toLane="2" via=":4594226907_1_2" dir="s" state="M"/>
    <connection from="624029415#0" to="75351800" fromLane="0" toLane="0" via=":4594224412_1_0" dir="s" state="M"/>
    <connection from="624029415#0" to="75351800" fromLane="1" toLane="1" via=":4594224412_1_1" dir="s" state="M"/>
    <connection from="624029415#0" to="75351800" fromLane="2" toLane="2" via=":4594224412_1_2" dir="s" state="M"/>
    <connection from="624029416#0" to="624029415#0" fromLane="0" toLane="0" via=":cluster_244316748_244316749_244316873_244316945_6_0" tl="cluster_244316748_244316749_244316873_244316945" linkIndex="6" dir="s" state="O"/>
    <connection from="624029416#0" to="624029415#0" fromLane="1" toLane="1" via=":cluster_244316748_244316749_244316873_244316945_6_1" tl="cluster_244316748_244316749_244316873_244316945" linkIndex="7" dir="s" state="O"/>
    <connection from="624029416#0" to="624029415#0" fromLane="2" toLane="2" via=":cluster_244316748_244316749_244316873_244316945_6_2" tl="cluster_244316748_244316749_244316873_244316945" linkIndex="8" dir="s" state="O"/>
    <connection from="624029416#0" to="624029414#0" fromLane="3" toLane="1" via=":cluster_244316748_244316749_244316873_244316945_9_0" tl="cluster_244316748_244316749_244316873_244316945" linkIndex="9" dir="r" state="o"/>
    <connection from="624029416#0" to="624029414#0" fromLane="4" toLane="2" via=":cluster_244316748_244316749_244316873_244316945_9_1" tl="cluster_244316748_244316749_244316873_244316945" linkIndex="10" dir="r" state="o"/>
    <connection from="624029416#0" to="75351765#0" fromLane="4" toLane="2" via=":cluster_244316748_244316749_244316873_244316945_11_0" tl="cluster_244316748_244316749_244316873_244316945" linkIndex="11" dir="T" state="o"/>
    <connection from="624029417" to="464289058" fromLane="0" toLane="0" via=":4594224417_0_0" dir="L" state="M"/>
    <connection from="624029417" to="481619881" fromLane="1" toLane="0" via=":4594224417_1_0" dir="s" state="M"/>
    <connection from="624029417" to="481619881" fromLane="2" toLane="1" via=":4594224417_1_1" dir="s" state="M"/>
    <connection from="624029417" to="481619881" fromLane="3" toLane="2" via=":4594224417_1_2" dir="s" state="M"/>
    <connection from="624029417" to="481619881" fromLane="4" toLane="3" via=":4594224417_1_3" dir="s" state="M"/>
    <connection from="624029417" to="481619881" fromLane="5" toLane="4" via=":4594224417_1_4" dir="s" state="M"/>
    <connection from="624029418" to="624029417" fromLane="0" toLane="0" via=":5892451188_0_0" dir="s" state="M"/>
    <connection from="624029418" to="624029417" fromLane="0" toLane="1" via=":5892451188_0_1" dir="s" state="M"/>
    <connection from="624029418" to="624029417" fromLane="1" toLane="2" via=":5892451188_0_2" dir="s" state="M"/>
    <connection from="624029418" to="624029417" fromLane="2" toLane="3" via=":5892451188_0_3" dir="s" state="M"/>
    <connection from="624029418" to="624029417" fromLane="3" toLane="4" via=":5892451188_0_4" dir="s" state="M"/>
    <connection from="624029418" to="624029417" fromLane="4" toLane="5" via=":5892451188_0_5" dir="s" state="M"/>
    <connection from="640264270" to="667135899" fromLane="0" toLane="0" via=":6246468946_0_0" dir="s" state="M"/>
    <connection from="640264270" to="667135899" fromLane="0" toLane="1" via=":6246468946_0_1" dir="s" state="M"/>
    <connection from="640264270" to="667135899" fromLane="1" toLane="2" via=":6246468946_0_2" dir="s" state="M"/>
    <connection from="640264270" to="667135899" fromLane="2" toLane="3" via=":6246468946_0_3" dir="s" state="M"/>
    <connection from="640264270" to="667135899" fromLane="2" toLane="4" via=":6246468946_0_4" dir="s" state="M"/>
    <connection from="667135899" to="464289056" fromLane="0" toLane="0" via=":244954947_0_0" dir="L" state="M"/>
    <connection from="667135899" to="481628407#0" fromLane="1" toLane="0" via=":244954947_1_0" dir="s" state="M"/>
    <connection from="667135899" to="481628407#0" fromLane="2" toLane="1" via=":244954947_1_1" dir="s" state="M"/>
    <connection from="667135899" to="481628407#0" fromLane="3" toLane="2" via=":244954947_1_2" dir="s" state="M"/>
    <connection from="667135899" to="481628407#0" fromLane="4" toLane="3" via=":244954947_1_3" dir="s" state="M"/>
    <connection from="75351765#0" to="592153131" fromLane="0" toLane="0" via=":4594226906_1_0" dir="s" state="M"/>
    <connection from="75351765#0" to="592153131" fromLane="1" toLane="1" via=":4594226906_1_1" dir="s" state="M"/>
    <connection from="75351765#0" to="592153131" fromLane="2" toLane="2" via=":4594226906_1_2" dir="s" state="M"/>

    <connection from=":244954947_0" to="464289056" fromLane="0" toLane="0" dir="L" state="M"/>
    <connection from=":244954947_1" to="481628407#0" fromLane="0" toLane="0" dir="s" state="M"/>
    <connection from=":244954947_1" to="481628407#0" fromLane="1" toLane="1" dir="s" state="M"/>
    <connection from=":244954947_1" to="481628407#0" fromLane="2" toLane="2" dir="s" state="M"/>
    <connection from=":244954947_1" to="481628407#0" fromLane="3" toLane="3" dir="s" state="M"/>
    <connection from=":4594224411_0" to="464289057" fromLane="0" toLane="0" dir="L" state="M"/>
    <connection from=":4594224411_1" to="480657117#0" fromLane="0" toLane="0" dir="s" state="M"/>
    <connection from=":4594224411_1" to="480657117#0" fromLane="1" toLane="1" dir="s" state="M"/>
    <connection from=":4594224411_1" to="480657117#0" fromLane="2" toLane="2" dir="s" state="M"/>
    <connection from=":4594224411_1" to="480657117#0" fromLane="3" toLane="3" dir="s" state="M"/>
    <connection from=":4594224412_0" to="75351800" fromLane="0" toLane="0" dir="s" state="M"/>
    <connection from=":4594224412_1" to="75351800" fromLane="0" toLane="0" dir="s" state="M"/>
    <connection from=":4594224412_1" to="75351800" fromLane="1" toLane="1" dir="s" state="M"/>
    <connection from=":4594224412_1" to="75351800" fromLane="2" toLane="2" dir="s" state="M"/>
    <connection from=":4594224417_0" to="464289058" fromLane="0" toLane="0" dir="L" state="M"/>
    <connection from=":4594224417_1" to="481619881" fromLane="0" toLane="0" dir="s" state="M"/>
    <connection from=":4594224417_1" to="481619881" fromLane="1" toLane="1" dir="s" state="M"/>
    <connection from=":4594224417_1" to="481619881" fromLane="2" toLane="2" dir="s" state="M"/>
    <connection from=":4594224417_1" to="481619881" fromLane="3" toLane="3" dir="s" state="M"/>
    <connection from=":4594224417_1" to="481619881" fromLane="4" toLane="4" dir="s" state="M"/>
    <connection from=":4594226906_0" to="592153131" fromLane="0" toLane="0" dir="s" state="M"/>
    <connection from=":4594226906_1" to="592153131" fromLane="0" toLane="0" dir="s" state="M"/>
    <connection from=":4594226906_1" to="592153131" fromLane="1" toLane="1" dir="s" state="M"/>
    <connection from=":4594226906_1" to="592153131" fromLane="2" toLane="2" dir="s" state="M"/>
    <connection from=":4594226907_0" to="481619880" fromLane="0" toLane="0" dir="s" state="M"/>
    <connection from=":4594226907_1" to="481619880" fromLane="0" toLane="0" dir="s" state="M"/>
    <connection from=":4594226907_1" to="481619880" fromLane="1" toLane="1" dir="s" state="M"/>
    <connection from=":4594226907_1" to="481619880" fromLane="2" toLane="2" dir="s" state="M"/>
    <connection from=":4600384361_0" to="22789224" fromLane="0" toLane="0" dir="s" state="M"/>
    <connection from=":4600384361_1" to="22789224" fromLane="0" toLane="0" dir="s" state="M"/>
    <connection from=":4600384361_1" to="22789224" fromLane="1" toLane="1" dir="s" state="M"/>
    <connection from=":4600384361_1" to="22789224" fromLane="2" toLane="2" dir="s" state="M"/>
    <connection from=":4600384364_0" to="465004143" fromLane="0" toLane="0" dir="L" state="M"/>
    <connection from=":4600384364_1" to="624029416#0" fromLane="0" toLane="0" dir="s" state="M"/>
    <connection from=":4600384364_1" to="624029416#0" fromLane="1" toLane="1" dir="s" state="M"/>
    <connection from=":4600384364_1" to="624029416#0" fromLane="2" toLane="2" dir="s" state="M"/>
    <connection from=":4600384364_1" to="624029416#0" fromLane="3" toLane="3" dir="s" state="M"/>
    <connection from=":4600384364_1" to="624029416#0" fromLane="4" toLane="4" dir="s" state="M"/>
    <connection from=":5892451188_0" to="624029417" fromLane="0" toLane="0" dir="s" state="M"/>
    <connection from=":5892451188_0" to="624029417" fromLane="1" toLane="1" dir="s" state="M"/>
    <connection from=":5892451188_0" to="624029417" fromLane="2" toLane="2" dir="s" state="M"/>
    <connection from=":5892451188_0" to="624029417" fromLane="3" toLane="3" dir="s" state="M"/>
    <connection from=":5892451188_0" to="624029417" fromLane="4" toLane="4" dir="s" state="M"/>
    <connection from=":5892451188_0" to="624029417" fromLane="5" toLane="5" dir="s" state="M"/>
    <connection from=":6246468946_0" to="667135899" fromLane="0" toLane="0" dir="s" state="M"/>
    <connection from=":6246468946_0" to="667135899" fromLane="1" toLane="1" dir="s" state="M"/>
    <connection from=":6246468946_0" to="667135899" fromLane="2" toLane="2" dir="s" state="M"/>
    <connection from=":6246468946_0" to="667135899" fromLane="3" toLane="3" dir="s" state="M"/>
    <connection from=":6246468946_0" to="667135899" fromLane="4" toLane="4" dir="s" state="M"/>
    <connection from=":cluster_244316748_244316749_244316873_244316945_0" to="624029414#0" fromLane="0" toLane="0" dir="s" state="M"/>
    <connection from=":cluster_244316748_244316749_244316873_244316945_0" to="624029414#0" fromLane="1" toLane="1" dir="s" state="M"/>
    <connection from=":cluster_244316748_244316749_244316873_244316945_0" to="624029414#0" fromLane="2" toLane="2" dir="s" state="M"/>
    <connection from=":cluster_244316748_244316749_244316873_244316945_3" to="75351765#0" fromLane="0" toLane="1" dir="r" state="M"/>
    <connection from=":cluster_244316748_244316749_244316873_244316945_3" to="75351765#0" fromLane="1" toLane="2" dir="r" state="M"/>
    <connection from=":cluster_244316748_244316749_244316873_244316945_5" to="624029413#0" fromLane="0" toLane="2" dir="T" state="M"/>
    <connection from=":cluster_244316748_244316749_244316873_244316945_6" to="624029415#0" fromLane="0" toLane="0" dir="s" state="M"/>
    <connection from=":cluster_244316748_244316749_244316873_244316945_6" to="624029415#0" fromLane="1" toLane="1" dir="s" state="M"/>
    <connection from=":cluster_244316748_244316749_244316873_244316945_6" to="624029415#0" fromLane="2" toLane="2" dir="s" state="M"/>
    <connection from=":cluster_244316748_244316749_244316873_244316945_9" to="624029414#0" fromLane="0" toLane="1" dir="r" state="M"/>
    <connection from=":cluster_244316748_244316749_244316873_244316945_9" to="624029414#0" fromLane="1" toLane="2" dir="r" state="M"/>
    <connection from=":cluster_244316748_244316749_244316873_244316945_11" to="75351765#0" fromLane="0" toLane="2" dir="T" state="M"/>
    <connection from=":cluster_244316748_244316749_244316873_244316945_12" to="624029413#0" fromLane="0" toLane="0" dir="s" state="M"/>
    <connection from=":cluster_244316748_244316749_244316873_244316945_12" to="624029413#0" fromLane="1" toLane="1" dir="s" state="M"/>
    <connection from=":cluster_244316748_244316749_244316873_244316945_12" to="624029413#0" fromLane="2" toLane="2" dir="s" state="M"/>
    <connection from=":cluster_244316748_244316749_244316873_244316945_15" to="624029415#0" fromLane="0" toLane="1" dir="r" state="M"/>
    <connection from=":cluster_244316748_244316749_244316873_244316945_15" to="624029415#0" fromLane="1" toLane="2" dir="r" state="M"/>
    <connection from=":cluster_244316748_244316749_244316873_244316945_17" to="624029414#0" fromLane="0" toLane="2" dir="T" state="M"/>
    <connection from=":cluster_244316748_244316749_244316873_244316945_18" to="75351765#0" fromLane="0" toLane="0" dir="s" state="M"/>
    <connection from=":cluster_244316748_244316749_244316873_244316945_18" to="75351765#0" fromLane="1" toLane="1" dir="s" state="M"/>
    <connection from=":cluster_244316748_244316749_244316873_244316945_18" to="75351765#0" fromLane="2" toLane="2" dir="s" state="M"/>
    <connection from=":cluster_244316748_244316749_244316873_244316945_21" to="624029413#0" fromLane="0" toLane="1" dir="r" state="M"/>
    <connection from=":cluster_244316748_244316749_244316873_244316945_21" to="624029413#0" fromLane="1" toLane="2" dir="r" state="M"/>
    <connection from=":cluster_244316748_244316749_244316873_244316945_23" to="624029415#0" fromLane="0" toLane="2" dir="T" state="M"/>

</net>
