<?xml version="1.0" encoding="UTF-8"?>

<!-- generated on 2023-07-14 11:21:44 by Eclipse SUMO netconvert Version 1.17.0
<configuration xmlns:xsi="http://www.w3.org/2001/XMLSchema-instance" xsi:noNamespaceSchemaLocation="http://sumo.dlr.de/xsd/netconvertConfiguration.xsd">

    <input>
        <sumo-net-file value="osm.net.xml.gz"/>
    </input>

    <output>
        <output-file value="osm.net.xml"/>
        <output.street-names value="true"/>
    </output>

    <processing>
        <geometry.min-radius.fix.railways value="false"/>
        <geometry.max-grade.fix value="false"/>
        <offset.disable-normalization value="true"/>
        <lefthand value="1"/>
    </processing>

    <junctions>
        <no-turnarounds value="true"/>
        <junctions.corner-detail value="5"/>
        <junctions.limit-turn-speed value="5.50"/>
        <rectangular-lane-cut value="0"/>
    </junctions>

    <pedestrian>
        <walkingareas value="0"/>
    </pedestrian>

</configuration>
-->

<net version="1.16" junctionCornerDetail="5" lefthand="true" limitTurnSpeed="5.50" xmlns:xsi="http://www.w3.org/2001/XMLSchema-instance" xsi:noNamespaceSchemaLocation="http://sumo.dlr.de/xsd/net_file.xsd">

    <location netOffset="-365233.27,-160388.66" convBoundary="0.00,0.00,837.86,435.76" origBoundary="103.788590,1.450758,103.796119,1.454703" projParameter="+proj=utm +zone=48 +ellps=WGS84 +datum=WGS84 +units=m +no_defs"/>

    <type id="highway.bridleway" priority="1" numLanes="1" speed="2.78" allow="pedestrian" oneway="1" width="2.00"/>
    <type id="highway.bus_guideway" priority="1" numLanes="1" speed="27.78" allow="bus" oneway="1"/>
    <type id="highway.cycleway" priority="1" numLanes="1" speed="5.56" allow="bicycle" oneway="0" width="1.00"/>
    <type id="highway.footway" priority="1" numLanes="1" speed="2.78" allow="pedestrian" oneway="1" width="2.00"/>
    <type id="highway.ford" priority="1" numLanes="1" speed="2.78" allow="army" oneway="0"/>
    <type id="highway.living_street" priority="2" numLanes="1" speed="2.78" disallow="tram rail_urban rail rail_electric rail_fast ship" oneway="0"/>
    <type id="highway.motorway" priority="14" numLanes="2" speed="39.44" allow="private emergency authority army vip passenger hov taxi bus coach delivery truck trailer motorcycle evehicle custom1 custom2" oneway="1"/>
    <type id="highway.motorway_link" priority="9" numLanes="1" speed="22.22" allow="private emergency authority army vip passenger hov taxi bus coach delivery truck trailer motorcycle evehicle custom1 custom2" oneway="1"/>
    <type id="highway.path" priority="1" numLanes="1" speed="5.56" allow="pedestrian bicycle" oneway="0" width="2.00"/>
    <type id="highway.pedestrian" priority="1" numLanes="1" speed="2.78" allow="pedestrian" oneway="1" width="2.00"/>
    <type id="highway.primary" priority="12" numLanes="2" speed="27.78" disallow="tram rail_urban rail rail_electric rail_fast ship" oneway="0"/>
    <type id="highway.primary_link" priority="7" numLanes="1" speed="22.22" disallow="tram rail_urban rail rail_electric rail_fast ship" oneway="0"/>
    <type id="highway.raceway" priority="15" numLanes="2" speed="83.33" allow="vip" oneway="0"/>
    <type id="highway.residential" priority="3" numLanes="1" speed="13.89" disallow="tram rail_urban rail rail_electric rail_fast ship" oneway="0"/>
    <type id="highway.secondary" priority="11" numLanes="1" speed="27.78" disallow="tram rail_urban rail rail_electric rail_fast ship" oneway="0"/>
    <type id="highway.secondary_link" priority="6" numLanes="1" speed="22.22" disallow="tram rail_urban rail rail_electric rail_fast ship" oneway="0"/>
    <type id="highway.service" priority="1" numLanes="1" speed="5.56" allow="pedestrian delivery bicycle" oneway="0"/>
    <type id="highway.stairs" priority="1" numLanes="1" speed="1.39" allow="pedestrian" oneway="1" width="2.00"/>
    <type id="highway.step" priority="1" numLanes="1" speed="1.39" allow="pedestrian" oneway="1" width="2.00"/>
    <type id="highway.steps" priority="1" numLanes="1" speed="1.39" allow="pedestrian" oneway="1" width="2.00"/>
    <type id="highway.tertiary" priority="10" numLanes="1" speed="22.22" disallow="tram rail_urban rail rail_electric rail_fast ship" oneway="0"/>
    <type id="highway.tertiary_link" priority="5" numLanes="1" speed="22.22" disallow="tram rail_urban rail rail_electric rail_fast ship" oneway="0"/>
    <type id="highway.track" priority="1" numLanes="1" speed="5.56" allow="pedestrian motorcycle moped bicycle" oneway="0"/>
    <type id="highway.trunk" priority="13" numLanes="2" speed="27.78" disallow="pedestrian bicycle tram rail_urban rail rail_electric rail_fast ship" oneway="0"/>
    <type id="highway.trunk_link" priority="8" numLanes="1" speed="22.22" disallow="pedestrian bicycle tram rail_urban rail rail_electric rail_fast ship" oneway="0"/>
    <type id="highway.unclassified" priority="4" numLanes="1" speed="13.89" disallow="tram rail_urban rail rail_electric rail_fast ship" oneway="0"/>
    <type id="highway.unsurfaced" priority="1" numLanes="1" speed="8.33" disallow="tram rail_urban rail rail_electric rail_fast ship" oneway="0"/>
    <type id="railway.highspeed" priority="21" numLanes="1" speed="69.44" allow="rail_fast" oneway="1"/>
    <type id="railway.light_rail" priority="19" numLanes="1" speed="27.78" allow="rail_urban" oneway="1"/>
    <type id="railway.preserved" priority="16" numLanes="1" speed="27.78" allow="rail" oneway="1"/>
    <type id="railway.rail" priority="20" numLanes="1" speed="44.44" allow="rail" oneway="1"/>
    <type id="railway.subway" priority="18" numLanes="1" speed="27.78" allow="rail_urban" oneway="1"/>
    <type id="railway.tram" priority="17" numLanes="1" speed="13.89" allow="tram" oneway="1"/>

    <edge id=":4607076204_0" function="internal">
        <lane id=":4607076204_0_0" index="0" disallow="tram rail_urban rail rail_electric rail_fast ship" speed="16.66" length="16.44" shape="230.82,169.76 234.34,169.11 237.85,168.47 241.90,168.33 247.07,169.16"/>
    </edge>
    <edge id=":4607076204_1" function="internal">
        <lane id=":4607076204_1_0" index="0" disallow="tram rail_urban rail rail_electric rail_fast ship" speed="19.44" length="16.49" shape="231.09,165.10 247.07,169.16"/>
        <lane id=":4607076204_1_1" index="1" disallow="tram rail_urban rail rail_electric rail_fast ship" speed="19.44" length="16.49" shape="231.88,162.00 247.85,166.06"/>
    </edge>
    <edge id=":4607076212_0" function="internal">
        <lane id=":4607076212_0_0" index="0" disallow="tram rail_urban rail rail_electric rail_fast ship" speed="16.66" length="14.75" shape="138.63,145.36 143.01,146.75 146.03,148.54 148.44,150.64 151.01,152.95"/>
    </edge>
    <edge id=":4607076212_1" function="internal">
        <lane id=":4607076212_1_0" index="0" disallow="tram rail_urban rail rail_electric rail_fast ship" speed="19.44" length="14.85" shape="138.63,145.36 153.17,148.44"/>
        <lane id=":4607076212_1_1" index="1" disallow="tram rail_urban rail rail_electric rail_fast ship" speed="19.44" length="14.85" shape="139.31,142.23 153.84,145.31"/>
        <lane id=":4607076212_1_2" index="2" disallow="tram rail_urban rail rail_electric rail_fast ship" speed="19.44" length="14.85" shape="140.00,139.11 154.50,142.18"/>
    </edge>
    <edge id=":4607076228_0" function="internal">
        <lane id=":4607076228_0_0" index="0" disallow="tram rail_urban rail rail_electric rail_fast ship" speed="16.66" length="18.23" shape="175.72,123.64 172.04,124.18 168.12,124.58 163.48,124.45 157.65,123.42"/>
    </edge>
    <edge id=":4607076228_1" function="internal">
        <lane id=":4607076228_1_0" index="0" disallow="tram rail_urban rail rail_electric rail_fast ship" speed="19.44" length="18.21" shape="175.29,128.02 157.65,123.42"/>
        <lane id=":4607076228_1_1" index="1" disallow="tram rail_urban rail rail_electric rail_fast ship" speed="19.44" length="18.21" shape="174.48,131.11 156.89,126.53"/>
    </edge>
    <edge id=":4607076232_0" function="internal">
        <lane id=":4607076232_0_0" index="0" disallow="tram rail_urban rail rail_electric rail_fast ship" speed="9.47" length="6.41" shape="200.67,112.73 199.95,114.46 199.21,115.55 198.18,116.39 196.57,117.38"/>
    </edge>
    <edge id=":4607076232_1" function="internal">
        <lane id=":4607076232_1_0" index="0" disallow="tram rail_urban rail rail_electric rail_fast ship" speed="16.67" length="6.89" shape="203.67,113.83 202.76,115.65 201.85,116.75 200.95,117.86 200.08,119.69"/>
        <lane id=":4607076232_1_1" index="1" disallow="tram rail_urban rail rail_electric rail_fast ship" speed="16.67" length="6.89" shape="206.67,114.94 205.77,116.74 204.86,117.83 203.97,118.92 203.11,120.73"/>
    </edge>
    <edge id=":4740117950_0" function="internal">
        <lane id=":4740117950_0_0" index="0" disallow="tram rail_urban rail rail_electric rail_fast ship" speed="11.93" length="8.56" shape="223.62,110.05 222.70,107.66 221.99,105.96 221.74,104.26 222.21,101.87"/>
    </edge>
    <edge id=":4740117950_1" function="internal">
        <lane id=":4740117950_1_0" index="0" disallow="tram rail_urban rail rail_electric rail_fast ship" speed="16.67" length="8.57" shape="219.67,110.06 222.21,101.87"/>
        <lane id=":4740117950_1_1" index="1" disallow="tram rail_urban rail rail_electric rail_fast ship" speed="16.67" length="8.57" shape="216.61,109.11 219.14,100.94"/>
    </edge>
    <edge id=":5159733416_0" function="internal">
        <lane id=":5159733416_0_0" index="0" disallow="tram rail_urban rail rail_electric rail_fast ship" speed="11.08" length="6.00" shape="194.37,186.39 195.13,184.82 195.91,183.89 196.92,183.14 198.38,182.12"/>
    </edge>
    <edge id=":5159733416_1" function="internal">
        <lane id=":5159733416_1_0" index="0" disallow="tram rail_urban rail rail_electric rail_fast ship" speed="13.89" length="6.56" shape="191.41,185.18 192.34,183.50 193.30,182.52 194.25,181.54 195.17,179.85"/>
        <lane id=":5159733416_1_1" index="1" disallow="tram rail_urban rail rail_electric rail_fast ship" speed="13.89" length="6.56" shape="188.44,183.98 189.37,182.31 190.33,181.33 191.27,180.35 192.19,178.67"/>
        <lane id=":5159733416_1_2" index="2" disallow="tram rail_urban rail rail_electric rail_fast ship" speed="13.89" length="6.56" shape="185.48,182.78 186.41,181.11 187.36,180.14 188.30,179.17 189.22,177.49"/>
    </edge>
    <edge id=":cluster_244325526_244325811_5159733415_5159733529_0" function="internal">
        <lane id=":cluster_244325526_244325811_5159733415_5159733529_0_0" index="0" disallow="tram rail_urban rail rail_electric rail_fast ship" speed="15.28" length="36.06" shape="197.43,127.40 184.90,161.10"/>
        <lane id=":cluster_244325526_244325811_5159733415_5159733529_0_1" index="1" disallow="tram rail_urban rail rail_electric rail_fast ship" speed="15.28" length="36.06" shape="200.49,128.35 187.89,162.24"/>
    </edge>
    <edge id=":cluster_244325526_244325811_5159733415_5159733529_2" function="internal">
        <lane id=":cluster_244325526_244325811_5159733415_5159733529_2_0" index="0" disallow="tram rail_urban rail rail_electric rail_fast ship" speed="11.60" length="18.29" shape="200.49,128.35 199.88,136.06 202.01,145.00 202.66,146.20"/>
    </edge>
    <edge id=":cluster_244325526_244325811_5159733415_5159733529_3" function="internal">
        <lane id=":cluster_244325526_244325811_5159733415_5159733529_3_0" index="0" disallow="tram rail_urban rail rail_electric rail_fast ship" speed="5.64" length="10.74" shape="200.49,128.35 201.73,132.55 203.70,134.43 206.38,133.98 207.09,133.40"/>
    </edge>
    <edge id=":cluster_244325526_244325811_5159733415_5159733529_16" function="internal">
        <lane id=":cluster_244325526_244325811_5159733415_5159733529_16_0" index="0" disallow="tram rail_urban rail rail_electric rail_fast ship" speed="11.60" length="14.67" shape="202.66,146.20 206.27,152.77 212.09,156.97"/>
    </edge>
    <edge id=":cluster_244325526_244325811_5159733415_5159733529_17" function="internal">
        <lane id=":cluster_244325526_244325811_5159733415_5159733529_17_0" index="0" disallow="tram rail_urban rail rail_electric rail_fast ship" speed="5.64" length="3.46" shape="207.09,133.40 209.78,131.22"/>
    </edge>
    <edge id=":cluster_244325526_244325811_5159733415_5159733529_4" function="internal">
        <lane id=":cluster_244325526_244325811_5159733415_5159733529_4_0" index="0" disallow="tram rail_urban rail rail_electric rail_fast ship" speed="19.44" length="30.37" shape="216.67,138.95 187.34,131.15"/>
        <lane id=":cluster_244325526_244325811_5159733415_5159733529_4_1" index="1" disallow="tram rail_urban rail rail_electric rail_fast ship" speed="19.44" length="30.37" shape="215.88,142.06 186.53,134.24"/>
    </edge>
    <edge id=":cluster_244325526_244325811_5159733415_5159733529_6" function="internal">
        <lane id=":cluster_244325526_244325811_5159733415_5159733529_6_0" index="0" disallow="tram rail_urban rail rail_electric rail_fast ship" speed="13.07" length="35.81" shape="215.88,142.06 208.93,143.30 200.38,148.38 192.59,155.34 187.89,162.24"/>
    </edge>
    <edge id=":cluster_244325526_244325811_5159733415_5159733529_7" function="internal">
        <lane id=":cluster_244325526_244325811_5159733415_5159733529_7_0" index="0" disallow="tram rail_urban rail rail_electric rail_fast ship" speed="6.89" length="22.48" shape="215.88,142.06 209.34,144.36 206.53,147.62 207.44,151.82 212.09,156.97"/>
    </edge>
    <edge id=":cluster_244325526_244325811_5159733415_5159733529_8" function="internal">
        <lane id=":cluster_244325526_244325811_5159733415_5159733529_8_0" index="0" disallow="tram rail_urban rail rail_electric rail_fast ship" speed="15.28" length="36.90" shape="200.26,166.96 212.83,132.16"/>
        <lane id=":cluster_244325526_244325811_5159733415_5159733529_8_1" index="1" disallow="tram rail_urban rail rail_electric rail_fast ship" speed="15.28" length="36.90" shape="197.27,165.82 209.78,131.22"/>
    </edge>
    <edge id=":cluster_244325526_244325811_5159733415_5159733529_10" function="internal">
        <lane id=":cluster_244325526_244325811_5159733415_5159733529_10_0" index="0" disallow="tram rail_urban rail rail_electric rail_fast ship" speed="11.50" length="16.20" shape="194.28,164.68 195.52,156.72 194.66,148.63"/>
    </edge>
    <edge id=":cluster_244325526_244325811_5159733415_5159733529_11" function="internal">
        <lane id=":cluster_244325526_244325811_5159733415_5159733529_11_0" index="0" disallow="tram rail_urban rail rail_electric rail_fast ship" speed="4.86" length="6.61" shape="194.28,164.68 193.60,161.67 192.31,160.27 190.70,160.43"/>
    </edge>
    <edge id=":cluster_244325526_244325811_5159733415_5159733529_18" function="internal">
        <lane id=":cluster_244325526_244325811_5159733415_5159733529_18_0" index="0" disallow="tram rail_urban rail rail_electric rail_fast ship" speed="11.50" length="17.10" shape="194.66,148.63 194.49,147.11 191.42,138.67 186.53,134.24"/>
    </edge>
    <edge id=":cluster_244325526_244325811_5159733415_5159733529_19" function="internal">
        <lane id=":cluster_244325526_244325811_5159733415_5159733529_19_0" index="0" disallow="tram rail_urban rail rail_electric rail_fast ship" speed="4.86" length="3.38" shape="190.70,160.43 190.40,160.46 187.89,162.24"/>
    </edge>
    <edge id=":cluster_244325526_244325811_5159733415_5159733529_12" function="internal">
        <lane id=":cluster_244325526_244325811_5159733415_5159733529_12_0" index="0" disallow="tram rail_urban rail rail_electric rail_fast ship" speed="19.44" length="30.50" shape="181.32,154.41 211.30,160.07"/>
        <lane id=":cluster_244325526_244325811_5159733415_5159733529_12_1" index="1" disallow="tram rail_urban rail rail_electric rail_fast ship" speed="19.44" length="30.50" shape="182.12,151.31 212.09,156.97"/>
    </edge>
    <edge id=":cluster_244325526_244325811_5159733415_5159733529_14" function="internal">
        <lane id=":cluster_244325526_244325811_5159733415_5159733529_14_0" index="0" disallow="tram rail_urban rail rail_electric rail_fast ship" speed="12.47" length="33.46" shape="182.92,148.21 190.34,147.51 198.56,143.58 205.67,137.71 209.78,131.22"/>
    </edge>
    <edge id=":cluster_244325526_244325811_5159733415_5159733529_15" function="internal">
        <lane id=":cluster_244325526_244325811_5159733415_5159733529_15_0" index="0" disallow="tram rail_urban rail rail_electric rail_fast ship" speed="6.73" length="21.07" shape="182.92,148.21 189.06,146.07 191.71,143.03 190.87,139.09 186.53,134.24"/>
    </edge>

    <edge id="465787663" from="5159733416" to="4607076204" priority="7" type="highway.primary_link" spreadType="center" shape="186.89,192.07 195.15,184.55 207.13,175.53 212.63,173.52 218.12,171.49 247.17,167.54">
        <lane id="465787663_0" index="0" disallow="tram rail_urban rail rail_electric rail_fast ship" speed="13.89" length="35.48" shape="198.38,182.12 207.13,175.53 212.63,173.52 218.12,171.49 230.82,169.76">
            <param key="origId" value="465787663"/>
        </lane>
    </edge>
    <edge id="465787664" from="4607076212" to="4607076208" priority="7" type="highway.primary_link" spreadType="center" shape="137.47,141.83 158.28,158.92 162.45,165.75 167.81,174.54 169.87,188.51 168.39,208.94">
        <lane id="465787664_0" index="0" disallow="tram rail_urban rail rail_electric rail_fast ship" speed="13.89" length="44.36" shape="151.01,152.95 158.28,158.92 162.45,165.75 167.81,174.54 169.87,188.51 169.69,191.03">
            <param key="origId" value="465787664"/>
        </lane>
    </edge>
    <edge id="465787666" from="4607076232" to="4607076228" priority="7" type="highway.primary_link" spreadType="center" shape="205.63,108.50 198.17,116.42 192.02,120.13 189.15,121.86 175.72,123.64 156.28,124.73">
        <lane id="465787666_0" index="0" disallow="tram rail_urban rail rail_electric rail_fast ship" speed="13.89" length="22.21" shape="196.57,117.38 192.02,120.13 189.15,121.86 175.72,123.64">
            <param key="origId" value="465787666"/>
        </lane>
    </edge>
    <edge id="465787667" from="4607076238" to="4740117950" priority="7" type="highway.primary_link" spreadType="center" shape="274.07,154.59 235.05,131.77 230.39,125.53 227.64,121.84 224.07,111.47 220.77,101.09">
        <lane id="465787667_0" index="0" disallow="tram rail_urban rail rail_electric rail_fast ship" speed="13.89" length="52.01" shape="258.49,145.48 235.05,131.77 230.39,125.53 227.64,121.84 224.07,111.47 223.62,110.05">
            <param key="origId" value="465787667"/>
        </lane>
    </edge>
    <edge id="481070313#0" from="cluster_244325526_244325811_5159733415_5159733529" to="4740117950" name="Woodlands Avenue 4" priority="11" type="highway.secondary" spreadType="center" shape="209.12,138.76 211.13,132.26 215.42,118.36 220.77,101.09">
        <lane id="481070313#0_0" index="0" disallow="tram rail_urban rail rail_electric rail_fast ship" speed="16.67" length="23.13" shape="212.83,132.16 216.95,118.83 219.67,110.06">
            <param key="origId" value="481070313"/>
        </lane>
        <lane id="481070313#0_1" index="1" disallow="tram rail_urban rail rail_electric rail_fast ship" speed="16.67" length="23.13" shape="209.78,131.22 213.89,117.89 216.61,109.11">
            <param key="origId" value="481070313"/>
        </lane>
        <param key="origFrom" value="5159733529"/>
    </edge>
    <edge id="481117342" from="4740622268" to="4607076232" name="Woodlands Avenue 4" priority="11" type="highway.secondary" spreadType="center">
        <lane id="481117342_0" index="0" disallow="tram rail_urban rail rail_electric rail_fast ship" speed="16.67" length="58.70" shape="220.94,57.63 200.67,112.73">
            <param key="origId" value="481117342"/>
        </lane>
        <lane id="481117342_1" index="1" disallow="tram rail_urban rail rail_electric rail_fast ship" speed="16.67" length="58.70" shape="223.94,58.74 203.67,113.83">
            <param key="origId" value="481117342"/>
        </lane>
        <lane id="481117342_2" index="2" disallow="tram rail_urban rail rail_electric rail_fast ship" speed="16.67" length="58.70" shape="226.94,59.85 206.67,114.94">
            <param key="origId" value="481117342"/>
        </lane>
    </edge>
    <edge id="537349462" from="4607076228" to="244325684" name="Admiralty Road West" priority="12" type="highway.primary" spreadType="center" shape="156.28,124.73 141.38,121.09 0.00,87.05">
        <lane id="537349462_0" index="0" disallow="tram rail_urban rail rail_electric rail_fast ship" speed="19.44" length="161.77" shape="157.65,123.42 141.76,119.54 0.37,85.49">
            <param key="origId" value="537349462"/>
        </lane>
        <lane id="537349462_1" index="1" disallow="tram rail_urban rail rail_electric rail_fast ship" speed="19.44" length="161.77" shape="156.89,126.53 141.00,122.64 -0.37,88.61">
            <param key="origId" value="537349462"/>
        </lane>
    </edge>
    <edge id="537349471" from="4607076204" to="6141599981" name="Admiralty Road West" priority="12" type="highway.primary" spreadType="center" shape="247.17,167.54 374.36,199.28 452.57,223.54 530.48,254.63 606.60,294.61 676.24,332.99 755.61,382.60 766.72,389.66 837.86,435.76">
        <lane id="537349471_0" index="0" disallow="tram rail_urban rail rail_electric rail_fast ship" speed="19.44" length="653.59" shape="247.07,169.16 373.93,200.82 452.04,225.05 529.81,256.09 605.84,296.02 675.43,334.37 754.76,383.96 765.86,391.01 836.99,437.10">
            <param key="origId" value="537349471"/>
        </lane>
        <lane id="537349471_1" index="1" disallow="tram rail_urban rail rail_electric rail_fast ship" speed="19.44" length="653.59" shape="247.85,166.06 374.79,197.74 453.10,222.03 531.15,253.17 607.36,293.20 677.05,331.61 756.46,381.24 767.58,388.31 838.73,434.42">
            <param key="origId" value="537349471"/>
        </lane>
    </edge>
    <edge id="635643758" from="4740117950" to="6575184308" name="Woodlands Avenue 4" priority="11" type="highway.secondary" spreadType="center" shape="220.77,101.09 229.49,72.42 257.23,0.00">
        <lane id="635643758_0" index="0" disallow="tram rail_urban rail rail_electric rail_fast ship" speed="16.67" length="107.84" shape="222.21,101.87 231.00,72.94 258.72,0.57">
            <param key="origId" value="635643758"/>
        </lane>
        <lane id="635643758_1" index="1" disallow="tram rail_urban rail rail_electric rail_fast ship" speed="16.67" length="107.84" shape="219.14,100.94 227.98,71.90 255.74,-0.57">
            <param key="origId" value="635643758"/>
        </lane>
    </edge>
    <edge id="635643761" from="4607076238" to="cluster_244325526_244325811_5159733415_5159733529" name="Admiralty Road West" priority="12" type="highway.primary" spreadType="center" shape="274.07,154.59 214.33,140.03 209.12,138.76">
        <lane id="635643761_0" index="0" disallow="tram rail_urban rail rail_electric rail_fast ship" speed="19.44" length="41.67" shape="257.14,148.82 216.67,138.95">
            <param key="origId" value="635643761"/>
        </lane>
        <lane id="635643761_1" index="1" disallow="tram rail_urban rail rail_electric rail_fast ship" speed="19.44" length="41.67" shape="256.39,151.93 215.88,142.06">
            <param key="origId" value="635643761"/>
        </lane>
        <param key="origTo" value="5159733529"/>
    </edge>
    <edge id="635646659" from="cluster_244325526_244325811_5159733415_5159733529" to="4607076204" name="Admiralty Road West" priority="12" type="highway.primary" spreadType="center" shape="201.23,155.86 207.32,157.41 247.17,167.54">
        <lane id="635646659_0" index="0" disallow="tram rail_urban rail rail_electric rail_fast ship" speed="19.44" length="20.42" shape="211.30,160.07 231.09,165.10">
            <param key="origId" value="635646659"/>
        </lane>
        <lane id="635646659_1" index="1" disallow="tram rail_urban rail rail_electric rail_fast ship" speed="19.44" length="20.42" shape="212.09,156.97 231.88,162.00">
            <param key="origId" value="635646659"/>
        </lane>
        <param key="origFrom" value="5159733415"/>
    </edge>
    <edge id="635646660" from="5159733416" to="cluster_244325526_244325811_5159733415_5159733529" name="North Coast Avenue" priority="4" type="highway.unclassified" spreadType="center" shape="186.89,192.07 198.11,163.71 201.23,155.86">
        <lane id="635646660_0" index="0" disallow="tram rail_urban rail rail_electric rail_fast ship" speed="13.89" length="13.82" shape="195.17,179.85 200.26,166.96">
            <param key="origId" value="635646660"/>
        </lane>
        <lane id="635646660_1" index="1" disallow="tram rail_urban rail rail_electric rail_fast ship" speed="13.89" length="13.82" shape="192.19,178.67 197.27,165.82">
            <param key="origId" value="635646660"/>
        </lane>
        <lane id="635646660_2" index="2" disallow="tram rail_urban rail rail_electric rail_fast ship" speed="13.89" length="13.82" shape="189.22,177.49 194.28,164.68">
            <param key="origId" value="635646660"/>
        </lane>
        <param key="origTo" value="5159733415"/>
    </edge>
    <edge id="635720371" from="cluster_244325526_244325811_5159733415_5159733529" to="4607076208" name="North Coast Avenue" priority="4" type="highway.unclassified" spreadType="center" shape="189.73,152.93 186.77,160.69 168.39,208.94">
        <lane id="635720371_0" index="0" disallow="tram rail_urban rail rail_electric rail_fast ship" speed="13.89" length="32.86" shape="184.90,161.10 173.20,191.81">
            <param key="origId" value="635720371"/>
        </lane>
        <lane id="635720371_1" index="1" disallow="tram rail_urban rail rail_electric rail_fast ship" speed="13.89" length="32.86" shape="187.89,162.24 176.19,192.95">
            <param key="origId" value="635720371"/>
        </lane>
        <param key="origFrom" value="244325526"/>
    </edge>
    <edge id="635720372" from="4607076212" to="cluster_244325526_244325811_5159733415_5159733529" name="Admiralty Road West" priority="12" type="highway.primary" spreadType="center" shape="137.47,141.83 184.04,151.72 189.73,152.93">
        <lane id="635720372_0" index="0" disallow="tram rail_urban rail rail_electric rail_fast ship" speed="19.44" length="28.91" shape="153.17,148.44 181.32,154.41">
            <param key="origId" value="635720372"/>
        </lane>
        <lane id="635720372_1" index="1" disallow="tram rail_urban rail rail_electric rail_fast ship" speed="19.44" length="28.91" shape="153.84,145.31 182.12,151.31">
            <param key="origId" value="635720372"/>
        </lane>
        <lane id="635720372_2" index="2" disallow="tram rail_urban rail rail_electric rail_fast ship" speed="19.44" length="28.91" shape="154.50,142.18 182.92,148.21">
            <param key="origId" value="635720372"/>
        </lane>
        <param key="origTo" value="244325526"/>
    </edge>
    <edge id="635722891" from="cluster_244325526_244325811_5159733415_5159733529" to="4607076228" name="Admiralty Road West" priority="12" type="highway.primary" spreadType="center" shape="196.44,135.16 191.42,133.86 156.28,124.73">
        <lane id="635722891_0" index="0" disallow="tram rail_urban rail rail_electric rail_fast ship" speed="19.44" length="12.45" shape="187.34,131.15 175.29,128.02">
            <param key="origId" value="635722891"/>
        </lane>
        <lane id="635722891_1" index="1" disallow="tram rail_urban rail rail_electric rail_fast ship" speed="19.44" length="12.45" shape="186.53,134.24 174.48,131.11">
            <param key="origId" value="635722891"/>
        </lane>
        <param key="origFrom" value="244325811"/>
    </edge>
    <edge id="635722892#0" from="4607076232" to="cluster_244325526_244325811_5159733415_5159733529" name="Woodlands Avenue 4" priority="11" type="highway.secondary" spreadType="center" shape="205.63,108.50 198.54,129.08 196.44,135.16">
        <lane id="635722892#0_0" index="0" disallow="tram rail_urban rail rail_electric rail_fast ship" speed="16.67" length="8.10" shape="200.08,119.69 197.43,127.40">
            <param key="origId" value="635722892"/>
        </lane>
        <lane id="635722892#0_1" index="1" disallow="tram rail_urban rail rail_electric rail_fast ship" speed="16.67" length="8.10" shape="203.11,120.73 200.49,128.35">
            <param key="origId" value="635722892"/>
        </lane>
        <param key="origTo" value="244325811"/>
    </edge>
    <edge id="641071493" from="5214670126" to="4607076212" name="Admiralty Road West" priority="12" type="highway.primary" spreadType="center" shape="61.44,125.14 124.23,138.93 137.47,141.83">
        <lane id="641071493_0" index="0" disallow="tram rail_urban rail rail_electric rail_fast ship" speed="19.44" length="79.73" shape="60.75,128.27 123.54,142.06 138.63,145.36">
            <param key="origId" value="641071493"/>
        </lane>
        <lane id="641071493_1" index="1" disallow="tram rail_urban rail rail_electric rail_fast ship" speed="19.44" length="79.73" shape="61.44,125.14 124.23,138.93 139.31,142.23">
            <param key="origId" value="641071493"/>
        </lane>
        <lane id="641071493_2" index="2" disallow="tram rail_urban rail rail_electric rail_fast ship" speed="19.44" length="79.73" shape="62.13,122.01 124.92,135.80 140.00,139.11">
            <param key="origId" value="641071493"/>
        </lane>
    </edge>
    <edge id="713724415" from="6710436149" to="5159733416" name="North Coast Avenue" priority="4" type="highway.unclassified" spreadType="center">
        <lane id="713724415_0" index="0" disallow="tram rail_urban rail rail_electric rail_fast ship" speed="13.89" length="86.62" shape="161.84,266.66 194.37,186.39">
            <param key="origId" value="713724415"/>
        </lane>
        <lane id="713724415_1" index="1" disallow="tram rail_urban rail rail_electric rail_fast ship" speed="13.89" length="86.62" shape="158.87,265.46 191.41,185.18">
            <param key="origId" value="713724415"/>
        </lane>
        <lane id="713724415_2" index="2" disallow="tram rail_urban rail rail_electric rail_fast ship" speed="13.89" length="86.62" shape="155.91,264.26 188.44,183.98">
            <param key="origId" value="713724415"/>
        </lane>
        <lane id="713724415_3" index="3" disallow="tram rail_urban rail rail_electric rail_fast ship" speed="13.89" length="86.62" shape="152.94,263.06 185.48,182.78">
            <param key="origId" value="713724415"/>
        </lane>
    </edge>

    <tlLogic id="cluster_244325526_244325811_5159733415_5159733529" type="actuated" programID="0" offset="0">
        <phase duration="29" state="rrrrGGrrrrrrGGrr" minDur="8" maxDur="50"/>
        <phase duration="5"  state="rrrryyrrrrrryyrr"/>
        <phase duration="6"  state="rrrrrrGGrrrrrrGG" minDur="8" maxDur="50"/>
        <phase duration="5"  state="rrrrrryyrrrrrryy"/>
        <phase duration="29" state="GGggrrrrGGggrrrr" minDur="7" maxDur="50"/>
        <phase duration="5"  state="yyggrrrryyggrrrr"/>
        <phase duration="6"  state="rrGGrrrrrrGGrrrr" minDur="7" maxDur="50"/>
        <phase duration="5"  state="rryyrrrrrryyrrrr"/>
    </tlLogic>

    <junction id="244325684" type="dead_end" x="0.00" y="87.05" incLanes="537349462_0 537349462_1" intLanes="" shape="0.75,83.94 -0.75,90.16"/>
    <junction id="4607076204" type="priority" x="247.17" y="167.54" incLanes="465787663_0 635646659_0 635646659_1" intLanes=":4607076204_0_0 :4607076204_1_0 :4607076204_1_1" shape="248.23,164.51 246.68,170.72 243.43,170.03 240.98,169.80 238.92,169.93 236.85,170.29 234.36,170.80 231.04,171.35 230.61,168.18 230.69,166.65 232.27,160.45">
        <request index="0" response="110" foes="110" cont="0"/>
        <request index="1" response="000" foes="001" cont="0"/>
        <request index="2" response="000" foes="001" cont="0"/>
    </junction>
    <junction id="4607076208" type="dead_end" x="168.39" y="208.94" incLanes="465787664_0 635720371_0 635720371_1" intLanes="" shape="168.09,190.91 171.28,191.14 171.71,191.24 177.69,193.52 174.07,202.26 171.25,207.33 169.25,208.73 168.05,206.46 167.67,200.52"/>
    <junction id="4607076212" type="priority" x="137.47" y="141.83" incLanes="641071493_0 641071493_1 641071493_2" intLanes=":4607076212_0_0 :4607076212_1_0 :4607076212_1_1 :4607076212_1_2" shape="154.84,140.61 152.84,150.00 152.02,151.71 149.99,154.18 147.74,152.23 146.08,150.68 144.66,149.47 143.13,148.49 141.12,147.67 138.28,146.92 140.34,137.54">
        <request index="0" response="0000" foes="0000" cont="0"/>
        <request index="1" response="0000" foes="0000" cont="0"/>
        <request index="2" response="0000" foes="0000" cont="0"/>
        <request index="3" response="0000" foes="0000" cont="0"/>
    </junction>
    <junction id="4607076228" type="priority" x="156.28" y="124.73" incLanes="465787666_0 635722891_0 635722891_1" intLanes=":4607076228_0_0 :4607076228_1_0 :4607076228_1_1" shape="175.63,122.04 175.81,125.24 175.69,126.47 174.08,132.66 156.51,128.08 158.03,121.86 161.68,122.68 164.43,123.09 166.73,123.17 169.05,122.97">
        <request index="0" response="110" foes="110" cont="0"/>
        <request index="1" response="000" foes="001" cont="0"/>
        <request index="2" response="000" foes="001" cont="0"/>
    </junction>
    <junction id="4607076232" type="priority" x="205.63" y="108.50" incLanes="481117342_0 481117342_1 481117342_2" intLanes=":4607076232_0_0 :4607076232_1_0 :4607076232_1_1" shape="199.16,112.17 208.17,115.49 206.98,117.69 206.37,118.36 205.77,119.04 205.19,119.94 204.62,121.26 198.57,119.17 198.70,118.47 198.61,118.30 198.43,118.26 198.15,118.33 197.77,118.53 195.37,116.24 197.20,115.13 197.80,114.65 198.28,114.07 198.71,113.28">
        <request index="0" response="000" foes="000" cont="0"/>
        <request index="1" response="000" foes="000" cont="0"/>
        <request index="2" response="000" foes="000" cont="0"/>
    </junction>
    <junction id="4607076238" type="dead_end" x="274.07" y="154.59" incLanes="" intLanes="" shape="256.01,153.48 257.52,147.26 257.69,146.86 259.30,144.10 267.50,149.21 272.21,152.90 273.41,155.18 271.11,156.03 265.31,155.47"/>
    <junction id="4740117950" type="priority" x="220.77" y="101.09" incLanes="465787667_0 481070313#0_0 481070313#0_1" intLanes=":4740117950_0_0 :4740117950_1_0 :4740117950_1_1" shape="217.61,100.47 223.74,102.33 223.38,104.99 223.62,105.95 224.04,106.91 224.58,108.05 225.14,109.56 222.09,110.53 221.79,109.90 221.64,109.82 221.49,109.90 221.34,110.14 221.19,110.53 215.08,108.64">
        <request index="0" response="110" foes="110" cont="0"/>
        <request index="1" response="000" foes="001" cont="0"/>
        <request index="2" response="000" foes="001" cont="0"/>
    </junction>
    <junction id="4740622268" type="dead_end" x="223.94" y="58.74" incLanes="" intLanes="" shape="228.44,60.40 219.44,57.08"/>
    <junction id="5159733416" type="priority" x="186.89" y="192.07" incLanes="713724415_0 713724415_1 713724415_2 713724415_3" intLanes=":5159733416_0_0 :5159733416_1_0 :5159733416_1_1 :5159733416_1_2" shape="187.73,176.90 196.66,180.43 197.30,180.93 199.46,183.30 197.83,184.42 197.25,184.83 196.76,185.32 196.32,185.99 195.86,186.99 183.99,182.18 185.24,180.15 185.87,179.55 186.50,178.94 187.12,178.13">
        <request index="0" response="0000" foes="0000" cont="0"/>
        <request index="1" response="0000" foes="0000" cont="0"/>
        <request index="2" response="0000" foes="0000" cont="0"/>
        <request index="3" response="0000" foes="0000" cont="0"/>
    </junction>
    <junction id="5214670126" type="dead_end" x="61.44" y="125.14" incLanes="" intLanes="" shape="62.47,120.45 60.41,129.83"/>
    <junction id="6141599981" type="dead_end" x="837.86" y="435.76" incLanes="537349471_0 537349471_1" intLanes="" shape="836.12,438.45 839.60,433.07"/>
    <junction id="6575184308" type="dead_end" x="257.23" y="0.00" incLanes="635643758_0 635643758_1" intLanes="" shape="260.22,1.14 254.24,-1.14"/>
    <junction id="6710436149" type="dead_end" x="157.39" y="264.86" incLanes="" intLanes="" shape="151.46,262.46 163.32,267.26"/>
    <junction id="cluster_244325526_244325811_5159733415_5159733529" type="traffic_light" x="199.13" y="145.68" incLanes="635722892#0_0 635722892#0_1 635643761_0 635643761_1 635646660_0 635646660_1 635646660_2 635720372_0 635720372_1 635720372_2" intLanes=":cluster_244325526_244325811_5159733415_5159733529_0_0 :cluster_244325526_244325811_5159733415_5159733529_0_1 :cluster_244325526_244325811_5159733415_5159733529_16_0 :cluster_244325526_244325811_5159733415_5159733529_17_0 :cluster_244325526_244325811_5159733415_5159733529_4_0 :cluster_244325526_244325811_5159733415_5159733529_4_1 :cluster_244325526_244325811_5159733415_5159733529_6_0 :cluster_244325526_244325811_5159733415_5159733529_7_0 :cluster_244325526_244325811_5159733415_5159733529_8_0 :cluster_244325526_244325811_5159733415_5159733529_8_1 :cluster_244325526_244325811_5159733415_5159733529_18_0 :cluster_244325526_244325811_5159733415_5159733529_19_0 :cluster_244325526_244325811_5159733415_5159733529_12_0 :cluster_244325526_244325811_5159733415_5159733529_12_1 :cluster_244325526_244325811_5159733415_5159733529_14_0 :cluster_244325526_244325811_5159733415_5159733529_15_0" shape="195.90,126.93 214.36,132.63 214.14,134.86 214.45,135.74 215.04,136.45 215.91,137.01 217.07,137.40 210.90,161.62 207.14,161.58 205.53,162.31 204.09,163.55 202.84,165.29 201.76,167.53 183.41,160.53 183.76,158.36 183.50,157.52 182.93,156.84 182.07,156.32 180.92,155.96 187.74,129.60 189.81,130.00 191.60,130.07 193.10,129.79 194.32,129.18 195.25,128.22">
        <request index="0"  response="0111000001110000" foes="0111110001110000" cont="0"/>
        <request index="1"  response="0111000001110000" foes="0111110001110000" cont="0"/>
        <request index="2"  response="0111001101110000" foes="0111001111110000" cont="1"/>
        <request index="3"  response="0100001100000000" foes="0100001100000000" cont="1"/>
        <request index="4"  response="0000010000000100" foes="1100011100000111" cont="0"/>
        <request index="5"  response="0000010000000100" foes="1100011100000111" cont="0"/>
        <request index="6"  response="0011010000000100" foes="0011111100000111" cont="0"/>
        <request index="7"  response="0011000000000100" foes="0011000000000100" cont="0"/>
        <request index="8"  response="0111000001110000" foes="0111000001111100" cont="0"/>
        <request index="9"  response="0111000001110000" foes="0111000001111100" cont="0"/>
        <request index="10" response="0111000001110011" foes="1111000001110011" cont="1"/>
        <request index="11" response="0000000001000011" foes="0000000001000011" cont="1"/>
        <request index="12" response="0000010000000100" foes="0000011111000111" cont="0"/>
        <request index="13" response="0000010000000100" foes="0000011111000111" cont="0"/>
        <request index="14" response="0000010000110100" foes="0000011100111111" cont="0"/>
        <request index="15" response="0000010000110000" foes="0000010000110000" cont="0"/>
        <param key="origEdgeIds" value="537349463 537349464 537349466 537349467"/>
        <param key="origId" value="244325526 244325811 5159733415 5159733529"/>
    </junction>

    <junction id=":cluster_244325526_244325811_5159733415_5159733529_16_0" type="internal" x="202.66" y="146.20" incLanes=":cluster_244325526_244325811_5159733415_5159733529_2_0 635646660_0 635646660_1" intLanes=":cluster_244325526_244325811_5159733415_5159733529_4_0 :cluster_244325526_244325811_5159733415_5159733529_4_1 :cluster_244325526_244325811_5159733415_5159733529_6_0 :cluster_244325526_244325811_5159733415_5159733529_7_0 :cluster_244325526_244325811_5159733415_5159733529_8_0 :cluster_244325526_244325811_5159733415_5159733529_8_1 :cluster_244325526_244325811_5159733415_5159733529_12_0 :cluster_244325526_244325811_5159733415_5159733529_12_1 :cluster_244325526_244325811_5159733415_5159733529_14_0"/>
    <junction id=":cluster_244325526_244325811_5159733415_5159733529_17_0" type="internal" x="207.09" y="133.40" incLanes=":cluster_244325526_244325811_5159733415_5159733529_3_0 635646660_0 635646660_1 635720372_2" intLanes=":cluster_244325526_244325811_5159733415_5159733529_8_0 :cluster_244325526_244325811_5159733415_5159733529_8_1 :cluster_244325526_244325811_5159733415_5159733529_14_0"/>
    <junction id=":cluster_244325526_244325811_5159733415_5159733529_18_0" type="internal" x="194.66" y="148.63" incLanes=":cluster_244325526_244325811_5159733415_5159733529_10_0 635722892#0_0 635722892#0_1" intLanes=":cluster_244325526_244325811_5159733415_5159733529_0_0 :cluster_244325526_244325811_5159733415_5159733529_0_1 :cluster_244325526_244325811_5159733415_5159733529_4_0 :cluster_244325526_244325811_5159733415_5159733529_4_1 :cluster_244325526_244325811_5159733415_5159733529_6_0 :cluster_244325526_244325811_5159733415_5159733529_12_0 :cluster_244325526_244325811_5159733415_5159733529_12_1 :cluster_244325526_244325811_5159733415_5159733529_14_0 :cluster_244325526_244325811_5159733415_5159733529_15_0"/>
    <junction id=":cluster_244325526_244325811_5159733415_5159733529_19_0" type="internal" x="190.70" y="160.43" incLanes=":cluster_244325526_244325811_5159733415_5159733529_11_0 635643761_1 635722892#0_0 635722892#0_1" intLanes=":cluster_244325526_244325811_5159733415_5159733529_0_0 :cluster_244325526_244325811_5159733415_5159733529_0_1 :cluster_244325526_244325811_5159733415_5159733529_6_0"/>

    <connection from="465787663" to="537349471" fromLane="0" toLane="0" via=":4607076204_0_0" dir="s" state="m"/>
    <connection from="465787666" to="537349462" fromLane="0" toLane="0" via=":4607076228_0_0" dir="s" state="m"/>
    <connection from="465787667" to="635643758" fromLane="0" toLane="0" via=":4740117950_0_0" dir="s" state="m"/>
    <connection from="481070313#0" to="635643758" fromLane="0" toLane="0" via=":4740117950_1_0" dir="s" state="M"/>
    <connection from="481070313#0" to="635643758" fromLane="1" toLane="1" via=":4740117950_1_1" dir="s" state="M"/>
    <connection from="481117342" to="465787666" fromLane="0" toLane="0" via=":4607076232_0_0" dir="L" state="M"/>
    <connection from="481117342" to="635722892#0" fromLane="1" toLane="0" via=":4607076232_1_0" dir="s" state="M"/>
    <connection from="481117342" to="635722892#0" fromLane="2" toLane="1" via=":4607076232_1_1" dir="s" state="M"/>
    <connection from="635643761" to="635722891" fromLane="0" toLane="0" via=":cluster_244325526_244325811_5159733415_5159733529_4_0" tl="cluster_244325526_244325811_5159733415_5159733529" linkIndex="4" dir="s" state="O"/>
    <connection from="635643761" to="635722891" fromLane="1" toLane="1" via=":cluster_244325526_244325811_5159733415_5159733529_4_1" tl="cluster_244325526_244325811_5159733415_5159733529" linkIndex="5" dir="s" state="O"/>
    <connection from="635643761" to="635720371" fromLane="1" toLane="1" via=":cluster_244325526_244325811_5159733415_5159733529_6_0" tl="cluster_244325526_244325811_5159733415_5159733529" linkIndex="6" dir="r" state="o"/>
    <connection from="635643761" to="635646659" fromLane="1" toLane="1" via=":cluster_244325526_244325811_5159733415_5159733529_7_0" tl="cluster_244325526_244325811_5159733415_5159733529" linkIndex="7" dir="T" state="o"/>
    <connection from="635646659" to="537349471" fromLane="0" toLane="0" via=":4607076204_1_0" dir="s" state="M"/>
    <connection from="635646659" to="537349471" fromLane="1" toLane="1" via=":4607076204_1_1" dir="s" state="M"/>
    <connection from="635646660" to="481070313#0" fromLane="0" toLane="0" via=":cluster_244325526_244325811_5159733415_5159733529_8_0" tl="cluster_244325526_244325811_5159733415_5159733529" linkIndex="8" dir="s" state="o"/>
    <connection from="635646660" to="481070313#0" fromLane="1" toLane="1" via=":cluster_244325526_244325811_5159733415_5159733529_8_1" tl="cluster_244325526_244325811_5159733415_5159733529" linkIndex="9" dir="s" state="o"/>
    <connection from="635646660" to="635722891" fromLane="2" toLane="1" via=":cluster_244325526_244325811_5159733415_5159733529_10_0" tl="cluster_244325526_244325811_5159733415_5159733529" linkIndex="10" dir="r" state="o"/>
    <connection from="635646660" to="635720371" fromLane="2" toLane="1" via=":cluster_244325526_244325811_5159733415_5159733529_11_0" tl="cluster_244325526_244325811_5159733415_5159733529" linkIndex="11" dir="T" state="o"/>
    <connection from="635720372" to="635646659" fromLane="0" toLane="0" via=":cluster_244325526_244325811_5159733415_5159733529_12_0" tl="cluster_244325526_244325811_5159733415_5159733529" linkIndex="12" dir="s" state="O"/>
    <connection from="635720372" to="635646659" fromLane="1" toLane="1" via=":cluster_244325526_244325811_5159733415_5159733529_12_1" tl="cluster_244325526_244325811_5159733415_5159733529" linkIndex="13" dir="s" state="O"/>
    <connection from="635720372" to="481070313#0" fromLane="2" toLane="1" via=":cluster_244325526_244325811_5159733415_5159733529_14_0" tl="cluster_244325526_244325811_5159733415_5159733529" linkIndex="14" dir="r" state="o"/>
    <connection from="635720372" to="635722891" fromLane="2" toLane="1" via=":cluster_244325526_244325811_5159733415_5159733529_15_0" tl="cluster_244325526_244325811_5159733415_5159733529" linkIndex="15" dir="T" state="o"/>
    <connection from="635722891" to="537349462" fromLane="0" toLane="0" via=":4607076228_1_0" dir="s" state="M"/>
    <connection from="635722891" to="537349462" fromLane="1" toLane="1" via=":4607076228_1_1" dir="s" state="M"/>
    <connection from="635722892#0" to="635720371" fromLane="0" toLane="0" via=":cluster_244325526_244325811_5159733415_5159733529_0_0" tl="cluster_244325526_244325811_5159733415_5159733529" linkIndex="0" dir="s" state="o"/>
    <connection from="635722892#0" to="635720371" fromLane="1" toLane="1" via=":cluster_244325526_244325811_5159733415_5159733529_0_1" tl="cluster_244325526_244325811_5159733415_5159733529" linkIndex="1" dir="s" state="o"/>
    <connection from="635722892#0" to="635646659" fromLane="1" toLane="1" via=":cluster_244325526_244325811_5159733415_5159733529_2_0" tl="cluster_244325526_244325811_5159733415_5159733529" linkIndex="2" dir="r" state="o"/>
    <connection from="635722892#0" to="481070313#0" fromLane="1" toLane="1" via=":cluster_244325526_244325811_5159733415_5159733529_3_0" tl="cluster_244325526_244325811_5159733415_5159733529" linkIndex="3" dir="T" state="o"/>
    <connection from="641071493" to="465787664" fromLane="0" toLane="0" via=":4607076212_0_0" dir="L" state="M"/>
    <connection from="641071493" to="635720372" fromLane="0" toLane="0" via=":4607076212_1_0" dir="s" state="M"/>
    <connection from="641071493" to="635720372" fromLane="1" toLane="1" via=":4607076212_1_1" dir="s" state="M"/>
    <connection from="641071493" to="635720372" fromLane="2" toLane="2" via=":4607076212_1_2" dir="s" state="M"/>
    <connection from="713724415" to="465787663" fromLane="0" toLane="0" via=":5159733416_0_0" dir="L" state="M"/>
    <connection from="713724415" to="635646660" fromLane="1" toLane="0" via=":5159733416_1_0" dir="s" state="M"/>
    <connection from="713724415" to="635646660" fromLane="2" toLane="1" via=":5159733416_1_1" dir="s" state="M"/>
    <connection from="713724415" to="635646660" fromLane="3" toLane="2" via=":5159733416_1_2" dir="s" state="M"/>

    <connection from=":4607076204_0" to="537349471" fromLane="0" toLane="0" dir="s" state="M"/>
    <connection from=":4607076204_1" to="537349471" fromLane="0" toLane="0" dir="s" state="M"/>
    <connection from=":4607076204_1" to="537349471" fromLane="1" toLane="1" dir="s" state="M"/>
    <connection from=":4607076212_0" to="465787664" fromLane="0" toLane="0" dir="L" state="M"/>
    <connection from=":4607076212_1" to="635720372" fromLane="0" toLane="0" dir="s" state="M"/>
    <connection from=":4607076212_1" to="635720372" fromLane="1" toLane="1" dir="s" state="M"/>
    <connection from=":4607076212_1" to="635720372" fromLane="2" toLane="2" dir="s" state="M"/>
    <connection from=":4607076228_0" to="537349462" fromLane="0" toLane="0" dir="s" state="M"/>
    <connection from=":4607076228_1" to="537349462" fromLane="0" toLane="0" dir="s" state="M"/>
    <connection from=":4607076228_1" to="537349462" fromLane="1" toLane="1" dir="s" state="M"/>
    <connection from=":4607076232_0" to="465787666" fromLane="0" toLane="0" dir="L" state="M"/>
    <connection from=":4607076232_1" to="635722892#0" fromLane="0" toLane="0" dir="s" state="M"/>
    <connection from=":4607076232_1" to="635722892#0" fromLane="1" toLane="1" dir="s" state="M"/>
    <connection from=":4740117950_0" to="635643758" fromLane="0" toLane="0" dir="s" state="M"/>
    <connection from=":4740117950_1" to="635643758" fromLane="0" toLane="0" dir="s" state="M"/>
    <connection from=":4740117950_1" to="635643758" fromLane="1" toLane="1" dir="s" state="M"/>
    <connection from=":5159733416_0" to="465787663" fromLane="0" toLane="0" dir="L" state="M"/>
    <connection from=":5159733416_1" to="635646660" fromLane="0" toLane="0" dir="s" state="M"/>
    <connection from=":5159733416_1" to="635646660" fromLane="1" toLane="1" dir="s" state="M"/>
    <connection from=":5159733416_1" to="635646660" fromLane="2" toLane="2" dir="s" state="M"/>
    <connection from=":cluster_244325526_244325811_5159733415_5159733529_0" to="635720371" fromLane="0" toLane="0" dir="s" state="M"/>
    <connection from=":cluster_244325526_244325811_5159733415_5159733529_0" to="635720371" fromLane="1" toLane="1" dir="s" state="M"/>
    <connection from=":cluster_244325526_244325811_5159733415_5159733529_2" to="635646659" fromLane="0" toLane="1" via=":cluster_244325526_244325811_5159733415_5159733529_16_0" dir="r" state="m"/>
    <connection from=":cluster_244325526_244325811_5159733415_5159733529_16" to="635646659" fromLane="0" toLane="1" dir="r" state="M"/>
    <connection from=":cluster_244325526_244325811_5159733415_5159733529_3" to="481070313#0" fromLane="0" toLane="1" via=":cluster_244325526_244325811_5159733415_5159733529_17_0" dir="T" state="m"/>
    <connection from=":cluster_244325526_244325811_5159733415_5159733529_17" to="481070313#0" fromLane="0" toLane="1" dir="T" state="M"/>
    <connection from=":cluster_244325526_244325811_5159733415_5159733529_4" to="635722891" fromLane="0" toLane="0" dir="s" state="M"/>
    <connection from=":cluster_244325526_244325811_5159733415_5159733529_4" to="635722891" fromLane="1" toLane="1" dir="s" state="M"/>
    <connection from=":cluster_244325526_244325811_5159733415_5159733529_6" to="635720371" fromLane="0" toLane="1" dir="r" state="M"/>
    <connection from=":cluster_244325526_244325811_5159733415_5159733529_7" to="635646659" fromLane="0" toLane="1" dir="T" state="M"/>
    <connection from=":cluster_244325526_244325811_5159733415_5159733529_8" to="481070313#0" fromLane="0" toLane="0" dir="s" state="M"/>
    <connection from=":cluster_244325526_244325811_5159733415_5159733529_8" to="481070313#0" fromLane="1" toLane="1" dir="s" state="M"/>
    <connection from=":cluster_244325526_244325811_5159733415_5159733529_10" to="635722891" fromLane="0" toLane="1" via=":cluster_244325526_244325811_5159733415_5159733529_18_0" dir="r" state="m"/>
    <connection from=":cluster_244325526_244325811_5159733415_5159733529_18" to="635722891" fromLane="0" toLane="1" dir="r" state="M"/>
    <connection from=":cluster_244325526_244325811_5159733415_5159733529_11" to="635720371" fromLane="0" toLane="1" via=":cluster_244325526_244325811_5159733415_5159733529_19_0" dir="T" state="m"/>
    <connection from=":cluster_244325526_244325811_5159733415_5159733529_19" to="635720371" fromLane="0" toLane="1" dir="T" state="M"/>
    <connection from=":cluster_244325526_244325811_5159733415_5159733529_12" to="635646659" fromLane="0" toLane="0" dir="s" state="M"/>
    <connection from=":cluster_244325526_244325811_5159733415_5159733529_12" to="635646659" fromLane="1" toLane="1" dir="s" state="M"/>
    <connection from=":cluster_244325526_244325811_5159733415_5159733529_14" to="481070313#0" fromLane="0" toLane="1" dir="r" state="M"/>
    <connection from=":cluster_244325526_244325811_5159733415_5159733529_15" to="635722891" fromLane="0" toLane="1" dir="T" state="M"/>

</net>
